Workbook

Sheet ACTUAL PLAYOFFS
A1: =IFERROR(__xludf.DUMMYFUNCTION("IMPORTRANGE(""https://docs.google.com/spreadsheets/d/1F6iikF3GEJXf_9wiDRCWbYz6xR6PARMk7zGTrILsbIE/edit?gid=1462027705#gid=1462027705"",""Playoffs!a1:x56"")"),"#REF!") -> #REF!

Sheet Week 1
A1: Date & Time (EST) | B1: Week 1 Matchup | C1: Actual | G1: Jon | L1: Alisha | Q1: Carson | V1: Nok | AA1: Mango | AF1: Caleb | AK1: Ross | AP1: Dishman | AU1: Ethan | AZ1: Brett | BE1: Wells | BJ1: Rob
A2: Wed 9/9 @ 7:20pm | B2: NE @ SEA | C2: =IFERROR(__xludf.DUMMYFUNCTION("IMPORTRANGE(""https://docs.google.com/spreadsheets/d/1v9a6MxzpyXdVbef97sptWrOJUpuAu6ldKC6wbegqpyg/edit?gid=0#gid=0"",""Week 1!C3:F18"")"),"SEA") -> SEA | D2: =IFERROR(__xludf.DUMMYFUNCTION("""COMPUTED_VALUE"""),"") | E2: =IFERROR(__xludf.DUMMYFUNCTION("""COMPUTED_VALUE"""),10.0) -> 10 | F2: =IFERROR(__xludf.DUMMYFUNCTION("""COMPUTED_VALUE"""),13.0) -> 13 | G2: SEA | H2: =IF(G2="KC",IMAGE("https://logodownload.org/wp-content/uploads/2020/09/kansas-city-chiefs-logo.png"),IF(G2="LV",IMAGE("https://logodownload.org/wp-content/uploads/2020/09/las-vegas-raiders-logo-1-564x599.png"),IF(G2="DEN",IMAGE("https://logodownload.org/wp-content/uploads/2020/07/denver-broncos-logo-0.png"),IF(G2="LAC",IMAGE("https://logosmarcas.net/wp-content/uploads/2020/07/Los-Angeles-Chargers-logo.png"),IF(G2="BUF",IMAGE("https://logos-download.com/wp-content/uploads/2018/03/Buffalo_Bills_logo_blue.png"),IF(G2="MIA",IMAGE("https://logos-world.net/wp-content/uploads/2020/05/Miami-Dolphins-Logo.png"),IF(G2="NYJ",IMAGE("https://logos-world.net/wp-content/uploads/2020/07/New-York-Jets-Logo.png"),IF(G2="NE",IMAGE("https://purepng.com/public/uploads/large/new-england-patriots-logo-symbol-ucp.png"),IF(G2="BAL",IMAGE("https://1000logos.net/wp-content/uploads/2016/10/Baltimore-Ravens-Logo.png"),IF(G2="CLE",IMAGE("https://logos-world.net/wp-content/uploads/2020/05/Cleveland-Browns-Logo-2006-2014.png"),IF(G2="PIT",IMAGE("https://1000logos.net/wp-content/uploads/2017/06/Pittsburgh-Steelers-Logo.png"),IF(G2="CIN",IMAGE("https://logos-world.net/wp-content/uploads/2020/05/Cincinnati-Bengals-Logo.png"),IF(G2="HOU",IMAGE("https://cdn.wallpapersafari.com/15/25/Jnl2Yc.png"),IF(G2="JAX",IMAGE("https://1000logos.net/wp-content/uploads/2018/07/Jacksonville-Jaguars-Logo-1536x960.png"),IF(G2="IND",IMAGE("https://1000logos.net/wp-content/uploads/2016/12/Indianapolis-Colts-Logo-2048x1280.png"),IF(G2="TEN",IMAGE("https://img-s-msn-com.akamaized.net/tenant/amp/entityid/AA1YwbtK.img?w=720&h=720&m=6"),IF(G2="SF",IMAGE("https://logodownload.org/wp-content/uploads/2020/09/san-francisco-49ers-logo-2048x1220.png"),IF(G2="LAR",IMAGE("https://1000logos.net/wp-content/uploads/2018/07/Rams-Logo.png"),IF(G2="SEA",IMAGE("https://cdn.freebiesupply.com/images/large/2x/seattle-seahawks-logo-transparent.png"),IF(G2="AZ",IMAGE("https://logos-world.net/wp-content/uploads/2020/05/Arizona-Cardinals-Logo.png"),IF(G2="DAL",IMAGE("https://www.freepnglogos.com/uploads/dallas-cowboys-logo-22.png"),IF(G2="PHI",IMAGE("https://1000logos.net/wp-content/uploads/2017/05/Philadelphia-Eagles-Logo.png"),IF(G2="NYG",IMAGE("https://logosmarcas.net/wp-content/uploads/2020/07/New-York-Giants-Logo.png"),IF(G2="WSH",IMAGE("https://logodownload.org/wp-content/uploads/2020/09/washington-commanders-logo.png"),IF(G2="DET",IMAGE("https://logos-world.net/wp-content/uploads/2020/05/Detroit-Lions-Logo-2017-Present.png"),IF(G2="GB",IMAGE("https://logodownload.org/wp-content/uploads/2020/07/green-bay-packers-logo-1.png"),IF(G2="MIN",IMAGE("https://1000logos.net/wp-content/uploads/2017/06/Minnesota-Vikings-Logo-1965.png"),IF(G2="CHI",IMAGE("https://logos-world.net/wp-content/uploads/2020/05/Chicago-Bears-logo.png"),IF(G2="TB",IMAGE("https://logodownload.org/wp-content/uploads/2020/09/tampa-bay-buccaneers-logo.png"),IF(G2="NO",IMAGE("https://1000logos.net/wp-content/uploads/2017/04/New-Orleans-Saints-Logo.png"),IF(G2="ATL",IMAGE("https://logodownload.org/wp-content/uploads/2020/07/atlanta-falcons-logo-0.png"),IF(G2="CAR",IMAGE("https://logos-download.com/wp-content/uploads/2018/02/Carolina_Panthers_logo_blue.png"),"")))))))))))))))))))))))))))))))) | I2: 21 | J2: 28 | K2: FALSE | L2: SEA | M2: =IF(L2="KC",IMAGE("https://logodownload.org/wp-content/uploads/2020/09/kansas-city-chiefs-logo.png"),IF(L2="LV",IMAGE("https://logodownload.org/wp-content/uploads/2020/09/las-vegas-raiders-logo-1-564x599.png"),IF(L2="DEN",IMAGE("https://logodownload.org/wp-content/uploads/2020/07/denver-broncos-logo-0.png"),IF(L2="LAC",IMAGE("https://logosmarcas.net/wp-content/uploads/2020/07/Los-Angeles-Chargers-logo.png"),IF(L2="BUF",IMAGE("https://logos-download.com/wp-content/uploads/2018/03/Buffalo_Bills_logo_blue.png"),IF(L2="MIA",IMAGE("https://logos-world.net/wp-content/uploads/2020/05/Miami-Dolphins-Logo.png"),IF(L2="NYJ",IMAGE("https://logos-world.net/wp-content/uploads/2020/07/New-York-Jets-Logo.png"),IF(L2="NE",IMAGE("https://purepng.com/public/uploads/large/new-england-patriots-logo-symbol-ucp.png"),IF(L2="BAL",IMAGE("https://1000logos.net/wp-content/uploads/2016/10/Baltimore-Ravens-Logo.png"),IF(L2="CLE",IMAGE("https://logos-world.net/wp-content/uploads/2020/05/Cleveland-Browns-Logo-2006-2014.png"),IF(L2="PIT",IMAGE("https://1000logos.net/wp-content/uploads/2017/06/Pittsburgh-Steelers-Logo.png"),IF(L2="CIN",IMAGE("https://logos-world.net/wp-content/uploads/2020/05/Cincinnati-Bengals-Logo.png"),IF(L2="HOU",IMAGE("https://cdn.wallpapersafari.com/15/25/Jnl2Yc.png"),IF(L2="JAX",IMAGE("https://1000logos.net/wp-content/uploads/2018/07/Jacksonville-Jaguars-Logo-1536x960.png"),IF(L2="IND",IMAGE("https://1000logos.net/wp-content/uploads/2016/12/Indianapolis-Colts-Logo-2048x1280.png"),IF(L2="TEN",IMAGE("https://img-s-msn-com.akamaized.net/tenant/amp/entityid/AA1YwbtK.img?w=720&h=720&m=6"),IF(L2="SF",IMAGE("https://logodownload.org/wp-content/uploads/2020/09/san-francisco-49ers-logo-2048x1220.png"),IF(L2="LAR",IMAGE("https://1000logos.net/wp-content/uploads/2018/07/Rams-Logo.png"),IF(L2="SEA",IMAGE("https://cdn.freebiesupply.com/images/large/2x/seattle-seahawks-logo-transparent.png"),IF(L2="AZ",IMAGE("https://logos-world.net/wp-content/uploads/2020/05/Arizona-Cardinals-Logo.png"),IF(L2="DAL",IMAGE("https://www.freepnglogos.com/uploads/dallas-cowboys-logo-22.png"),IF(L2="PHI",IMAGE("https://1000logos.net/wp-content/uploads/2017/05/Philadelphia-Eagles-Logo.png"),IF(L2="NYG",IMAGE("https://logosmarcas.net/wp-content/uploads/2020/07/New-York-Giants-Logo.png"),IF(L2="WSH",IMAGE("https://logodownload.org/wp-content/uploads/2020/09/washington-commanders-logo.png"),IF(L2="DET",IMAGE("https://logos-world.net/wp-content/uploads/2020/05/Detroit-Lions-Logo-2017-Present.png"),IF(L2="GB",IMAGE("https://logodownload.org/wp-content/uploads/2020/07/green-bay-packers-logo-1.png"),IF(L2="MIN",IMAGE("https://1000logos.net/wp-content/uploads/2017/06/Minnesota-Vikings-Logo-1965.png"),IF(L2="CHI",IMAGE("https://logos-world.net/wp-content/uploads/2020/05/Chicago-Bears-logo.png"),IF(L2="TB",IMAGE("https://logodownload.org/wp-content/uploads/2020/09/tampa-bay-buccaneers-logo.png"),IF(L2="NO",IMAGE("https://1000logos.net/wp-content/uploads/2017/04/New-Orleans-Saints-Logo.png"),IF(L2="ATL",IMAGE("https://logodownload.org/wp-content/uploads/2020/07/atlanta-falcons-logo-0.png"),IF(L2="CAR",IMAGE("https://logos-download.com/wp-content/uploads/2018/02/Carolina_Panthers_logo_blue.png"),"")))))))))))))))))))))))))))))))) | N2: 24 | O2: 27 | P2: FALSE | Q2: NE | R2: =IF(Q2="KC",IMAGE("https://logodownload.org/wp-content/uploads/2020/09/kansas-city-chiefs-logo.png"),IF(Q2="LV",IMAGE("https://logodownload.org/wp-content/uploads/2020/09/las-vegas-raiders-logo-1-564x599.png"),IF(Q2="DEN",IMAGE("https://logodownload.org/wp-content/uploads/2020/07/denver-broncos-logo-0.png"),IF(Q2="LAC",IMAGE("https://logosmarcas.net/wp-content/uploads/2020/07/Los-Angeles-Chargers-logo.png"),IF(Q2="BUF",IMAGE("https://logos-download.com/wp-content/uploads/2018/03/Buffalo_Bills_logo_blue.png"),IF(Q2="MIA",IMAGE("https://logos-world.net/wp-content/uploads/2020/05/Miami-Dolphins-Logo.png"),IF(Q2="NYJ",IMAGE("https://logos-world.net/wp-content/uploads/2020/07/New-York-Jets-Logo.png"),IF(Q2="NE",IMAGE("https://purepng.com/public/uploads/large/new-england-patriots-logo-symbol-ucp.png"),IF(Q2="BAL",IMAGE("https://1000logos.net/wp-content/uploads/2016/10/Baltimore-Ravens-Logo.png"),IF(Q2="CLE",IMAGE("https://logos-world.net/wp-content/uploads/2020/05/Cleveland-Browns-Logo-2006-2014.png"),IF(Q2="PIT",IMAGE("https://1000logos.net/wp-content/uploads/2017/06/Pittsburgh-Steelers-Logo.png"),IF(Q2="CIN",IMAGE("https://logos-world.net/wp-content/uploads/2020/05/Cincinnati-Bengals-Logo.png"),IF(Q2="HOU",IMAGE("https://cdn.wallpapersafari.com/15/25/Jnl2Yc.png"),IF(Q2="JAX",IMAGE("https://1000logos.net/wp-content/uploads/2018/07/Jacksonville-Jaguars-Logo-1536x960.png"),IF(Q2="IND",IMAGE("https://1000logos.net/wp-content/uploads/2016/12/Indianapolis-Colts-Logo-2048x1280.png"),IF(Q2="TEN",IMAGE("https://img-s-msn-com.akamaized.net/tenant/amp/entityid/AA1YwbtK.img?w=720&h=720&m=6"),IF(Q2="SF",IMAGE("https://logodownload.org/wp-content/uploads/2020/09/san-francisco-49ers-logo-2048x1220.png"),IF(Q2="LAR",IMAGE("https://1000logos.net/wp-content/uploads/2018/07/Rams-Logo.png"),IF(Q2="SEA",IMAGE("https://cdn.freebiesupply.com/images/large/2x/seattle-seahawks-logo-transparent.png"),IF(Q2="AZ",IMAGE("https://logos-world.net/wp-content/uploads/2020/05/Arizona-Cardinals-Logo.png"),IF(Q2="DAL",IMAGE("https://www.freepnglogos.com/uploads/dallas-cowboys-logo-22.png"),IF(Q2="PHI",IMAGE("https://1000logos.net/wp-content/uploads/2017/05/Philadelphia-Eagles-Logo.png"),IF(Q2="NYG",IMAGE("https://logosmarcas.net/wp-content/uploads/2020/07/New-York-Giants-Logo.png"),IF(Q2="WSH",IMAGE("https://logodownload.org/wp-content/uploads/2020/09/washington-commanders-logo.png"),IF(Q2="DET",IMAGE("https://logos-world.net/wp-content/uploads/2020/05/Detroit-Lions-Logo-2017-Present.png"),IF(Q2="GB",IMAGE("https://logodownload.org/wp-content/uploads/2020/07/green-bay-packers-logo-1.png"),IF(Q2="MIN",IMAGE("https://1000logos.net/wp-content/uploads/2017/06/Minnesota-Vikings-Logo-1965.png"),IF(Q2="CHI",IMAGE("https://logos-world.net/wp-content/uploads/2020/05/Chicago-Bears-logo.png"),IF(Q2="TB",IMAGE("https://logodownload.org/wp-content/uploads/2020/09/tampa-bay-buccaneers-logo.png"),IF(Q2="NO",IMAGE("https://1000logos.net/wp-content/uploads/2017/04/New-Orleans-Saints-Logo.png"),IF(Q2="ATL",IMAGE("https://logodownload.org/wp-content/uploads/2020/07/atlanta-falcons-logo-0.png"),IF(Q2="CAR",IMAGE("https://logos-download.com/wp-content/uploads/2018/02/Carolina_Panthers_logo_blue.png"),"")))))))))))))))))))))))))))))))) | S2: 24 | T2: 21 | U2: FALSE | V2: SEA | W2: =IF(V2="KC",IMAGE("https://logodownload.org/wp-content/uploads/2020/09/kansas-city-chiefs-logo.png"),IF(V2="LV",IMAGE("https://logodownload.org/wp-content/uploads/2020/09/las-vegas-raiders-logo-1-564x599.png"),IF(V2="DEN",IMAGE("https://logodownload.org/wp-content/uploads/2020/07/denver-broncos-logo-0.png"),IF(V2="LAC",IMAGE("https://logosmarcas.net/wp-content/uploads/2020/07/Los-Angeles-Chargers-logo.png"),IF(V2="BUF",IMAGE("https://logos-download.com/wp-content/uploads/2018/03/Buffalo_Bills_logo_blue.png"),IF(V2="MIA",IMAGE("https://logos-world.net/wp-content/uploads/2020/05/Miami-Dolphins-Logo.png"),IF(V2="NYJ",IMAGE("https://logos-world.net/wp-content/uploads/2020/07/New-York-Jets-Logo.png"),IF(V2="NE",IMAGE("https://purepng.com/public/uploads/large/new-england-patriots-logo-symbol-ucp.png"),IF(V2="BAL",IMAGE("https://1000logos.net/wp-content/uploads/2016/10/Baltimore-Ravens-Logo.png"),IF(V2="CLE",IMAGE("https://logos-world.net/wp-content/uploads/2020/05/Cleveland-Browns-Logo-2006-2014.png"),IF(V2="PIT",IMAGE("https://1000logos.net/wp-content/uploads/2017/06/Pittsburgh-Steelers-Logo.png"),IF(V2="CIN",IMAGE("https://logos-world.net/wp-content/uploads/2020/05/Cincinnati-Bengals-Logo.png"),IF(V2="HOU",IMAGE("https://cdn.wallpapersafari.com/15/25/Jnl2Yc.png"),IF(V2="JAX",IMAGE("https://1000logos.net/wp-content/uploads/2018/07/Jacksonville-Jaguars-Logo-1536x960.png"),IF(V2="IND",IMAGE("https://1000logos.net/wp-content/uploads/2016/12/Indianapolis-Colts-Logo-2048x1280.png"),IF(V2="TEN",IMAGE("https://img-s-msn-com.akamaized.net/tenant/amp/entityid/AA1YwbtK.img?w=720&h=720&m=6"),IF(V2="SF",IMAGE("https://logodownload.org/wp-content/uploads/2020/09/san-francisco-49ers-logo-2048x1220.png"),IF(V2="LAR",IMAGE("https://1000logos.net/wp-content/uploads/2018/07/Rams-Logo.png"),IF(V2="SEA",IMAGE("https://cdn.freebiesupply.com/images/large/2x/seattle-seahawks-logo-transparent.png"),IF(V2="AZ",IMAGE("https://logos-world.net/wp-content/uploads/2020/05/Arizona-Cardinals-Logo.png"),IF(V2="DAL",IMAGE("https://www.freepnglogos.com/uploads/dallas-cowboys-logo-22.png"),IF(V2="PHI",IMAGE("https://1000logos.net/wp-content/uploads/2017/05/Philadelphia-Eagles-Logo.png"),IF(V2="NYG",IMAGE("https://logosmarcas.net/wp-content/uploads/2020/07/New-York-Giants-Logo.png"),IF(V2="WSH",IMAGE("https://logodownload.org/wp-content/uploads/2020/09/washington-commanders-logo.png"),IF(V2="DET",IMAGE("https://logos-world.net/wp-content/uploads/2020/05/Detroit-Lions-Logo-2017-Present.png"),IF(V2="GB",IMAGE("https://logodownload.org/wp-content/uploads/2020/07/green-bay-packers-logo-1.png"),IF(V2="MIN",IMAGE("https://1000logos.net/wp-content/uploads/2017/06/Minnesota-Vikings-Logo-1965.png"),IF(V2="CHI",IMAGE("https://logos-world.net/wp-content/uploads/2020/05/Chicago-Bears-logo.png"),IF(V2="TB",IMAGE("https://logodownload.org/wp-content/uploads/2020/09/tampa-bay-buccaneers-logo.png"),IF(V2="NO",IMAGE("https://1000logos.net/wp-content/uploads/2017/04/New-Orleans-Saints-Logo.png"),IF(V2="ATL",IMAGE("https://logodownload.org/wp-content/uploads/2020/07/atlanta-falcons-logo-0.png"),IF(V2="CAR",IMAGE("https://logos-download.com/wp-content/uploads/2018/02/Carolina_Panthers_logo_blue.png"),"")))))))))))))))))))))))))))))))) | X2: 20 | Y2: 23 | Z2: FALSE | AA2: SEA | AB2: =IF(AA2="KC",IMAGE("https://logodownload.org/wp-content/uploads/2020/09/kansas-city-chiefs-logo.png"),IF(AA2="LV",IMAGE("https://logodownload.org/wp-content/uploads/2020/09/las-vegas-raiders-logo-1-564x599.png"),IF(AA2="DEN",IMAGE("https://logodownload.org/wp-content/uploads/2020/07/denver-broncos-logo-0.png"),IF(AA2="LAC",IMAGE("https://logosmarcas.net/wp-content/uploads/2020/07/Los-Angeles-Chargers-logo.png"),IF(AA2="BUF",IMAGE("https://logos-download.com/wp-content/uploads/2018/03/Buffalo_Bills_logo_blue.png"),IF(AA2="MIA",IMAGE("https://logos-world.net/wp-content/uploads/2020/05/Miami-Dolphins-Logo.png"),IF(AA2="NYJ",IMAGE("https://logos-world.net/wp-content/uploads/2020/07/New-York-Jets-Logo.png"),IF(AA2="NE",IMAGE("https://purepng.com/public/uploads/large/new-england-patriots-logo-symbol-ucp.png"),IF(AA2="BAL",IMAGE("https://1000logos.net/wp-content/uploads/2016/10/Baltimore-Ravens-Logo.png"),IF(AA2="CLE",IMAGE("https://logos-world.net/wp-content/uploads/2020/05/Cleveland-Browns-Logo-2006-2014.png"),IF(AA2="PIT",IMAGE("https://1000logos.net/wp-content/uploads/2017/06/Pittsburgh-Steelers-Logo.png"),IF(AA2="CIN",IMAGE("https://logos-world.net/wp-content/uploads/2020/05/Cincinnati-Bengals-Logo.png"),IF(AA2="HOU",IMAGE("https://cdn.wallpapersafari.com/15/25/Jnl2Yc.png"),IF(AA2="JAX",IMAGE("https://1000logos.net/wp-content/uploads/2018/07/Jacksonville-Jaguars-Logo-1536x960.png"),IF(AA2="IND",IMAGE("https://1000logos.net/wp-content/uploads/2016/12/Indianapolis-Colts-Logo-2048x1280.png"),IF(AA2="TEN",IMAGE("https://img-s-msn-com.akamaized.net/tenant/amp/entityid/AA1YwbtK.img?w=720&h=720&m=6"),IF(AA2="SF",IMAGE("https://logodownload.org/wp-content/uploads/2020/09/san-francisco-49ers-logo-2048x1220.png"),IF(AA2="LAR",IMAGE("https://1000logos.net/wp-content/uploads/2018/07/Rams-Logo.png"),IF(AA2="SEA",IMAGE("https://cdn.freebiesupply.com/images/large/2x/seattle-seahawks-logo-transparent.png"),IF(AA2="AZ",IMAGE("https://logos-world.net/wp-content/uploads/2020/05/Arizona-Cardinals-Logo.png"),IF(AA2="DAL",IMAGE("https://www.freepnglogos.com/uploads/dallas-cowboys-logo-22.png"),IF(AA2="PHI",IMAGE("https://1000logos.net/wp-content/uploads/2017/05/Philadelphia-Eagles-Logo.png"),IF(AA2="NYG",IMAGE("https://logosmarcas.net/wp-content/uploads/2020/07/New-York-Giants-Logo.png"),IF(AA2="WSH",IMAGE("https://logodownload.org/wp-content/uploads/2020/09/washington-commanders-logo.png"),IF(AA2="DET",IMAGE("https://logos-world.net/wp-content/uploads/2020/05/Detroit-Lions-Logo-2017-Present.png"),IF(AA2="GB",IMAGE("https://logodownload.org/wp-content/uploads/2020/07/green-bay-packers-logo-1.png"),IF(AA2="MIN",IMAGE("https://1000logos.net/wp-content/uploads/2017/06/Minnesota-Vikings-Logo-1965.png"),IF(AA2="CHI",IMAGE("https://logos-world.net/wp-content/uploads/2020/05/Chicago-Bears-logo.png"),IF(AA2="TB",IMAGE("https://logodownload.org/wp-content/uploads/2020/09/tampa-bay-buccaneers-logo.png"),IF(AA2="NO",IMAGE("https://1000logos.net/wp-content/uploads/2017/04/New-Orleans-Saints-Logo.png"),IF(AA2="ATL",IMAGE("https://logodownload.org/wp-content/uploads/2020/07/atlanta-falcons-logo-0.png"),IF(AA2="CAR",IMAGE("https://logos-download.com/wp-content/uploads/2018/02/Carolina_Panthers_logo_blue.png"),"")))))))))))))))))))))))))))))))) | AC2: 17 | AD2: 21 | AE2: FALSE | AF2: NE | AG2: =IF(AF2="KC",IMAGE("https://logodownload.org/wp-content/uploads/2020/09/kansas-city-chiefs-logo.png"),IF(AF2="LV",IMAGE("https://logodownload.org/wp-content/uploads/2020/09/las-vegas-raiders-logo-1-564x599.png"),IF(AF2="DEN",IMAGE("https://logodownload.org/wp-content/uploads/2020/07/denver-broncos-logo-0.png"),IF(AF2="LAC",IMAGE("https://logosmarcas.net/wp-content/uploads/2020/07/Los-Angeles-Chargers-logo.png"),IF(AF2="BUF",IMAGE("https://logos-download.com/wp-content/uploads/2018/03/Buffalo_Bills_logo_blue.png"),IF(AF2="MIA",IMAGE("https://logos-world.net/wp-content/uploads/2020/05/Miami-Dolphins-Logo.png"),IF(AF2="NYJ",IMAGE("https://logos-world.net/wp-content/uploads/2020/07/New-York-Jets-Logo.png"),IF(AF2="NE",IMAGE("https://purepng.com/public/uploads/large/new-england-patriots-logo-symbol-ucp.png"),IF(AF2="BAL",IMAGE("https://1000logos.net/wp-content/uploads/2016/10/Baltimore-Ravens-Logo.png"),IF(AF2="CLE",IMAGE("https://logos-world.net/wp-content/uploads/2020/05/Cleveland-Browns-Logo-2006-2014.png"),IF(AF2="PIT",IMAGE("https://1000logos.net/wp-content/uploads/2017/06/Pittsburgh-Steelers-Logo.png"),IF(AF2="CIN",IMAGE("https://logos-world.net/wp-content/uploads/2020/05/Cincinnati-Bengals-Logo.png"),IF(AF2="HOU",IMAGE("https://cdn.wallpapersafari.com/15/25/Jnl2Yc.png"),IF(AF2="JAX",IMAGE("https://1000logos.net/wp-content/uploads/2018/07/Jacksonville-Jaguars-Logo-1536x960.png"),IF(AF2="IND",IMAGE("https://1000logos.net/wp-content/uploads/2016/12/Indianapolis-Colts-Logo-2048x1280.png"),IF(AF2="TEN",IMAGE("https://img-s-msn-com.akamaized.net/tenant/amp/entityid/AA1YwbtK.img?w=720&h=720&m=6"),IF(AF2="SF",IMAGE("https://logodownload.org/wp-content/uploads/2020/09/san-francisco-49ers-logo-2048x1220.png"),IF(AF2="LAR",IMAGE("https://1000logos.net/wp-content/uploads/2018/07/Rams-Logo.png"),IF(AF2="SEA",IMAGE("https://cdn.freebiesupply.com/images/large/2x/seattle-seahawks-logo-transparent.png"),IF(AF2="AZ",IMAGE("https://logos-world.net/wp-content/uploads/2020/05/Arizona-Cardinals-Logo.png"),IF(AF2="DAL",IMAGE("https://www.freepnglogos.com/uploads/dallas-cowboys-logo-22.png"),IF(AF2="PHI",IMAGE("https://1000logos.net/wp-content/uploads/2017/05/Philadelphia-Eagles-Logo.png"),IF(AF2="NYG",IMAGE("https://logosmarcas.net/wp-content/uploads/2020/07/New-York-Giants-Logo.png"),IF(AF2="WSH",IMAGE("https://logodownload.org/wp-content/uploads/2020/09/washington-commanders-logo.png"),IF(AF2="DET",IMAGE("https://logos-world.net/wp-content/uploads/2020/05/Detroit-Lions-Logo-2017-Present.png"),IF(AF2="GB",IMAGE("https://logodownload.org/wp-content/uploads/2020/07/green-bay-packers-logo-1.png"),IF(AF2="MIN",IMAGE("https://1000logos.net/wp-content/uploads/2017/06/Minnesota-Vikings-Logo-1965.png"),IF(AF2="CHI",IMAGE("https://logos-world.net/wp-content/uploads/2020/05/Chicago-Bears-logo.png"),IF(AF2="TB",IMAGE("https://logodownload.org/wp-content/uploads/2020/09/tampa-bay-buccaneers-logo.png"),IF(AF2="NO",IMAGE("https://1000logos.net/wp-content/uploads/2017/04/New-Orleans-Saints-Logo.png"),IF(AF2="ATL",IMAGE("https://logodownload.org/wp-content/uploads/2020/07/atlanta-falcons-logo-0.png"),IF(AF2="CAR",IMAGE("https://logos-download.com/wp-content/uploads/2018/02/Carolina_Panthers_logo_blue.png"),"")))))))))))))))))))))))))))))))) | AH2: 23 | AI2: 20 | AJ2: FALSE | AK2: SEA | AL2: =IF(AK2="KC",IMAGE("https://logodownload.org/wp-content/uploads/2020/09/kansas-city-chiefs-logo.png"),IF(AK2="LV",IMAGE("https://logodownload.org/wp-content/uploads/2020/09/las-vegas-raiders-logo-1-564x599.png"),IF(AK2="DEN",IMAGE("https://logodownload.org/wp-content/uploads/2020/07/denver-broncos-logo-0.png"),IF(AK2="LAC",IMAGE("https://logosmarcas.net/wp-content/uploads/2020/07/Los-Angeles-Chargers-logo.png"),IF(AK2="BUF",IMAGE("https://logos-download.com/wp-content/uploads/2018/03/Buffalo_Bills_logo_blue.png"),IF(AK2="MIA",IMAGE("https://logos-world.net/wp-content/uploads/2020/05/Miami-Dolphins-Logo.png"),IF(AK2="NYJ",IMAGE("https://logos-world.net/wp-content/uploads/2020/07/New-York-Jets-Logo.png"),IF(AK2="NE",IMAGE("https://purepng.com/public/uploads/large/new-england-patriots-logo-symbol-ucp.png"),IF(AK2="BAL",IMAGE("https://1000logos.net/wp-content/uploads/2016/10/Baltimore-Ravens-Logo.png"),IF(AK2="CLE",IMAGE("https://logos-world.net/wp-content/uploads/2020/05/Cleveland-Browns-Logo-2006-2014.png"),IF(AK2="PIT",IMAGE("https://1000logos.net/wp-content/uploads/2017/06/Pittsburgh-Steelers-Logo.png"),IF(AK2="CIN",IMAGE("https://logos-world.net/wp-content/uploads/2020/05/Cincinnati-Bengals-Logo.png"),IF(AK2="HOU",IMAGE("https://cdn.wallpapersafari.com/15/25/Jnl2Yc.png"),IF(AK2="JAX",IMAGE("https://1000logos.net/wp-content/uploads/2018/07/Jacksonville-Jaguars-Logo-1536x960.png"),IF(AK2="IND",IMAGE("https://1000logos.net/wp-content/uploads/2016/12/Indianapolis-Colts-Logo-2048x1280.png"),IF(AK2="TEN",IMAGE("https://img-s-msn-com.akamaized.net/tenant/amp/entityid/AA1YwbtK.img?w=720&h=720&m=6"),IF(AK2="SF",IMAGE("https://logodownload.org/wp-content/uploads/2020/09/san-francisco-49ers-logo-2048x1220.png"),IF(AK2="LAR",IMAGE("https://1000logos.net/wp-content/uploads/2018/07/Rams-Logo.png"),IF(AK2="SEA",IMAGE("https://cdn.freebiesupply.com/images/large/2x/seattle-seahawks-logo-transparent.png"),IF(AK2="AZ",IMAGE("https://logos-world.net/wp-content/uploads/2020/05/Arizona-Cardinals-Logo.png"),IF(AK2="DAL",IMAGE("https://www.freepnglogos.com/uploads/dallas-cowboys-logo-22.png"),IF(AK2="PHI",IMAGE("https://1000logos.net/wp-content/uploads/2017/05/Philadelphia-Eagles-Logo.png"),IF(AK2="NYG",IMAGE("https://logosmarcas.net/wp-content/uploads/2020/07/New-York-Giants-Logo.png"),IF(AK2="WSH",IMAGE("https://logodownload.org/wp-content/uploads/2020/09/washington-commanders-logo.png"),IF(AK2="DET",IMAGE("https://logos-world.net/wp-content/uploads/2020/05/Detroit-Lions-Logo-2017-Present.png"),IF(AK2="GB",IMAGE("https://logodownload.org/wp-content/uploads/2020/07/green-bay-packers-logo-1.png"),IF(AK2="MIN",IMAGE("https://1000logos.net/wp-content/uploads/2017/06/Minnesota-Vikings-Logo-1965.png"),IF(AK2="CHI",IMAGE("https://logos-world.net/wp-content/uploads/2020/05/Chicago-Bears-logo.png"),IF(AK2="TB",IMAGE("https://logodownload.org/wp-content/uploads/2020/09/tampa-bay-buccaneers-logo.png"),IF(AK2="NO",IMAGE("https://1000logos.net/wp-content/uploads/2017/04/New-Orleans-Saints-Logo.png"),IF(AK2="ATL",IMAGE("https://logodownload.org/wp-content/uploads/2020/07/atlanta-falcons-logo-0.png"),IF(AK2="CAR",IMAGE("https://logos-download.com/wp-content/uploads/2018/02/Carolina_Panthers_logo_blue.png"),"")))))))))))))))))))))))))))))))) | AM2: 10 | AN2: 14 | AO2: FALSE | AP2: SEA | AQ2: =IF(AP2="KC",IMAGE("https://logodownload.org/wp-content/uploads/2020/09/kansas-city-chiefs-logo.png"),IF(AP2="LV",IMAGE("https://logodownload.org/wp-content/uploads/2020/09/las-vegas-raiders-logo-1-564x599.png"),IF(AP2="DEN",IMAGE("https://logodownload.org/wp-content/uploads/2020/07/denver-broncos-logo-0.png"),IF(AP2="LAC",IMAGE("https://logosmarcas.net/wp-content/uploads/2020/07/Los-Angeles-Chargers-logo.png"),IF(AP2="BUF",IMAGE("https://logos-download.com/wp-content/uploads/2018/03/Buffalo_Bills_logo_blue.png"),IF(AP2="MIA",IMAGE("https://logos-world.net/wp-content/uploads/2020/05/Miami-Dolphins-Logo.png"),IF(AP2="NYJ",IMAGE("https://logos-world.net/wp-content/uploads/2020/07/New-York-Jets-Logo.png"),IF(AP2="NE",IMAGE("https://purepng.com/public/uploads/large/new-england-patriots-logo-symbol-ucp.png"),IF(AP2="BAL",IMAGE("https://1000logos.net/wp-content/uploads/2016/10/Baltimore-Ravens-Logo.png"),IF(AP2="CLE",IMAGE("https://logos-world.net/wp-content/uploads/2020/05/Cleveland-Browns-Logo-2006-2014.png"),IF(AP2="PIT",IMAGE("https://1000logos.net/wp-content/uploads/2017/06/Pittsburgh-Steelers-Logo.png"),IF(AP2="CIN",IMAGE("https://logos-world.net/wp-content/uploads/2020/05/Cincinnati-Bengals-Logo.png"),IF(AP2="HOU",IMAGE("https://cdn.wallpapersafari.com/15/25/Jnl2Yc.png"),IF(AP2="JAX",IMAGE("https://1000logos.net/wp-content/uploads/2018/07/Jacksonville-Jaguars-Logo-1536x960.png"),IF(AP2="IND",IMAGE("https://1000logos.net/wp-content/uploads/2016/12/Indianapolis-Colts-Logo-2048x1280.png"),IF(AP2="TEN",IMAGE("https://img-s-msn-com.akamaized.net/tenant/amp/entityid/AA1YwbtK.img?w=720&h=720&m=6"),IF(AP2="SF",IMAGE("https://logodownload.org/wp-content/uploads/2020/09/san-francisco-49ers-logo-2048x1220.png"),IF(AP2="LAR",IMAGE("https://1000logos.net/wp-content/uploads/2018/07/Rams-Logo.png"),IF(AP2="SEA",IMAGE("https://cdn.freebiesupply.com/images/large/2x/seattle-seahawks-logo-transparent.png"),IF(AP2="AZ",IMAGE("https://logos-world.net/wp-content/uploads/2020/05/Arizona-Cardinals-Logo.png"),IF(AP2="DAL",IMAGE("https://www.freepnglogos.com/uploads/dallas-cowboys-logo-22.png"),IF(AP2="PHI",IMAGE("https://1000logos.net/wp-content/uploads/2017/05/Philadelphia-Eagles-Logo.png"),IF(AP2="NYG",IMAGE("https://logosmarcas.net/wp-content/uploads/2020/07/New-York-Giants-Logo.png"),IF(AP2="WSH",IMAGE("https://logodownload.org/wp-content/uploads/2020/09/washington-commanders-logo.png"),IF(AP2="DET",IMAGE("https://logos-world.net/wp-content/uploads/2020/05/Detroit-Lions-Logo-2017-Present.png"),IF(AP2="GB",IMAGE("https://logodownload.org/wp-content/uploads/2020/07/green-bay-packers-logo-1.png"),IF(AP2="MIN",IMAGE("https://1000logos.net/wp-content/uploads/2017/06/Minnesota-Vikings-Logo-1965.png"),IF(AP2="CHI",IMAGE("https://logos-world.net/wp-content/uploads/2020/05/Chicago-Bears-logo.png"),IF(AP2="TB",IMAGE("https://logodownload.org/wp-content/uploads/2020/09/tampa-bay-buccaneers-logo.png"),IF(AP2="NO",IMAGE("https://1000logos.net/wp-content/uploads/2017/04/New-Orleans-Saints-Logo.png"),IF(AP2="ATL",IMAGE("https://logodownload.org/wp-content/uploads/2020/07/atlanta-falcons-logo-0.png"),IF(AP2="CAR",IMAGE("https://logos-download.com/wp-content/uploads/2018/02/Carolina_Panthers_logo_blue.png"),"")))))))))))))))))))))))))))))))) | AR2: 17 | AS2: 24 | AT2: FALSE | AU2: NE | AV2: =IF(AU2="KC",IMAGE("https://logodownload.org/wp-content/uploads/2020/09/kansas-city-chiefs-logo.png"),IF(AU2="LV",IMAGE("https://logodownload.org/wp-content/uploads/2020/09/las-vegas-raiders-logo-1-564x599.png"),IF(AU2="DEN",IMAGE("https://logodownload.org/wp-content/uploads/2020/07/denver-broncos-logo-0.png"),IF(AU2="LAC",IMAGE("https://logosmarcas.net/wp-content/uploads/2020/07/Los-Angeles-Chargers-logo.png"),IF(AU2="BUF",IMAGE("https://logos-download.com/wp-content/uploads/2018/03/Buffalo_Bills_logo_blue.png"),IF(AU2="MIA",IMAGE("https://logos-world.net/wp-content/uploads/2020/05/Miami-Dolphins-Logo.png"),IF(AU2="NYJ",IMAGE("https://logos-world.net/wp-content/uploads/2020/07/New-York-Jets-Logo.png"),IF(AU2="NE",IMAGE("https://purepng.com/public/uploads/large/new-england-patriots-logo-symbol-ucp.png"),IF(AU2="BAL",IMAGE("https://1000logos.net/wp-content/uploads/2016/10/Baltimore-Ravens-Logo.png"),IF(AU2="CLE",IMAGE("https://logos-world.net/wp-content/uploads/2020/05/Cleveland-Browns-Logo-2006-2014.png"),IF(AU2="PIT",IMAGE("https://1000logos.net/wp-content/uploads/2017/06/Pittsburgh-Steelers-Logo.png"),IF(AU2="CIN",IMAGE("https://logos-world.net/wp-content/uploads/2020/05/Cincinnati-Bengals-Logo.png"),IF(AU2="HOU",IMAGE("https://cdn.wallpapersafari.com/15/25/Jnl2Yc.png"),IF(AU2="JAX",IMAGE("https://1000logos.net/wp-content/uploads/2018/07/Jacksonville-Jaguars-Logo-1536x960.png"),IF(AU2="IND",IMAGE("https://1000logos.net/wp-content/uploads/2016/12/Indianapolis-Colts-Logo-2048x1280.png"),IF(AU2="TEN",IMAGE("https://img-s-msn-com.akamaized.net/tenant/amp/entityid/AA1YwbtK.img?w=720&h=720&m=6"),IF(AU2="SF",IMAGE("https://logodownload.org/wp-content/uploads/2020/09/san-francisco-49ers-logo-2048x1220.png"),IF(AU2="LAR",IMAGE("https://1000logos.net/wp-content/uploads/2018/07/Rams-Logo.png"),IF(AU2="SEA",IMAGE("https://cdn.freebiesupply.com/images/large/2x/seattle-seahawks-logo-transparent.png"),IF(AU2="AZ",IMAGE("https://logos-world.net/wp-content/uploads/2020/05/Arizona-Cardinals-Logo.png"),IF(AU2="DAL",IMAGE("https://www.freepnglogos.com/uploads/dallas-cowboys-logo-22.png"),IF(AU2="PHI",IMAGE("https://1000logos.net/wp-content/uploads/2017/05/Philadelphia-Eagles-Logo.png"),IF(AU2="NYG",IMAGE("https://logosmarcas.net/wp-content/uploads/2020/07/New-York-Giants-Logo.png"),IF(AU2="WSH",IMAGE("https://logodownload.org/wp-content/uploads/2020/09/washington-commanders-logo.png"),IF(AU2="DET",IMAGE("https://logos-world.net/wp-content/uploads/2020/05/Detroit-Lions-Logo-2017-Present.png"),IF(AU2="GB",IMAGE("https://logodownload.org/wp-content/uploads/2020/07/green-bay-packers-logo-1.png"),IF(AU2="MIN",IMAGE("https://1000logos.net/wp-content/uploads/2017/06/Minnesota-Vikings-Logo-1965.png"),IF(AU2="CHI",IMAGE("https://logos-world.net/wp-content/uploads/2020/05/Chicago-Bears-logo.png"),IF(AU2="TB",IMAGE("https://logodownload.org/wp-content/uploads/2020/09/tampa-bay-buccaneers-logo.png"),IF(AU2="NO",IMAGE("https://1000logos.net/wp-content/uploads/2017/04/New-Orleans-Saints-Logo.png"),IF(AU2="ATL",IMAGE("https://logodownload.org/wp-content/uploads/2020/07/atlanta-falcons-logo-0.png"),IF(AU2="CAR",IMAGE("https://logos-download.com/wp-content/uploads/2018/02/Carolina_Panthers_logo_blue.png"),"")))))))))))))))))))))))))))))))) | AW2: 23 | AX2: 20 | AY2: FALSE | AZ2: SEA | BA2: =IF(AZ2="KC",IMAGE("https://logodownload.org/wp-content/uploads/2020/09/kansas-city-chiefs-logo.png"),IF(AZ2="LV",IMAGE("https://logodownload.org/wp-content/uploads/2020/09/las-vegas-raiders-logo-1-564x599.png"),IF(AZ2="DEN",IMAGE("https://logodownload.org/wp-content/uploads/2020/07/denver-broncos-logo-0.png"),IF(AZ2="LAC",IMAGE("https://logosmarcas.net/wp-content/uploads/2020/07/Los-Angeles-Chargers-logo.png"),IF(AZ2="BUF",IMAGE("https://logos-download.com/wp-content/uploads/2018/03/Buffalo_Bills_logo_blue.png"),IF(AZ2="MIA",IMAGE("https://logos-world.net/wp-content/uploads/2020/05/Miami-Dolphins-Logo.png"),IF(AZ2="NYJ",IMAGE("https://logos-world.net/wp-content/uploads/2020/07/New-York-Jets-Logo.png"),IF(AZ2="NE",IMAGE("https://purepng.com/public/uploads/large/new-england-patriots-logo-symbol-ucp.png"),IF(AZ2="BAL",IMAGE("https://1000logos.net/wp-content/uploads/2016/10/Baltimore-Ravens-Logo.png"),IF(AZ2="CLE",IMAGE("https://logos-world.net/wp-content/uploads/2020/05/Cleveland-Browns-Logo-2006-2014.png"),IF(AZ2="PIT",IMAGE("https://1000logos.net/wp-content/uploads/2017/06/Pittsburgh-Steelers-Logo.png"),IF(AZ2="CIN",IMAGE("https://logos-world.net/wp-content/uploads/2020/05/Cincinnati-Bengals-Logo.png"),IF(AZ2="HOU",IMAGE("https://cdn.wallpapersafari.com/15/25/Jnl2Yc.png"),IF(AZ2="JAX",IMAGE("https://1000logos.net/wp-content/uploads/2018/07/Jacksonville-Jaguars-Logo-1536x960.png"),IF(AZ2="IND",IMAGE("https://1000logos.net/wp-content/uploads/2016/12/Indianapolis-Colts-Logo-2048x1280.png"),IF(AZ2="TEN",IMAGE("https://img-s-msn-com.akamaized.net/tenant/amp/entityid/AA1YwbtK.img?w=720&h=720&m=6"),IF(AZ2="SF",IMAGE("https://logodownload.org/wp-content/uploads/2020/09/san-francisco-49ers-logo-2048x1220.png"),IF(AZ2="LAR",IMAGE("https://1000logos.net/wp-content/uploads/2018/07/Rams-Logo.png"),IF(AZ2="SEA",IMAGE("https://cdn.freebiesupply.com/images/large/2x/seattle-seahawks-logo-transparent.png"),IF(AZ2="AZ",IMAGE("https://logos-world.net/wp-content/uploads/2020/05/Arizona-Cardinals-Logo.png"),IF(AZ2="DAL",IMAGE("https://www.freepnglogos.com/uploads/dallas-cowboys-logo-22.png"),IF(AZ2="PHI",IMAGE("https://1000logos.net/wp-content/uploads/2017/05/Philadelphia-Eagles-Logo.png"),IF(AZ2="NYG",IMAGE("https://logosmarcas.net/wp-content/uploads/2020/07/New-York-Giants-Logo.png"),IF(AZ2="WSH",IMAGE("https://logodownload.org/wp-content/uploads/2020/09/washington-commanders-logo.png"),IF(AZ2="DET",IMAGE("https://logos-world.net/wp-content/uploads/2020/05/Detroit-Lions-Logo-2017-Present.png"),IF(AZ2="GB",IMAGE("https://logodownload.org/wp-content/uploads/2020/07/green-bay-packers-logo-1.png"),IF(AZ2="MIN",IMAGE("https://1000logos.net/wp-content/uploads/2017/06/Minnesota-Vikings-Logo-1965.png"),IF(AZ2="CHI",IMAGE("https://logos-world.net/wp-content/uploads/2020/05/Chicago-Bears-logo.png"),IF(AZ2="TB",IMAGE("https://logodownload.org/wp-content/uploads/2020/09/tampa-bay-buccaneers-logo.png"),IF(AZ2="NO",IMAGE("https://1000logos.net/wp-content/uploads/2017/04/New-Orleans-Saints-Logo.png"),IF(AZ2="ATL",IMAGE("https://logodownload.org/wp-content/uploads/2020/07/atlanta-falcons-logo-0.png"),IF(AZ2="CAR",IMAGE("https://logos-download.com/wp-content/uploads/2018/02/Carolina_Panthers_logo_blue.png"),"")))))))))))))))))))))))))))))))) | BB2: 20 | BC2: 23 | BD2: FALSE | BE2: SEA | BF2: =IF(BE2="KC",IMAGE("https://logodownload.org/wp-content/uploads/2020/09/kansas-city-chiefs-logo.png"),IF(BE2="LV",IMAGE("https://logodownload.org/wp-content/uploads/2020/09/las-vegas-raiders-logo-1-564x599.png"),IF(BE2="DEN",IMAGE("https://logodownload.org/wp-content/uploads/2020/07/denver-broncos-logo-0.png"),IF(BE2="LAC",IMAGE("https://logosmarcas.net/wp-content/uploads/2020/07/Los-Angeles-Chargers-logo.png"),IF(BE2="BUF",IMAGE("https://logos-download.com/wp-content/uploads/2018/03/Buffalo_Bills_logo_blue.png"),IF(BE2="MIA",IMAGE("https://logos-world.net/wp-content/uploads/2020/05/Miami-Dolphins-Logo.png"),IF(BE2="NYJ",IMAGE("https://logos-world.net/wp-content/uploads/2020/07/New-York-Jets-Logo.png"),IF(BE2="NE",IMAGE("https://purepng.com/public/uploads/large/new-england-patriots-logo-symbol-ucp.png"),IF(BE2="BAL",IMAGE("https://1000logos.net/wp-content/uploads/2016/10/Baltimore-Ravens-Logo.png"),IF(BE2="CLE",IMAGE("https://logos-world.net/wp-content/uploads/2020/05/Cleveland-Browns-Logo-2006-2014.png"),IF(BE2="PIT",IMAGE("https://1000logos.net/wp-content/uploads/2017/06/Pittsburgh-Steelers-Logo.png"),IF(BE2="CIN",IMAGE("https://logos-world.net/wp-content/uploads/2020/05/Cincinnati-Bengals-Logo.png"),IF(BE2="HOU",IMAGE("https://cdn.wallpapersafari.com/15/25/Jnl2Yc.png"),IF(BE2="JAX",IMAGE("https://1000logos.net/wp-content/uploads/2018/07/Jacksonville-Jaguars-Logo-1536x960.png"),IF(BE2="IND",IMAGE("https://1000logos.net/wp-content/uploads/2016/12/Indianapolis-Colts-Logo-2048x1280.png"),IF(BE2="TEN",IMAGE("https://img-s-msn-com.akamaized.net/tenant/amp/entityid/AA1YwbtK.img?w=720&h=720&m=6"),IF(BE2="SF",IMAGE("https://logodownload.org/wp-content/uploads/2020/09/san-francisco-49ers-logo-2048x1220.png"),IF(BE2="LAR",IMAGE("https://1000logos.net/wp-content/uploads/2018/07/Rams-Logo.png"),IF(BE2="SEA",IMAGE("https://cdn.freebiesupply.com/images/large/2x/seattle-seahawks-logo-transparent.png"),IF(BE2="AZ",IMAGE("https://logos-world.net/wp-content/uploads/2020/05/Arizona-Cardinals-Logo.png"),IF(BE2="DAL",IMAGE("https://www.freepnglogos.com/uploads/dallas-cowboys-logo-22.png"),IF(BE2="PHI",IMAGE("https://1000logos.net/wp-content/uploads/2017/05/Philadelphia-Eagles-Logo.png"),IF(BE2="NYG",IMAGE("https://logosmarcas.net/wp-content/uploads/2020/07/New-York-Giants-Logo.png"),IF(BE2="WSH",IMAGE("https://logodownload.org/wp-content/uploads/2020/09/washington-commanders-logo.png"),IF(BE2="DET",IMAGE("https://logos-world.net/wp-content/uploads/2020/05/Detroit-Lions-Logo-2017-Present.png"),IF(BE2="GB",IMAGE("https://logodownload.org/wp-content/uploads/2020/07/green-bay-packers-logo-1.png"),IF(BE2="MIN",IMAGE("https://1000logos.net/wp-content/uploads/2017/06/Minnesota-Vikings-Logo-1965.png"),IF(BE2="CHI",IMAGE("https://logos-world.net/wp-content/uploads/2020/05/Chicago-Bears-logo.png"),IF(BE2="TB",IMAGE("https://logodownload.org/wp-content/uploads/2020/09/tampa-bay-buccaneers-logo.png"),IF(BE2="NO",IMAGE("https://1000logos.net/wp-content/uploads/2017/04/New-Orleans-Saints-Logo.png"),IF(BE2="ATL",IMAGE("https://logodownload.org/wp-content/uploads/2020/07/atlanta-falcons-logo-0.png"),IF(BE2="CAR",IMAGE("https://logos-download.com/wp-content/uploads/2018/02/Carolina_Panthers_logo_blue.png"),"")))))))))))))))))))))))))))))))) | BG2: 17 | BH2: 24 | BI2: FALSE | BJ2: SEA | BK2: =IF(BJ2="KC",IMAGE("https://logodownload.org/wp-content/uploads/2020/09/kansas-city-chiefs-logo.png"),IF(BJ2="LV",IMAGE("https://logodownload.org/wp-content/uploads/2020/09/las-vegas-raiders-logo-1-564x599.png"),IF(BJ2="DEN",IMAGE("https://logodownload.org/wp-content/uploads/2020/07/denver-broncos-logo-0.png"),IF(BJ2="LAC",IMAGE("https://logosmarcas.net/wp-content/uploads/2020/07/Los-Angeles-Chargers-logo.png"),IF(BJ2="BUF",IMAGE("https://logos-download.com/wp-content/uploads/2018/03/Buffalo_Bills_logo_blue.png"),IF(BJ2="MIA",IMAGE("https://logos-world.net/wp-content/uploads/2020/05/Miami-Dolphins-Logo.png"),IF(BJ2="NYJ",IMAGE("https://logos-world.net/wp-content/uploads/2020/07/New-York-Jets-Logo.png"),IF(BJ2="NE",IMAGE("https://purepng.com/public/uploads/large/new-england-patriots-logo-symbol-ucp.png"),IF(BJ2="BAL",IMAGE("https://1000logos.net/wp-content/uploads/2016/10/Baltimore-Ravens-Logo.png"),IF(BJ2="CLE",IMAGE("https://logos-world.net/wp-content/uploads/2020/05/Cleveland-Browns-Logo-2006-2014.png"),IF(BJ2="PIT",IMAGE("https://1000logos.net/wp-content/uploads/2017/06/Pittsburgh-Steelers-Logo.png"),IF(BJ2="CIN",IMAGE("https://logos-world.net/wp-content/uploads/2020/05/Cincinnati-Bengals-Logo.png"),IF(BJ2="HOU",IMAGE("https://cdn.wallpapersafari.com/15/25/Jnl2Yc.png"),IF(BJ2="JAX",IMAGE("https://1000logos.net/wp-content/uploads/2018/07/Jacksonville-Jaguars-Logo-1536x960.png"),IF(BJ2="IND",IMAGE("https://1000logos.net/wp-content/uploads/2016/12/Indianapolis-Colts-Logo-2048x1280.png"),IF(BJ2="TEN",IMAGE("https://img-s-msn-com.akamaized.net/tenant/amp/entityid/AA1YwbtK.img?w=720&h=720&m=6"),IF(BJ2="SF",IMAGE("https://logodownload.org/wp-content/uploads/2020/09/san-francisco-49ers-logo-2048x1220.png"),IF(BJ2="LAR",IMAGE("https://1000logos.net/wp-content/uploads/2018/07/Rams-Logo.png"),IF(BJ2="SEA",IMAGE("https://cdn.freebiesupply.com/images/large/2x/seattle-seahawks-logo-transparent.png"),IF(BJ2="AZ",IMAGE("https://logos-world.net/wp-content/uploads/2020/05/Arizona-Cardinals-Logo.png"),IF(BJ2="DAL",IMAGE("https://www.freepnglogos.com/uploads/dallas-cowboys-logo-22.png"),IF(BJ2="PHI",IMAGE("https://1000logos.net/wp-content/uploads/2017/05/Philadelphia-Eagles-Logo.png"),IF(BJ2="NYG",IMAGE("https://logosmarcas.net/wp-content/uploads/2020/07/New-York-Giants-Logo.png"),IF(BJ2="WSH",IMAGE("https://logodownload.org/wp-content/uploads/2020/09/washington-commanders-logo.png"),IF(BJ2="DET",IMAGE("https://logos-world.net/wp-content/uploads/2020/05/Detroit-Lions-Logo-2017-Present.png"),IF(BJ2="GB",IMAGE("https://logodownload.org/wp-content/uploads/2020/07/green-bay-packers-logo-1.png"),IF(BJ2="MIN",IMAGE("https://1000logos.net/wp-content/uploads/2017/06/Minnesota-Vikings-Logo-1965.png"),IF(BJ2="CHI",IMAGE("https://logos-world.net/wp-content/uploads/2020/05/Chicago-Bears-logo.png"),IF(BJ2="TB",IMAGE("https://logodownload.org/wp-content/uploads/2020/09/tampa-bay-buccaneers-logo.png"),IF(BJ2="NO",IMAGE("https://1000logos.net/wp-content/uploads/2017/04/New-Orleans-Saints-Logo.png"),IF(BJ2="ATL",IMAGE("https://logodownload.org/wp-content/uploads/2020/07/atlanta-falcons-logo-0.png"),IF(BJ2="CAR",IMAGE("https://logos-download.com/wp-content/uploads/2018/02/Carolina_Panthers_logo_blue.png"),"")))))))))))))))))))))))))))))))) | BL2: 17 | BM2: 24 | BN2: FALSE
A3: Thu 9/10 @ 7:35pm (INTL) | B3: SF @ LAR | C3: =IFERROR(__xludf.DUMMYFUNCTION("""COMPUTED_VALUE"""),"SF") -> SF | D3: =IFERROR(__xludf.DUMMYFUNCTION("""COMPUTED_VALUE"""),"") | E3: =IFERROR(__xludf.DUMMYFUNCTION("""COMPUTED_VALUE"""),27.0) -> 27 | F3: =IFERROR(__xludf.DUMMYFUNCTION("""COMPUTED_VALUE"""),7.0) -> 7 | G3: LAR | H3: =IF(G3="KC",IMAGE("https://logodownload.org/wp-content/uploads/2020/09/kansas-city-chiefs-logo.png"),IF(G3="LV",IMAGE("https://logodownload.org/wp-content/uploads/2020/09/las-vegas-raiders-logo-1-564x599.png"),IF(G3="DEN",IMAGE("https://logodownload.org/wp-content/uploads/2020/07/denver-broncos-logo-0.png"),IF(G3="LAC",IMAGE("https://logosmarcas.net/wp-content/uploads/2020/07/Los-Angeles-Chargers-logo.png"),IF(G3="BUF",IMAGE("https://logos-download.com/wp-content/uploads/2018/03/Buffalo_Bills_logo_blue.png"),IF(G3="MIA",IMAGE("https://logos-world.net/wp-content/uploads/2020/05/Miami-Dolphins-Logo.png"),IF(G3="NYJ",IMAGE("https://logos-world.net/wp-content/uploads/2020/07/New-York-Jets-Logo.png"),IF(G3="NE",IMAGE("https://purepng.com/public/uploads/large/new-england-patriots-logo-symbol-ucp.png"),IF(G3="BAL",IMAGE("https://1000logos.net/wp-content/uploads/2016/10/Baltimore-Ravens-Logo.png"),IF(G3="CLE",IMAGE("https://logos-world.net/wp-content/uploads/2020/05/Cleveland-Browns-Logo-2006-2014.png"),IF(G3="PIT",IMAGE("https://1000logos.net/wp-content/uploads/2017/06/Pittsburgh-Steelers-Logo.png"),IF(G3="CIN",IMAGE("https://logos-world.net/wp-content/uploads/2020/05/Cincinnati-Bengals-Logo.png"),IF(G3="HOU",IMAGE("https://cdn.wallpapersafari.com/15/25/Jnl2Yc.png"),IF(G3="JAX",IMAGE("https://1000logos.net/wp-content/uploads/2018/07/Jacksonville-Jaguars-Logo-1536x960.png"),IF(G3="IND",IMAGE("https://1000logos.net/wp-content/uploads/2016/12/Indianapolis-Colts-Logo-2048x1280.png"),IF(G3="TEN",IMAGE("https://img-s-msn-com.akamaized.net/tenant/amp/entityid/AA1YwbtK.img?w=720&h=720&m=6"),IF(G3="SF",IMAGE("https://logodownload.org/wp-content/uploads/2020/09/san-francisco-49ers-logo-2048x1220.png"),IF(G3="LAR",IMAGE("https://1000logos.net/wp-content/uploads/2018/07/Rams-Logo.png"),IF(G3="SEA",IMAGE("https://cdn.freebiesupply.com/images/large/2x/seattle-seahawks-logo-transparent.png"),IF(G3="AZ",IMAGE("https://logos-world.net/wp-content/uploads/2020/05/Arizona-Cardinals-Logo.png"),IF(G3="DAL",IMAGE("https://www.freepnglogos.com/uploads/dallas-cowboys-logo-22.png"),IF(G3="PHI",IMAGE("https://1000logos.net/wp-content/uploads/2017/05/Philadelphia-Eagles-Logo.png"),IF(G3="NYG",IMAGE("https://logosmarcas.net/wp-content/uploads/2020/07/New-York-Giants-Logo.png"),IF(G3="WSH",IMAGE("https://logodownload.org/wp-content/uploads/2020/09/washington-commanders-logo.png"),IF(G3="DET",IMAGE("https://logos-world.net/wp-content/uploads/2020/05/Detroit-Lions-Logo-2017-Present.png"),IF(G3="GB",IMAGE("https://logodownload.org/wp-content/uploads/2020/07/green-bay-packers-logo-1.png"),IF(G3="MIN",IMAGE("https://1000logos.net/wp-content/uploads/2017/06/Minnesota-Vikings-Logo-1965.png"),IF(G3="CHI",IMAGE("https://logos-world.net/wp-content/uploads/2020/05/Chicago-Bears-logo.png"),IF(G3="TB",IMAGE("https://logodownload.org/wp-content/uploads/2020/09/tampa-bay-buccaneers-logo.png"),IF(G3="NO",IMAGE("https://1000logos.net/wp-content/uploads/2017/04/New-Orleans-Saints-Logo.png"),IF(G3="ATL",IMAGE("https://logodownload.org/wp-content/uploads/2020/07/atlanta-falcons-logo-0.png"),IF(G3="CAR",IMAGE("https://logos-download.com/wp-content/uploads/2018/02/Carolina_Panthers_logo_blue.png"),"")))))))))))))))))))))))))))))))) | I3: 17 | J3: 21 | K3: FALSE | L3: SF | M3: =IF(L3="KC",IMAGE("https://logodownload.org/wp-content/uploads/2020/09/kansas-city-chiefs-logo.png"),IF(L3="LV",IMAGE("https://logodownload.org/wp-content/uploads/2020/09/las-vegas-raiders-logo-1-564x599.png"),IF(L3="DEN",IMAGE("https://logodownload.org/wp-content/uploads/2020/07/denver-broncos-logo-0.png"),IF(L3="LAC",IMAGE("https://logosmarcas.net/wp-content/uploads/2020/07/Los-Angeles-Chargers-logo.png"),IF(L3="BUF",IMAGE("https://logos-download.com/wp-content/uploads/2018/03/Buffalo_Bills_logo_blue.png"),IF(L3="MIA",IMAGE("https://logos-world.net/wp-content/uploads/2020/05/Miami-Dolphins-Logo.png"),IF(L3="NYJ",IMAGE("https://logos-world.net/wp-content/uploads/2020/07/New-York-Jets-Logo.png"),IF(L3="NE",IMAGE("https://purepng.com/public/uploads/large/new-england-patriots-logo-symbol-ucp.png"),IF(L3="BAL",IMAGE("https://1000logos.net/wp-content/uploads/2016/10/Baltimore-Ravens-Logo.png"),IF(L3="CLE",IMAGE("https://logos-world.net/wp-content/uploads/2020/05/Cleveland-Browns-Logo-2006-2014.png"),IF(L3="PIT",IMAGE("https://1000logos.net/wp-content/uploads/2017/06/Pittsburgh-Steelers-Logo.png"),IF(L3="CIN",IMAGE("https://logos-world.net/wp-content/uploads/2020/05/Cincinnati-Bengals-Logo.png"),IF(L3="HOU",IMAGE("https://cdn.wallpapersafari.com/15/25/Jnl2Yc.png"),IF(L3="JAX",IMAGE("https://1000logos.net/wp-content/uploads/2018/07/Jacksonville-Jaguars-Logo-1536x960.png"),IF(L3="IND",IMAGE("https://1000logos.net/wp-content/uploads/2016/12/Indianapolis-Colts-Logo-2048x1280.png"),IF(L3="TEN",IMAGE("https://img-s-msn-com.akamaized.net/tenant/amp/entityid/AA1YwbtK.img?w=720&h=720&m=6"),IF(L3="SF",IMAGE("https://logodownload.org/wp-content/uploads/2020/09/san-francisco-49ers-logo-2048x1220.png"),IF(L3="LAR",IMAGE("https://1000logos.net/wp-content/uploads/2018/07/Rams-Logo.png"),IF(L3="SEA",IMAGE("https://cdn.freebiesupply.com/images/large/2x/seattle-seahawks-logo-transparent.png"),IF(L3="AZ",IMAGE("https://logos-world.net/wp-content/uploads/2020/05/Arizona-Cardinals-Logo.png"),IF(L3="DAL",IMAGE("https://www.freepnglogos.com/uploads/dallas-cowboys-logo-22.png"),IF(L3="PHI",IMAGE("https://1000logos.net/wp-content/uploads/2017/05/Philadelphia-Eagles-Logo.png"),IF(L3="NYG",IMAGE("https://logosmarcas.net/wp-content/uploads/2020/07/New-York-Giants-Logo.png"),IF(L3="WSH",IMAGE("https://logodownload.org/wp-content/uploads/2020/09/washington-commanders-logo.png"),IF(L3="DET",IMAGE("https://logos-world.net/wp-content/uploads/2020/05/Detroit-Lions-Logo-2017-Present.png"),IF(L3="GB",IMAGE("https://logodownload.org/wp-content/uploads/2020/07/green-bay-packers-logo-1.png"),IF(L3="MIN",IMAGE("https://1000logos.net/wp-content/uploads/2017/06/Minnesota-Vikings-Logo-1965.png"),IF(L3="CHI",IMAGE("https://logos-world.net/wp-content/uploads/2020/05/Chicago-Bears-logo.png"),IF(L3="TB",IMAGE("https://logodownload.org/wp-content/uploads/2020/09/tampa-bay-buccaneers-logo.png"),IF(L3="NO",IMAGE("https://1000logos.net/wp-content/uploads/2017/04/New-Orleans-Saints-Logo.png"),IF(L3="ATL",IMAGE("https://logodownload.org/wp-content/uploads/2020/07/atlanta-falcons-logo-0.png"),IF(L3="CAR",IMAGE("https://logos-download.com/wp-content/uploads/2018/02/Carolina_Panthers_logo_blue.png"),"")))))))))))))))))))))))))))))))) | N3: 27 | O3: 24 | P3: FALSE | Q3: LAR | R3: =IF(Q3="KC",IMAGE("https://logodownload.org/wp-content/uploads/2020/09/kansas-city-chiefs-logo.png"),IF(Q3="LV",IMAGE("https://logodownload.org/wp-content/uploads/2020/09/las-vegas-raiders-logo-1-564x599.png"),IF(Q3="DEN",IMAGE("https://logodownload.org/wp-content/uploads/2020/07/denver-broncos-logo-0.png"),IF(Q3="LAC",IMAGE("https://logosmarcas.net/wp-content/uploads/2020/07/Los-Angeles-Chargers-logo.png"),IF(Q3="BUF",IMAGE("https://logos-download.com/wp-content/uploads/2018/03/Buffalo_Bills_logo_blue.png"),IF(Q3="MIA",IMAGE("https://logos-world.net/wp-content/uploads/2020/05/Miami-Dolphins-Logo.png"),IF(Q3="NYJ",IMAGE("https://logos-world.net/wp-content/uploads/2020/07/New-York-Jets-Logo.png"),IF(Q3="NE",IMAGE("https://purepng.com/public/uploads/large/new-england-patriots-logo-symbol-ucp.png"),IF(Q3="BAL",IMAGE("https://1000logos.net/wp-content/uploads/2016/10/Baltimore-Ravens-Logo.png"),IF(Q3="CLE",IMAGE("https://logos-world.net/wp-content/uploads/2020/05/Cleveland-Browns-Logo-2006-2014.png"),IF(Q3="PIT",IMAGE("https://1000logos.net/wp-content/uploads/2017/06/Pittsburgh-Steelers-Logo.png"),IF(Q3="CIN",IMAGE("https://logos-world.net/wp-content/uploads/2020/05/Cincinnati-Bengals-Logo.png"),IF(Q3="HOU",IMAGE("https://cdn.wallpapersafari.com/15/25/Jnl2Yc.png"),IF(Q3="JAX",IMAGE("https://1000logos.net/wp-content/uploads/2018/07/Jacksonville-Jaguars-Logo-1536x960.png"),IF(Q3="IND",IMAGE("https://1000logos.net/wp-content/uploads/2016/12/Indianapolis-Colts-Logo-2048x1280.png"),IF(Q3="TEN",IMAGE("https://img-s-msn-com.akamaized.net/tenant/amp/entityid/AA1YwbtK.img?w=720&h=720&m=6"),IF(Q3="SF",IMAGE("https://logodownload.org/wp-content/uploads/2020/09/san-francisco-49ers-logo-2048x1220.png"),IF(Q3="LAR",IMAGE("https://1000logos.net/wp-content/uploads/2018/07/Rams-Logo.png"),IF(Q3="SEA",IMAGE("https://cdn.freebiesupply.com/images/large/2x/seattle-seahawks-logo-transparent.png"),IF(Q3="AZ",IMAGE("https://logos-world.net/wp-content/uploads/2020/05/Arizona-Cardinals-Logo.png"),IF(Q3="DAL",IMAGE("https://www.freepnglogos.com/uploads/dallas-cowboys-logo-22.png"),IF(Q3="PHI",IMAGE("https://1000logos.net/wp-content/uploads/2017/05/Philadelphia-Eagles-Logo.png"),IF(Q3="NYG",IMAGE("https://logosmarcas.net/wp-content/uploads/2020/07/New-York-Giants-Logo.png"),IF(Q3="WSH",IMAGE("https://logodownload.org/wp-content/uploads/2020/09/washington-commanders-logo.png"),IF(Q3="DET",IMAGE("https://logos-world.net/wp-content/uploads/2020/05/Detroit-Lions-Logo-2017-Present.png"),IF(Q3="GB",IMAGE("https://logodownload.org/wp-content/uploads/2020/07/green-bay-packers-logo-1.png"),IF(Q3="MIN",IMAGE("https://1000logos.net/wp-content/uploads/2017/06/Minnesota-Vikings-Logo-1965.png"),IF(Q3="CHI",IMAGE("https://logos-world.net/wp-content/uploads/2020/05/Chicago-Bears-logo.png"),IF(Q3="TB",IMAGE("https://logodownload.org/wp-content/uploads/2020/09/tampa-bay-buccaneers-logo.png"),IF(Q3="NO",IMAGE("https://1000logos.net/wp-content/uploads/2017/04/New-Orleans-Saints-Logo.png"),IF(Q3="ATL",IMAGE("https://logodownload.org/wp-content/uploads/2020/07/atlanta-falcons-logo-0.png"),IF(Q3="CAR",IMAGE("https://logos-download.com/wp-content/uploads/2018/02/Carolina_Panthers_logo_blue.png"),"")))))))))))))))))))))))))))))))) | S3: 24 | T3: 27 | U3: FALSE | V3: LAR | W3: =IF(V3="KC",IMAGE("https://logodownload.org/wp-content/uploads/2020/09/kansas-city-chiefs-logo.png"),IF(V3="LV",IMAGE("https://logodownload.org/wp-content/uploads/2020/09/las-vegas-raiders-logo-1-564x599.png"),IF(V3="DEN",IMAGE("https://logodownload.org/wp-content/uploads/2020/07/denver-broncos-logo-0.png"),IF(V3="LAC",IMAGE("https://logosmarcas.net/wp-content/uploads/2020/07/Los-Angeles-Chargers-logo.png"),IF(V3="BUF",IMAGE("https://logos-download.com/wp-content/uploads/2018/03/Buffalo_Bills_logo_blue.png"),IF(V3="MIA",IMAGE("https://logos-world.net/wp-content/uploads/2020/05/Miami-Dolphins-Logo.png"),IF(V3="NYJ",IMAGE("https://logos-world.net/wp-content/uploads/2020/07/New-York-Jets-Logo.png"),IF(V3="NE",IMAGE("https://purepng.com/public/uploads/large/new-england-patriots-logo-symbol-ucp.png"),IF(V3="BAL",IMAGE("https://1000logos.net/wp-content/uploads/2016/10/Baltimore-Ravens-Logo.png"),IF(V3="CLE",IMAGE("https://logos-world.net/wp-content/uploads/2020/05/Cleveland-Browns-Logo-2006-2014.png"),IF(V3="PIT",IMAGE("https://1000logos.net/wp-content/uploads/2017/06/Pittsburgh-Steelers-Logo.png"),IF(V3="CIN",IMAGE("https://logos-world.net/wp-content/uploads/2020/05/Cincinnati-Bengals-Logo.png"),IF(V3="HOU",IMAGE("https://cdn.wallpapersafari.com/15/25/Jnl2Yc.png"),IF(V3="JAX",IMAGE("https://1000logos.net/wp-content/uploads/2018/07/Jacksonville-Jaguars-Logo-1536x960.png"),IF(V3="IND",IMAGE("https://1000logos.net/wp-content/uploads/2016/12/Indianapolis-Colts-Logo-2048x1280.png"),IF(V3="TEN",IMAGE("https://img-s-msn-com.akamaized.net/tenant/amp/entityid/AA1YwbtK.img?w=720&h=720&m=6"),IF(V3="SF",IMAGE("https://logodownload.org/wp-content/uploads/2020/09/san-francisco-49ers-logo-2048x1220.png"),IF(V3="LAR",IMAGE("https://1000logos.net/wp-content/uploads/2018/07/Rams-Logo.png"),IF(V3="SEA",IMAGE("https://cdn.freebiesupply.com/images/large/2x/seattle-seahawks-logo-transparent.png"),IF(V3="AZ",IMAGE("https://logos-world.net/wp-content/uploads/2020/05/Arizona-Cardinals-Logo.png"),IF(V3="DAL",IMAGE("https://www.freepnglogos.com/uploads/dallas-cowboys-logo-22.png"),IF(V3="PHI",IMAGE("https://1000logos.net/wp-content/uploads/2017/05/Philadelphia-Eagles-Logo.png"),IF(V3="NYG",IMAGE("https://logosmarcas.net/wp-content/uploads/2020/07/New-York-Giants-Logo.png"),IF(V3="WSH",IMAGE("https://logodownload.org/wp-content/uploads/2020/09/washington-commanders-logo.png"),IF(V3="DET",IMAGE("https://logos-world.net/wp-content/uploads/2020/05/Detroit-Lions-Logo-2017-Present.png"),IF(V3="GB",IMAGE("https://logodownload.org/wp-content/uploads/2020/07/green-bay-packers-logo-1.png"),IF(V3="MIN",IMAGE("https://1000logos.net/wp-content/uploads/2017/06/Minnesota-Vikings-Logo-1965.png"),IF(V3="CHI",IMAGE("https://logos-world.net/wp-content/uploads/2020/05/Chicago-Bears-logo.png"),IF(V3="TB",IMAGE("https://logodownload.org/wp-content/uploads/2020/09/tampa-bay-buccaneers-logo.png"),IF(V3="NO",IMAGE("https://1000logos.net/wp-content/uploads/2017/04/New-Orleans-Saints-Logo.png"),IF(V3="ATL",IMAGE("https://logodownload.org/wp-content/uploads/2020/07/atlanta-falcons-logo-0.png"),IF(V3="CAR",IMAGE("https://logos-download.com/wp-content/uploads/2018/02/Carolina_Panthers_logo_blue.png"),"")))))))))))))))))))))))))))))))) | X3: 13 | Y3: 27 | Z3: TRUE | AA3: LAR | AB3: =IF(AA3="KC",IMAGE("https://logodownload.org/wp-content/uploads/2020/09/kansas-city-chiefs-logo.png"),IF(AA3="LV",IMAGE("https://logodownload.org/wp-content/uploads/2020/09/las-vegas-raiders-logo-1-564x599.png"),IF(AA3="DEN",IMAGE("https://logodownload.org/wp-content/uploads/2020/07/denver-broncos-logo-0.png"),IF(AA3="LAC",IMAGE("https://logosmarcas.net/wp-content/uploads/2020/07/Los-Angeles-Chargers-logo.png"),IF(AA3="BUF",IMAGE("https://logos-download.com/wp-content/uploads/2018/03/Buffalo_Bills_logo_blue.png"),IF(AA3="MIA",IMAGE("https://logos-world.net/wp-content/uploads/2020/05/Miami-Dolphins-Logo.png"),IF(AA3="NYJ",IMAGE("https://logos-world.net/wp-content/uploads/2020/07/New-York-Jets-Logo.png"),IF(AA3="NE",IMAGE("https://purepng.com/public/uploads/large/new-england-patriots-logo-symbol-ucp.png"),IF(AA3="BAL",IMAGE("https://1000logos.net/wp-content/uploads/2016/10/Baltimore-Ravens-Logo.png"),IF(AA3="CLE",IMAGE("https://logos-world.net/wp-content/uploads/2020/05/Cleveland-Browns-Logo-2006-2014.png"),IF(AA3="PIT",IMAGE("https://1000logos.net/wp-content/uploads/2017/06/Pittsburgh-Steelers-Logo.png"),IF(AA3="CIN",IMAGE("https://logos-world.net/wp-content/uploads/2020/05/Cincinnati-Bengals-Logo.png"),IF(AA3="HOU",IMAGE("https://cdn.wallpapersafari.com/15/25/Jnl2Yc.png"),IF(AA3="JAX",IMAGE("https://1000logos.net/wp-content/uploads/2018/07/Jacksonville-Jaguars-Logo-1536x960.png"),IF(AA3="IND",IMAGE("https://1000logos.net/wp-content/uploads/2016/12/Indianapolis-Colts-Logo-2048x1280.png"),IF(AA3="TEN",IMAGE("https://img-s-msn-com.akamaized.net/tenant/amp/entityid/AA1YwbtK.img?w=720&h=720&m=6"),IF(AA3="SF",IMAGE("https://logodownload.org/wp-content/uploads/2020/09/san-francisco-49ers-logo-2048x1220.png"),IF(AA3="LAR",IMAGE("https://1000logos.net/wp-content/uploads/2018/07/Rams-Logo.png"),IF(AA3="SEA",IMAGE("https://cdn.freebiesupply.com/images/large/2x/seattle-seahawks-logo-transparent.png"),IF(AA3="AZ",IMAGE("https://logos-world.net/wp-content/uploads/2020/05/Arizona-Cardinals-Logo.png"),IF(AA3="DAL",IMAGE("https://www.freepnglogos.com/uploads/dallas-cowboys-logo-22.png"),IF(AA3="PHI",IMAGE("https://1000logos.net/wp-content/uploads/2017/05/Philadelphia-Eagles-Logo.png"),IF(AA3="NYG",IMAGE("https://logosmarcas.net/wp-content/uploads/2020/07/New-York-Giants-Logo.png"),IF(AA3="WSH",IMAGE("https://logodownload.org/wp-content/uploads/2020/09/washington-commanders-logo.png"),IF(AA3="DET",IMAGE("https://logos-world.net/wp-content/uploads/2020/05/Detroit-Lions-Logo-2017-Present.png"),IF(AA3="GB",IMAGE("https://logodownload.org/wp-content/uploads/2020/07/green-bay-packers-logo-1.png"),IF(AA3="MIN",IMAGE("https://1000logos.net/wp-content/uploads/2017/06/Minnesota-Vikings-Logo-1965.png"),IF(AA3="CHI",IMAGE("https://logos-world.net/wp-content/uploads/2020/05/Chicago-Bears-logo.png"),IF(AA3="TB",IMAGE("https://logodownload.org/wp-content/uploads/2020/09/tampa-bay-buccaneers-logo.png"),IF(AA3="NO",IMAGE("https://1000logos.net/wp-content/uploads/2017/04/New-Orleans-Saints-Logo.png"),IF(AA3="ATL",IMAGE("https://logodownload.org/wp-content/uploads/2020/07/atlanta-falcons-logo-0.png"),IF(AA3="CAR",IMAGE("https://logos-download.com/wp-content/uploads/2018/02/Carolina_Panthers_logo_blue.png"),"")))))))))))))))))))))))))))))))) | AC3: 17 | AD3: 28 | AE3: FALSE | AF3: LAR | AG3: =IF(AF3="KC",IMAGE("https://logodownload.org/wp-content/uploads/2020/09/kansas-city-chiefs-logo.png"),IF(AF3="LV",IMAGE("https://logodownload.org/wp-content/uploads/2020/09/las-vegas-raiders-logo-1-564x599.png"),IF(AF3="DEN",IMAGE("https://logodownload.org/wp-content/uploads/2020/07/denver-broncos-logo-0.png"),IF(AF3="LAC",IMAGE("https://logosmarcas.net/wp-content/uploads/2020/07/Los-Angeles-Chargers-logo.png"),IF(AF3="BUF",IMAGE("https://logos-download.com/wp-content/uploads/2018/03/Buffalo_Bills_logo_blue.png"),IF(AF3="MIA",IMAGE("https://logos-world.net/wp-content/uploads/2020/05/Miami-Dolphins-Logo.png"),IF(AF3="NYJ",IMAGE("https://logos-world.net/wp-content/uploads/2020/07/New-York-Jets-Logo.png"),IF(AF3="NE",IMAGE("https://purepng.com/public/uploads/large/new-england-patriots-logo-symbol-ucp.png"),IF(AF3="BAL",IMAGE("https://1000logos.net/wp-content/uploads/2016/10/Baltimore-Ravens-Logo.png"),IF(AF3="CLE",IMAGE("https://logos-world.net/wp-content/uploads/2020/05/Cleveland-Browns-Logo-2006-2014.png"),IF(AF3="PIT",IMAGE("https://1000logos.net/wp-content/uploads/2017/06/Pittsburgh-Steelers-Logo.png"),IF(AF3="CIN",IMAGE("https://logos-world.net/wp-content/uploads/2020/05/Cincinnati-Bengals-Logo.png"),IF(AF3="HOU",IMAGE("https://cdn.wallpapersafari.com/15/25/Jnl2Yc.png"),IF(AF3="JAX",IMAGE("https://1000logos.net/wp-content/uploads/2018/07/Jacksonville-Jaguars-Logo-1536x960.png"),IF(AF3="IND",IMAGE("https://1000logos.net/wp-content/uploads/2016/12/Indianapolis-Colts-Logo-2048x1280.png"),IF(AF3="TEN",IMAGE("https://img-s-msn-com.akamaized.net/tenant/amp/entityid/AA1YwbtK.img?w=720&h=720&m=6"),IF(AF3="SF",IMAGE("https://logodownload.org/wp-content/uploads/2020/09/san-francisco-49ers-logo-2048x1220.png"),IF(AF3="LAR",IMAGE("https://1000logos.net/wp-content/uploads/2018/07/Rams-Logo.png"),IF(AF3="SEA",IMAGE("https://cdn.freebiesupply.com/images/large/2x/seattle-seahawks-logo-transparent.png"),IF(AF3="AZ",IMAGE("https://logos-world.net/wp-content/uploads/2020/05/Arizona-Cardinals-Logo.png"),IF(AF3="DAL",IMAGE("https://www.freepnglogos.com/uploads/dallas-cowboys-logo-22.png"),IF(AF3="PHI",IMAGE("https://1000logos.net/wp-content/uploads/2017/05/Philadelphia-Eagles-Logo.png"),IF(AF3="NYG",IMAGE("https://logosmarcas.net/wp-content/uploads/2020/07/New-York-Giants-Logo.png"),IF(AF3="WSH",IMAGE("https://logodownload.org/wp-content/uploads/2020/09/washington-commanders-logo.png"),IF(AF3="DET",IMAGE("https://logos-world.net/wp-content/uploads/2020/05/Detroit-Lions-Logo-2017-Present.png"),IF(AF3="GB",IMAGE("https://logodownload.org/wp-content/uploads/2020/07/green-bay-packers-logo-1.png"),IF(AF3="MIN",IMAGE("https://1000logos.net/wp-content/uploads/2017/06/Minnesota-Vikings-Logo-1965.png"),IF(AF3="CHI",IMAGE("https://logos-world.net/wp-content/uploads/2020/05/Chicago-Bears-logo.png"),IF(AF3="TB",IMAGE("https://logodownload.org/wp-content/uploads/2020/09/tampa-bay-buccaneers-logo.png"),IF(AF3="NO",IMAGE("https://1000logos.net/wp-content/uploads/2017/04/New-Orleans-Saints-Logo.png"),IF(AF3="ATL",IMAGE("https://logodownload.org/wp-content/uploads/2020/07/atlanta-falcons-logo-0.png"),IF(AF3="CAR",IMAGE("https://logos-download.com/wp-content/uploads/2018/02/Carolina_Panthers_logo_blue.png"),"")))))))))))))))))))))))))))))))) | AH3: 21 | AI3: 27 | AJ3: FALSE | AK3: LAR | AL3: =IF(AK3="KC",IMAGE("https://logodownload.org/wp-content/uploads/2020/09/kansas-city-chiefs-logo.png"),IF(AK3="LV",IMAGE("https://logodownload.org/wp-content/uploads/2020/09/las-vegas-raiders-logo-1-564x599.png"),IF(AK3="DEN",IMAGE("https://logodownload.org/wp-content/uploads/2020/07/denver-broncos-logo-0.png"),IF(AK3="LAC",IMAGE("https://logosmarcas.net/wp-content/uploads/2020/07/Los-Angeles-Chargers-logo.png"),IF(AK3="BUF",IMAGE("https://logos-download.com/wp-content/uploads/2018/03/Buffalo_Bills_logo_blue.png"),IF(AK3="MIA",IMAGE("https://logos-world.net/wp-content/uploads/2020/05/Miami-Dolphins-Logo.png"),IF(AK3="NYJ",IMAGE("https://logos-world.net/wp-content/uploads/2020/07/New-York-Jets-Logo.png"),IF(AK3="NE",IMAGE("https://purepng.com/public/uploads/large/new-england-patriots-logo-symbol-ucp.png"),IF(AK3="BAL",IMAGE("https://1000logos.net/wp-content/uploads/2016/10/Baltimore-Ravens-Logo.png"),IF(AK3="CLE",IMAGE("https://logos-world.net/wp-content/uploads/2020/05/Cleveland-Browns-Logo-2006-2014.png"),IF(AK3="PIT",IMAGE("https://1000logos.net/wp-content/uploads/2017/06/Pittsburgh-Steelers-Logo.png"),IF(AK3="CIN",IMAGE("https://logos-world.net/wp-content/uploads/2020/05/Cincinnati-Bengals-Logo.png"),IF(AK3="HOU",IMAGE("https://cdn.wallpapersafari.com/15/25/Jnl2Yc.png"),IF(AK3="JAX",IMAGE("https://1000logos.net/wp-content/uploads/2018/07/Jacksonville-Jaguars-Logo-1536x960.png"),IF(AK3="IND",IMAGE("https://1000logos.net/wp-content/uploads/2016/12/Indianapolis-Colts-Logo-2048x1280.png"),IF(AK3="TEN",IMAGE("https://img-s-msn-com.akamaized.net/tenant/amp/entityid/AA1YwbtK.img?w=720&h=720&m=6"),IF(AK3="SF",IMAGE("https://logodownload.org/wp-content/uploads/2020/09/san-francisco-49ers-logo-2048x1220.png"),IF(AK3="LAR",IMAGE("https://1000logos.net/wp-content/uploads/2018/07/Rams-Logo.png"),IF(AK3="SEA",IMAGE("https://cdn.freebiesupply.com/images/large/2x/seattle-seahawks-logo-transparent.png"),IF(AK3="AZ",IMAGE("https://logos-world.net/wp-content/uploads/2020/05/Arizona-Cardinals-Logo.png"),IF(AK3="DAL",IMAGE("https://www.freepnglogos.com/uploads/dallas-cowboys-logo-22.png"),IF(AK3="PHI",IMAGE("https://1000logos.net/wp-content/uploads/2017/05/Philadelphia-Eagles-Logo.png"),IF(AK3="NYG",IMAGE("https://logosmarcas.net/wp-content/uploads/2020/07/New-York-Giants-Logo.png"),IF(AK3="WSH",IMAGE("https://logodownload.org/wp-content/uploads/2020/09/washington-commanders-logo.png"),IF(AK3="DET",IMAGE("https://logos-world.net/wp-content/uploads/2020/05/Detroit-Lions-Logo-2017-Present.png"),IF(AK3="GB",IMAGE("https://logodownload.org/wp-content/uploads/2020/07/green-bay-packers-logo-1.png"),IF(AK3="MIN",IMAGE("https://1000logos.net/wp-content/uploads/2017/06/Minnesota-Vikings-Logo-1965.png"),IF(AK3="CHI",IMAGE("https://logos-world.net/wp-content/uploads/2020/05/Chicago-Bears-logo.png"),IF(AK3="TB",IMAGE("https://logodownload.org/wp-content/uploads/2020/09/tampa-bay-buccaneers-logo.png"),IF(AK3="NO",IMAGE("https://1000logos.net/wp-content/uploads/2017/04/New-Orleans-Saints-Logo.png"),IF(AK3="ATL",IMAGE("https://logodownload.org/wp-content/uploads/2020/07/atlanta-falcons-logo-0.png"),IF(AK3="CAR",IMAGE("https://logos-download.com/wp-content/uploads/2018/02/Carolina_Panthers_logo_blue.png"),"")))))))))))))))))))))))))))))))) | AM3: 10 | AN3: 14 | AO3: FALSE | AP3: LAR | AQ3: =IF(AP3="KC",IMAGE("https://logodownload.org/wp-content/uploads/2020/09/kansas-city-chiefs-logo.png"),IF(AP3="LV",IMAGE("https://logodownload.org/wp-content/uploads/2020/09/las-vegas-raiders-logo-1-564x599.png"),IF(AP3="DEN",IMAGE("https://logodownload.org/wp-content/uploads/2020/07/denver-broncos-logo-0.png"),IF(AP3="LAC",IMAGE("https://logosmarcas.net/wp-content/uploads/2020/07/Los-Angeles-Chargers-logo.png"),IF(AP3="BUF",IMAGE("https://logos-download.com/wp-content/uploads/2018/03/Buffalo_Bills_logo_blue.png"),IF(AP3="MIA",IMAGE("https://logos-world.net/wp-content/uploads/2020/05/Miami-Dolphins-Logo.png"),IF(AP3="NYJ",IMAGE("https://logos-world.net/wp-content/uploads/2020/07/New-York-Jets-Logo.png"),IF(AP3="NE",IMAGE("https://purepng.com/public/uploads/large/new-england-patriots-logo-symbol-ucp.png"),IF(AP3="BAL",IMAGE("https://1000logos.net/wp-content/uploads/2016/10/Baltimore-Ravens-Logo.png"),IF(AP3="CLE",IMAGE("https://logos-world.net/wp-content/uploads/2020/05/Cleveland-Browns-Logo-2006-2014.png"),IF(AP3="PIT",IMAGE("https://1000logos.net/wp-content/uploads/2017/06/Pittsburgh-Steelers-Logo.png"),IF(AP3="CIN",IMAGE("https://logos-world.net/wp-content/uploads/2020/05/Cincinnati-Bengals-Logo.png"),IF(AP3="HOU",IMAGE("https://cdn.wallpapersafari.com/15/25/Jnl2Yc.png"),IF(AP3="JAX",IMAGE("https://1000logos.net/wp-content/uploads/2018/07/Jacksonville-Jaguars-Logo-1536x960.png"),IF(AP3="IND",IMAGE("https://1000logos.net/wp-content/uploads/2016/12/Indianapolis-Colts-Logo-2048x1280.png"),IF(AP3="TEN",IMAGE("https://img-s-msn-com.akamaized.net/tenant/amp/entityid/AA1YwbtK.img?w=720&h=720&m=6"),IF(AP3="SF",IMAGE("https://logodownload.org/wp-content/uploads/2020/09/san-francisco-49ers-logo-2048x1220.png"),IF(AP3="LAR",IMAGE("https://1000logos.net/wp-content/uploads/2018/07/Rams-Logo.png"),IF(AP3="SEA",IMAGE("https://cdn.freebiesupply.com/images/large/2x/seattle-seahawks-logo-transparent.png"),IF(AP3="AZ",IMAGE("https://logos-world.net/wp-content/uploads/2020/05/Arizona-Cardinals-Logo.png"),IF(AP3="DAL",IMAGE("https://www.freepnglogos.com/uploads/dallas-cowboys-logo-22.png"),IF(AP3="PHI",IMAGE("https://1000logos.net/wp-content/uploads/2017/05/Philadelphia-Eagles-Logo.png"),IF(AP3="NYG",IMAGE("https://logosmarcas.net/wp-content/uploads/2020/07/New-York-Giants-Logo.png"),IF(AP3="WSH",IMAGE("https://logodownload.org/wp-content/uploads/2020/09/washington-commanders-logo.png"),IF(AP3="DET",IMAGE("https://logos-world.net/wp-content/uploads/2020/05/Detroit-Lions-Logo-2017-Present.png"),IF(AP3="GB",IMAGE("https://logodownload.org/wp-content/uploads/2020/07/green-bay-packers-logo-1.png"),IF(AP3="MIN",IMAGE("https://1000logos.net/wp-content/uploads/2017/06/Minnesota-Vikings-Logo-1965.png"),IF(AP3="CHI",IMAGE("https://logos-world.net/wp-content/uploads/2020/05/Chicago-Bears-logo.png"),IF(AP3="TB",IMAGE("https://logodownload.org/wp-content/uploads/2020/09/tampa-bay-buccaneers-logo.png"),IF(AP3="NO",IMAGE("https://1000logos.net/wp-content/uploads/2017/04/New-Orleans-Saints-Logo.png"),IF(AP3="ATL",IMAGE("https://logodownload.org/wp-content/uploads/2020/07/atlanta-falcons-logo-0.png"),IF(AP3="CAR",IMAGE("https://logos-download.com/wp-content/uploads/2018/02/Carolina_Panthers_logo_blue.png"),"")))))))))))))))))))))))))))))))) | AR3: 20 | AS3: 27 | AT3: FALSE | AU3: LAR | AV3: =IF(AU3="KC",IMAGE("https://logodownload.org/wp-content/uploads/2020/09/kansas-city-chiefs-logo.png"),IF(AU3="LV",IMAGE("https://logodownload.org/wp-content/uploads/2020/09/las-vegas-raiders-logo-1-564x599.png"),IF(AU3="DEN",IMAGE("https://logodownload.org/wp-content/uploads/2020/07/denver-broncos-logo-0.png"),IF(AU3="LAC",IMAGE("https://logosmarcas.net/wp-content/uploads/2020/07/Los-Angeles-Chargers-logo.png"),IF(AU3="BUF",IMAGE("https://logos-download.com/wp-content/uploads/2018/03/Buffalo_Bills_logo_blue.png"),IF(AU3="MIA",IMAGE("https://logos-world.net/wp-content/uploads/2020/05/Miami-Dolphins-Logo.png"),IF(AU3="NYJ",IMAGE("https://logos-world.net/wp-content/uploads/2020/07/New-York-Jets-Logo.png"),IF(AU3="NE",IMAGE("https://purepng.com/public/uploads/large/new-england-patriots-logo-symbol-ucp.png"),IF(AU3="BAL",IMAGE("https://1000logos.net/wp-content/uploads/2016/10/Baltimore-Ravens-Logo.png"),IF(AU3="CLE",IMAGE("https://logos-world.net/wp-content/uploads/2020/05/Cleveland-Browns-Logo-2006-2014.png"),IF(AU3="PIT",IMAGE("https://1000logos.net/wp-content/uploads/2017/06/Pittsburgh-Steelers-Logo.png"),IF(AU3="CIN",IMAGE("https://logos-world.net/wp-content/uploads/2020/05/Cincinnati-Bengals-Logo.png"),IF(AU3="HOU",IMAGE("https://cdn.wallpapersafari.com/15/25/Jnl2Yc.png"),IF(AU3="JAX",IMAGE("https://1000logos.net/wp-content/uploads/2018/07/Jacksonville-Jaguars-Logo-1536x960.png"),IF(AU3="IND",IMAGE("https://1000logos.net/wp-content/uploads/2016/12/Indianapolis-Colts-Logo-2048x1280.png"),IF(AU3="TEN",IMAGE("https://img-s-msn-com.akamaized.net/tenant/amp/entityid/AA1YwbtK.img?w=720&h=720&m=6"),IF(AU3="SF",IMAGE("https://logodownload.org/wp-content/uploads/2020/09/san-francisco-49ers-logo-2048x1220.png"),IF(AU3="LAR",IMAGE("https://1000logos.net/wp-content/uploads/2018/07/Rams-Logo.png"),IF(AU3="SEA",IMAGE("https://cdn.freebiesupply.com/images/large/2x/seattle-seahawks-logo-transparent.png"),IF(AU3="AZ",IMAGE("https://logos-world.net/wp-content/uploads/2020/05/Arizona-Cardinals-Logo.png"),IF(AU3="DAL",IMAGE("https://www.freepnglogos.com/uploads/dallas-cowboys-logo-22.png"),IF(AU3="PHI",IMAGE("https://1000logos.net/wp-content/uploads/2017/05/Philadelphia-Eagles-Logo.png"),IF(AU3="NYG",IMAGE("https://logosmarcas.net/wp-content/uploads/2020/07/New-York-Giants-Logo.png"),IF(AU3="WSH",IMAGE("https://logodownload.org/wp-content/uploads/2020/09/washington-commanders-logo.png"),IF(AU3="DET",IMAGE("https://logos-world.net/wp-content/uploads/2020/05/Detroit-Lions-Logo-2017-Present.png"),IF(AU3="GB",IMAGE("https://logodownload.org/wp-content/uploads/2020/07/green-bay-packers-logo-1.png"),IF(AU3="MIN",IMAGE("https://1000logos.net/wp-content/uploads/2017/06/Minnesota-Vikings-Logo-1965.png"),IF(AU3="CHI",IMAGE("https://logos-world.net/wp-content/uploads/2020/05/Chicago-Bears-logo.png"),IF(AU3="TB",IMAGE("https://logodownload.org/wp-content/uploads/2020/09/tampa-bay-buccaneers-logo.png"),IF(AU3="NO",IMAGE("https://1000logos.net/wp-content/uploads/2017/04/New-Orleans-Saints-Logo.png"),IF(AU3="ATL",IMAGE("https://logodownload.org/wp-content/uploads/2020/07/atlanta-falcons-logo-0.png"),IF(AU3="CAR",IMAGE("https://logos-download.com/wp-content/uploads/2018/02/Carolina_Panthers_logo_blue.png"),"")))))))))))))))))))))))))))))))) | AW3: 21 | AX3: 28 | AY3: FALSE | AZ3: LAR | BA3: =IF(AZ3="KC",IMAGE("https://logodownload.org/wp-content/uploads/2020/09/kansas-city-chiefs-logo.png"),IF(AZ3="LV",IMAGE("https://logodownload.org/wp-content/uploads/2020/09/las-vegas-raiders-logo-1-564x599.png"),IF(AZ3="DEN",IMAGE("https://logodownload.org/wp-content/uploads/2020/07/denver-broncos-logo-0.png"),IF(AZ3="LAC",IMAGE("https://logosmarcas.net/wp-content/uploads/2020/07/Los-Angeles-Chargers-logo.png"),IF(AZ3="BUF",IMAGE("https://logos-download.com/wp-content/uploads/2018/03/Buffalo_Bills_logo_blue.png"),IF(AZ3="MIA",IMAGE("https://logos-world.net/wp-content/uploads/2020/05/Miami-Dolphins-Logo.png"),IF(AZ3="NYJ",IMAGE("https://logos-world.net/wp-content/uploads/2020/07/New-York-Jets-Logo.png"),IF(AZ3="NE",IMAGE("https://purepng.com/public/uploads/large/new-england-patriots-logo-symbol-ucp.png"),IF(AZ3="BAL",IMAGE("https://1000logos.net/wp-content/uploads/2016/10/Baltimore-Ravens-Logo.png"),IF(AZ3="CLE",IMAGE("https://logos-world.net/wp-content/uploads/2020/05/Cleveland-Browns-Logo-2006-2014.png"),IF(AZ3="PIT",IMAGE("https://1000logos.net/wp-content/uploads/2017/06/Pittsburgh-Steelers-Logo.png"),IF(AZ3="CIN",IMAGE("https://logos-world.net/wp-content/uploads/2020/05/Cincinnati-Bengals-Logo.png"),IF(AZ3="HOU",IMAGE("https://cdn.wallpapersafari.com/15/25/Jnl2Yc.png"),IF(AZ3="JAX",IMAGE("https://1000logos.net/wp-content/uploads/2018/07/Jacksonville-Jaguars-Logo-1536x960.png"),IF(AZ3="IND",IMAGE("https://1000logos.net/wp-content/uploads/2016/12/Indianapolis-Colts-Logo-2048x1280.png"),IF(AZ3="TEN",IMAGE("https://img-s-msn-com.akamaized.net/tenant/amp/entityid/AA1YwbtK.img?w=720&h=720&m=6"),IF(AZ3="SF",IMAGE("https://logodownload.org/wp-content/uploads/2020/09/san-francisco-49ers-logo-2048x1220.png"),IF(AZ3="LAR",IMAGE("https://1000logos.net/wp-content/uploads/2018/07/Rams-Logo.png"),IF(AZ3="SEA",IMAGE("https://cdn.freebiesupply.com/images/large/2x/seattle-seahawks-logo-transparent.png"),IF(AZ3="AZ",IMAGE("https://logos-world.net/wp-content/uploads/2020/05/Arizona-Cardinals-Logo.png"),IF(AZ3="DAL",IMAGE("https://www.freepnglogos.com/uploads/dallas-cowboys-logo-22.png"),IF(AZ3="PHI",IMAGE("https://1000logos.net/wp-content/uploads/2017/05/Philadelphia-Eagles-Logo.png"),IF(AZ3="NYG",IMAGE("https://logosmarcas.net/wp-content/uploads/2020/07/New-York-Giants-Logo.png"),IF(AZ3="WSH",IMAGE("https://logodownload.org/wp-content/uploads/2020/09/washington-commanders-logo.png"),IF(AZ3="DET",IMAGE("https://logos-world.net/wp-content/uploads/2020/05/Detroit-Lions-Logo-2017-Present.png"),IF(AZ3="GB",IMAGE("https://logodownload.org/wp-content/uploads/2020/07/green-bay-packers-logo-1.png"),IF(AZ3="MIN",IMAGE("https://1000logos.net/wp-content/uploads/2017/06/Minnesota-Vikings-Logo-1965.png"),IF(AZ3="CHI",IMAGE("https://logos-world.net/wp-content/uploads/2020/05/Chicago-Bears-logo.png"),IF(AZ3="TB",IMAGE("https://logodownload.org/wp-content/uploads/2020/09/tampa-bay-buccaneers-logo.png"),IF(AZ3="NO",IMAGE("https://1000logos.net/wp-content/uploads/2017/04/New-Orleans-Saints-Logo.png"),IF(AZ3="ATL",IMAGE("https://logodownload.org/wp-content/uploads/2020/07/atlanta-falcons-logo-0.png"),IF(AZ3="CAR",IMAGE("https://logos-download.com/wp-content/uploads/2018/02/Carolina_Panthers_logo_blue.png"),"")))))))))))))))))))))))))))))))) | BB3: 20 | BC3: 23 | BD3: TRUE | BE3: LAR | BF3: =IF(BE3="KC",IMAGE("https://logodownload.org/wp-content/uploads/2020/09/kansas-city-chiefs-logo.png"),IF(BE3="LV",IMAGE("https://logodownload.org/wp-content/uploads/2020/09/las-vegas-raiders-logo-1-564x599.png"),IF(BE3="DEN",IMAGE("https://logodownload.org/wp-content/uploads/2020/07/denver-broncos-logo-0.png"),IF(BE3="LAC",IMAGE("https://logosmarcas.net/wp-content/uploads/2020/07/Los-Angeles-Chargers-logo.png"),IF(BE3="BUF",IMAGE("https://logos-download.com/wp-content/uploads/2018/03/Buffalo_Bills_logo_blue.png"),IF(BE3="MIA",IMAGE("https://logos-world.net/wp-content/uploads/2020/05/Miami-Dolphins-Logo.png"),IF(BE3="NYJ",IMAGE("https://logos-world.net/wp-content/uploads/2020/07/New-York-Jets-Logo.png"),IF(BE3="NE",IMAGE("https://purepng.com/public/uploads/large/new-england-patriots-logo-symbol-ucp.png"),IF(BE3="BAL",IMAGE("https://1000logos.net/wp-content/uploads/2016/10/Baltimore-Ravens-Logo.png"),IF(BE3="CLE",IMAGE("https://logos-world.net/wp-content/uploads/2020/05/Cleveland-Browns-Logo-2006-2014.png"),IF(BE3="PIT",IMAGE("https://1000logos.net/wp-content/uploads/2017/06/Pittsburgh-Steelers-Logo.png"),IF(BE3="CIN",IMAGE("https://logos-world.net/wp-content/uploads/2020/05/Cincinnati-Bengals-Logo.png"),IF(BE3="HOU",IMAGE("https://cdn.wallpapersafari.com/15/25/Jnl2Yc.png"),IF(BE3="JAX",IMAGE("https://1000logos.net/wp-content/uploads/2018/07/Jacksonville-Jaguars-Logo-1536x960.png"),IF(BE3="IND",IMAGE("https://1000logos.net/wp-content/uploads/2016/12/Indianapolis-Colts-Logo-2048x1280.png"),IF(BE3="TEN",IMAGE("https://img-s-msn-com.akamaized.net/tenant/amp/entityid/AA1YwbtK.img?w=720&h=720&m=6"),IF(BE3="SF",IMAGE("https://logodownload.org/wp-content/uploads/2020/09/san-francisco-49ers-logo-2048x1220.png"),IF(BE3="LAR",IMAGE("https://1000logos.net/wp-content/uploads/2018/07/Rams-Logo.png"),IF(BE3="SEA",IMAGE("https://cdn.freebiesupply.com/images/large/2x/seattle-seahawks-logo-transparent.png"),IF(BE3="AZ",IMAGE("https://logos-world.net/wp-content/uploads/2020/05/Arizona-Cardinals-Logo.png"),IF(BE3="DAL",IMAGE("https://www.freepnglogos.com/uploads/dallas-cowboys-logo-22.png"),IF(BE3="PHI",IMAGE("https://1000logos.net/wp-content/uploads/2017/05/Philadelphia-Eagles-Logo.png"),IF(BE3="NYG",IMAGE("https://logosmarcas.net/wp-content/uploads/2020/07/New-York-Giants-Logo.png"),IF(BE3="WSH",IMAGE("https://logodownload.org/wp-content/uploads/2020/09/washington-commanders-logo.png"),IF(BE3="DET",IMAGE("https://logos-world.net/wp-content/uploads/2020/05/Detroit-Lions-Logo-2017-Present.png"),IF(BE3="GB",IMAGE("https://logodownload.org/wp-content/uploads/2020/07/green-bay-packers-logo-1.png"),IF(BE3="MIN",IMAGE("https://1000logos.net/wp-content/uploads/2017/06/Minnesota-Vikings-Logo-1965.png"),IF(BE3="CHI",IMAGE("https://logos-world.net/wp-content/uploads/2020/05/Chicago-Bears-logo.png"),IF(BE3="TB",IMAGE("https://logodownload.org/wp-content/uploads/2020/09/tampa-bay-buccaneers-logo.png"),IF(BE3="NO",IMAGE("https://1000logos.net/wp-content/uploads/2017/04/New-Orleans-Saints-Logo.png"),IF(BE3="ATL",IMAGE("https://logodownload.org/wp-content/uploads/2020/07/atlanta-falcons-logo-0.png"),IF(BE3="CAR",IMAGE("https://logos-download.com/wp-content/uploads/2018/02/Carolina_Panthers_logo_blue.png"),"")))))))))))))))))))))))))))))))) | BG3: 20 | BH3: 23 | BI3: FALSE | BJ3: SF | BK3: =IF(BJ3="KC",IMAGE("https://logodownload.org/wp-content/uploads/2020/09/kansas-city-chiefs-logo.png"),IF(BJ3="LV",IMAGE("https://logodownload.org/wp-content/uploads/2020/09/las-vegas-raiders-logo-1-564x599.png"),IF(BJ3="DEN",IMAGE("https://logodownload.org/wp-content/uploads/2020/07/denver-broncos-logo-0.png"),IF(BJ3="LAC",IMAGE("https://logosmarcas.net/wp-content/uploads/2020/07/Los-Angeles-Chargers-logo.png"),IF(BJ3="BUF",IMAGE("https://logos-download.com/wp-content/uploads/2018/03/Buffalo_Bills_logo_blue.png"),IF(BJ3="MIA",IMAGE("https://logos-world.net/wp-content/uploads/2020/05/Miami-Dolphins-Logo.png"),IF(BJ3="NYJ",IMAGE("https://logos-world.net/wp-content/uploads/2020/07/New-York-Jets-Logo.png"),IF(BJ3="NE",IMAGE("https://purepng.com/public/uploads/large/new-england-patriots-logo-symbol-ucp.png"),IF(BJ3="BAL",IMAGE("https://1000logos.net/wp-content/uploads/2016/10/Baltimore-Ravens-Logo.png"),IF(BJ3="CLE",IMAGE("https://logos-world.net/wp-content/uploads/2020/05/Cleveland-Browns-Logo-2006-2014.png"),IF(BJ3="PIT",IMAGE("https://1000logos.net/wp-content/uploads/2017/06/Pittsburgh-Steelers-Logo.png"),IF(BJ3="CIN",IMAGE("https://logos-world.net/wp-content/uploads/2020/05/Cincinnati-Bengals-Logo.png"),IF(BJ3="HOU",IMAGE("https://cdn.wallpapersafari.com/15/25/Jnl2Yc.png"),IF(BJ3="JAX",IMAGE("https://1000logos.net/wp-content/uploads/2018/07/Jacksonville-Jaguars-Logo-1536x960.png"),IF(BJ3="IND",IMAGE("https://1000logos.net/wp-content/uploads/2016/12/Indianapolis-Colts-Logo-2048x1280.png"),IF(BJ3="TEN",IMAGE("https://img-s-msn-com.akamaized.net/tenant/amp/entityid/AA1YwbtK.img?w=720&h=720&m=6"),IF(BJ3="SF",IMAGE("https://logodownload.org/wp-content/uploads/2020/09/san-francisco-49ers-logo-2048x1220.png"),IF(BJ3="LAR",IMAGE("https://1000logos.net/wp-content/uploads/2018/07/Rams-Logo.png"),IF(BJ3="SEA",IMAGE("https://cdn.freebiesupply.com/images/large/2x/seattle-seahawks-logo-transparent.png"),IF(BJ3="AZ",IMAGE("https://logos-world.net/wp-content/uploads/2020/05/Arizona-Cardinals-Logo.png"),IF(BJ3="DAL",IMAGE("https://www.freepnglogos.com/uploads/dallas-cowboys-logo-22.png"),IF(BJ3="PHI",IMAGE("https://1000logos.net/wp-content/uploads/2017/05/Philadelphia-Eagles-Logo.png"),IF(BJ3="NYG",IMAGE("https://logosmarcas.net/wp-content/uploads/2020/07/New-York-Giants-Logo.png"),IF(BJ3="WSH",IMAGE("https://logodownload.org/wp-content/uploads/2020/09/washington-commanders-logo.png"),IF(BJ3="DET",IMAGE("https://logos-world.net/wp-content/uploads/2020/05/Detroit-Lions-Logo-2017-Present.png"),IF(BJ3="GB",IMAGE("https://logodownload.org/wp-content/uploads/2020/07/green-bay-packers-logo-1.png"),IF(BJ3="MIN",IMAGE("https://1000logos.net/wp-content/uploads/2017/06/Minnesota-Vikings-Logo-1965.png"),IF(BJ3="CHI",IMAGE("https://logos-world.net/wp-content/uploads/2020/05/Chicago-Bears-logo.png"),IF(BJ3="TB",IMAGE("https://logodownload.org/wp-content/uploads/2020/09/tampa-bay-buccaneers-logo.png"),IF(BJ3="NO",IMAGE("https://1000logos.net/wp-content/uploads/2017/04/New-Orleans-Saints-Logo.png"),IF(BJ3="ATL",IMAGE("https://logodownload.org/wp-content/uploads/2020/07/atlanta-falcons-logo-0.png"),IF(BJ3="CAR",IMAGE("https://logos-download.com/wp-content/uploads/2018/02/Carolina_Panthers_logo_blue.png"),"")))))))))))))))))))))))))))))))) | BL3: 27 | BM3: 14 | BN3: FALSE
A4: Sun 9/13 @ 12:00pm | B4: TB @ CIN | C4: =IFERROR(__xludf.DUMMYFUNCTION("""COMPUTED_VALUE"""),"CIN") -> CIN | D4: =IFERROR(__xludf.DUMMYFUNCTION("""COMPUTED_VALUE"""),"") | E4: =IFERROR(__xludf.DUMMYFUNCTION("""COMPUTED_VALUE"""),27.0) -> 27 | F4: =IFERROR(__xludf.DUMMYFUNCTION("""COMPUTED_VALUE"""),33.0) -> 33 | G4: CIN | H4: =IF(G4="KC",IMAGE("https://logodownload.org/wp-content/uploads/2020/09/kansas-city-chiefs-logo.png"),IF(G4="LV",IMAGE("https://logodownload.org/wp-content/uploads/2020/09/las-vegas-raiders-logo-1-564x599.png"),IF(G4="DEN",IMAGE("https://logodownload.org/wp-content/uploads/2020/07/denver-broncos-logo-0.png"),IF(G4="LAC",IMAGE("https://logosmarcas.net/wp-content/uploads/2020/07/Los-Angeles-Chargers-logo.png"),IF(G4="BUF",IMAGE("https://logos-download.com/wp-content/uploads/2018/03/Buffalo_Bills_logo_blue.png"),IF(G4="MIA",IMAGE("https://logos-world.net/wp-content/uploads/2020/05/Miami-Dolphins-Logo.png"),IF(G4="NYJ",IMAGE("https://logos-world.net/wp-content/uploads/2020/07/New-York-Jets-Logo.png"),IF(G4="NE",IMAGE("https://purepng.com/public/uploads/large/new-england-patriots-logo-symbol-ucp.png"),IF(G4="BAL",IMAGE("https://1000logos.net/wp-content/uploads/2016/10/Baltimore-Ravens-Logo.png"),IF(G4="CLE",IMAGE("https://logos-world.net/wp-content/uploads/2020/05/Cleveland-Browns-Logo-2006-2014.png"),IF(G4="PIT",IMAGE("https://1000logos.net/wp-content/uploads/2017/06/Pittsburgh-Steelers-Logo.png"),IF(G4="CIN",IMAGE("https://logos-world.net/wp-content/uploads/2020/05/Cincinnati-Bengals-Logo.png"),IF(G4="HOU",IMAGE("https://cdn.wallpapersafari.com/15/25/Jnl2Yc.png"),IF(G4="JAX",IMAGE("https://1000logos.net/wp-content/uploads/2018/07/Jacksonville-Jaguars-Logo-1536x960.png"),IF(G4="IND",IMAGE("https://1000logos.net/wp-content/uploads/2016/12/Indianapolis-Colts-Logo-2048x1280.png"),IF(G4="TEN",IMAGE("https://img-s-msn-com.akamaized.net/tenant/amp/entityid/AA1YwbtK.img?w=720&h=720&m=6"),IF(G4="SF",IMAGE("https://logodownload.org/wp-content/uploads/2020/09/san-francisco-49ers-logo-2048x1220.png"),IF(G4="LAR",IMAGE("https://1000logos.net/wp-content/uploads/2018/07/Rams-Logo.png"),IF(G4="SEA",IMAGE("https://cdn.freebiesupply.com/images/large/2x/seattle-seahawks-logo-transparent.png"),IF(G4="AZ",IMAGE("https://logos-world.net/wp-content/uploads/2020/05/Arizona-Cardinals-Logo.png"),IF(G4="DAL",IMAGE("https://www.freepnglogos.com/uploads/dallas-cowboys-logo-22.png"),IF(G4="PHI",IMAGE("https://1000logos.net/wp-content/uploads/2017/05/Philadelphia-Eagles-Logo.png"),IF(G4="NYG",IMAGE("https://logosmarcas.net/wp-content/uploads/2020/07/New-York-Giants-Logo.png"),IF(G4="WSH",IMAGE("https://logodownload.org/wp-content/uploads/2020/09/washington-commanders-logo.png"),IF(G4="DET",IMAGE("https://logos-world.net/wp-content/uploads/2020/05/Detroit-Lions-Logo-2017-Present.png"),IF(G4="GB",IMAGE("https://logodownload.org/wp-content/uploads/2020/07/green-bay-packers-logo-1.png"),IF(G4="MIN",IMAGE("https://1000logos.net/wp-content/uploads/2017/06/Minnesota-Vikings-Logo-1965.png"),IF(G4="CHI",IMAGE("https://logos-world.net/wp-content/uploads/2020/05/Chicago-Bears-logo.png"),IF(G4="TB",IMAGE("https://logodownload.org/wp-content/uploads/2020/09/tampa-bay-buccaneers-logo.png"),IF(G4="NO",IMAGE("https://1000logos.net/wp-content/uploads/2017/04/New-Orleans-Saints-Logo.png"),IF(G4="ATL",IMAGE("https://logodownload.org/wp-content/uploads/2020/07/atlanta-falcons-logo-0.png"),IF(G4="CAR",IMAGE("https://logos-download.com/wp-content/uploads/2018/02/Carolina_Panthers_logo_blue.png"),"")))))))))))))))))))))))))))))))) | I4: 14 | J4: 17 | K4: FALSE | L4: TB | M4: =IF(L4="KC",IMAGE("https://logodownload.org/wp-content/uploads/2020/09/kansas-city-chiefs-logo.png"),IF(L4="LV",IMAGE("https://logodownload.org/wp-content/uploads/2020/09/las-vegas-raiders-logo-1-564x599.png"),IF(L4="DEN",IMAGE("https://logodownload.org/wp-content/uploads/2020/07/denver-broncos-logo-0.png"),IF(L4="LAC",IMAGE("https://logosmarcas.net/wp-content/uploads/2020/07/Los-Angeles-Chargers-logo.png"),IF(L4="BUF",IMAGE("https://logos-download.com/wp-content/uploads/2018/03/Buffalo_Bills_logo_blue.png"),IF(L4="MIA",IMAGE("https://logos-world.net/wp-content/uploads/2020/05/Miami-Dolphins-Logo.png"),IF(L4="NYJ",IMAGE("https://logos-world.net/wp-content/uploads/2020/07/New-York-Jets-Logo.png"),IF(L4="NE",IMAGE("https://purepng.com/public/uploads/large/new-england-patriots-logo-symbol-ucp.png"),IF(L4="BAL",IMAGE("https://1000logos.net/wp-content/uploads/2016/10/Baltimore-Ravens-Logo.png"),IF(L4="CLE",IMAGE("https://logos-world.net/wp-content/uploads/2020/05/Cleveland-Browns-Logo-2006-2014.png"),IF(L4="PIT",IMAGE("https://1000logos.net/wp-content/uploads/2017/06/Pittsburgh-Steelers-Logo.png"),IF(L4="CIN",IMAGE("https://logos-world.net/wp-content/uploads/2020/05/Cincinnati-Bengals-Logo.png"),IF(L4="HOU",IMAGE("https://cdn.wallpapersafari.com/15/25/Jnl2Yc.png"),IF(L4="JAX",IMAGE("https://1000logos.net/wp-content/uploads/2018/07/Jacksonville-Jaguars-Logo-1536x960.png"),IF(L4="IND",IMAGE("https://1000logos.net/wp-content/uploads/2016/12/Indianapolis-Colts-Logo-2048x1280.png"),IF(L4="TEN",IMAGE("https://img-s-msn-com.akamaized.net/tenant/amp/entityid/AA1YwbtK.img?w=720&h=720&m=6"),IF(L4="SF",IMAGE("https://logodownload.org/wp-content/uploads/2020/09/san-francisco-49ers-logo-2048x1220.png"),IF(L4="LAR",IMAGE("https://1000logos.net/wp-content/uploads/2018/07/Rams-Logo.png"),IF(L4="SEA",IMAGE("https://cdn.freebiesupply.com/images/large/2x/seattle-seahawks-logo-transparent.png"),IF(L4="AZ",IMAGE("https://logos-world.net/wp-content/uploads/2020/05/Arizona-Cardinals-Logo.png"),IF(L4="DAL",IMAGE("https://www.freepnglogos.com/uploads/dallas-cowboys-logo-22.png"),IF(L4="PHI",IMAGE("https://1000logos.net/wp-content/uploads/2017/05/Philadelphia-Eagles-Logo.png"),IF(L4="NYG",IMAGE("https://logosmarcas.net/wp-content/uploads/2020/07/New-York-Giants-Logo.png"),IF(L4="WSH",IMAGE("https://logodownload.org/wp-content/uploads/2020/09/washington-commanders-logo.png"),IF(L4="DET",IMAGE("https://logos-world.net/wp-content/uploads/2020/05/Detroit-Lions-Logo-2017-Present.png"),IF(L4="GB",IMAGE("https://logodownload.org/wp-content/uploads/2020/07/green-bay-packers-logo-1.png"),IF(L4="MIN",IMAGE("https://1000logos.net/wp-content/uploads/2017/06/Minnesota-Vikings-Logo-1965.png"),IF(L4="CHI",IMAGE("https://logos-world.net/wp-content/uploads/2020/05/Chicago-Bears-logo.png"),IF(L4="TB",IMAGE("https://logodownload.org/wp-content/uploads/2020/09/tampa-bay-buccaneers-logo.png"),IF(L4="NO",IMAGE("https://1000logos.net/wp-content/uploads/2017/04/New-Orleans-Saints-Logo.png"),IF(L4="ATL",IMAGE("https://logodownload.org/wp-content/uploads/2020/07/atlanta-falcons-logo-0.png"),IF(L4="CAR",IMAGE("https://logos-download.com/wp-content/uploads/2018/02/Carolina_Panthers_logo_blue.png"),"")))))))))))))))))))))))))))))))) | N4: 21 | O4: 17 | P4: TRUE | Q4: CIN | R4: =IF(Q4="KC",IMAGE("https://logodownload.org/wp-content/uploads/2020/09/kansas-city-chiefs-logo.png"),IF(Q4="LV",IMAGE("https://logodownload.org/wp-content/uploads/2020/09/las-vegas-raiders-logo-1-564x599.png"),IF(Q4="DEN",IMAGE("https://logodownload.org/wp-content/uploads/2020/07/denver-broncos-logo-0.png"),IF(Q4="LAC",IMAGE("https://logosmarcas.net/wp-content/uploads/2020/07/Los-Angeles-Chargers-logo.png"),IF(Q4="BUF",IMAGE("https://logos-download.com/wp-content/uploads/2018/03/Buffalo_Bills_logo_blue.png"),IF(Q4="MIA",IMAGE("https://logos-world.net/wp-content/uploads/2020/05/Miami-Dolphins-Logo.png"),IF(Q4="NYJ",IMAGE("https://logos-world.net/wp-content/uploads/2020/07/New-York-Jets-Logo.png"),IF(Q4="NE",IMAGE("https://purepng.com/public/uploads/large/new-england-patriots-logo-symbol-ucp.png"),IF(Q4="BAL",IMAGE("https://1000logos.net/wp-content/uploads/2016/10/Baltimore-Ravens-Logo.png"),IF(Q4="CLE",IMAGE("https://logos-world.net/wp-content/uploads/2020/05/Cleveland-Browns-Logo-2006-2014.png"),IF(Q4="PIT",IMAGE("https://1000logos.net/wp-content/uploads/2017/06/Pittsburgh-Steelers-Logo.png"),IF(Q4="CIN",IMAGE("https://logos-world.net/wp-content/uploads/2020/05/Cincinnati-Bengals-Logo.png"),IF(Q4="HOU",IMAGE("https://cdn.wallpapersafari.com/15/25/Jnl2Yc.png"),IF(Q4="JAX",IMAGE("https://1000logos.net/wp-content/uploads/2018/07/Jacksonville-Jaguars-Logo-1536x960.png"),IF(Q4="IND",IMAGE("https://1000logos.net/wp-content/uploads/2016/12/Indianapolis-Colts-Logo-2048x1280.png"),IF(Q4="TEN",IMAGE("https://img-s-msn-com.akamaized.net/tenant/amp/entityid/AA1YwbtK.img?w=720&h=720&m=6"),IF(Q4="SF",IMAGE("https://logodownload.org/wp-content/uploads/2020/09/san-francisco-49ers-logo-2048x1220.png"),IF(Q4="LAR",IMAGE("https://1000logos.net/wp-content/uploads/2018/07/Rams-Logo.png"),IF(Q4="SEA",IMAGE("https://cdn.freebiesupply.com/images/large/2x/seattle-seahawks-logo-transparent.png"),IF(Q4="AZ",IMAGE("https://logos-world.net/wp-content/uploads/2020/05/Arizona-Cardinals-Logo.png"),IF(Q4="DAL",IMAGE("https://www.freepnglogos.com/uploads/dallas-cowboys-logo-22.png"),IF(Q4="PHI",IMAGE("https://1000logos.net/wp-content/uploads/2017/05/Philadelphia-Eagles-Logo.png"),IF(Q4="NYG",IMAGE("https://logosmarcas.net/wp-content/uploads/2020/07/New-York-Giants-Logo.png"),IF(Q4="WSH",IMAGE("https://logodownload.org/wp-content/uploads/2020/09/washington-commanders-logo.png"),IF(Q4="DET",IMAGE("https://logos-world.net/wp-content/uploads/2020/05/Detroit-Lions-Logo-2017-Present.png"),IF(Q4="GB",IMAGE("https://logodownload.org/wp-content/uploads/2020/07/green-bay-packers-logo-1.png"),IF(Q4="MIN",IMAGE("https://1000logos.net/wp-content/uploads/2017/06/Minnesota-Vikings-Logo-1965.png"),IF(Q4="CHI",IMAGE("https://logos-world.net/wp-content/uploads/2020/05/Chicago-Bears-logo.png"),IF(Q4="TB",IMAGE("https://logodownload.org/wp-content/uploads/2020/09/tampa-bay-buccaneers-logo.png"),IF(Q4="NO",IMAGE("https://1000logos.net/wp-content/uploads/2017/04/New-Orleans-Saints-Logo.png"),IF(Q4="ATL",IMAGE("https://logodownload.org/wp-content/uploads/2020/07/atlanta-falcons-logo-0.png"),IF(Q4="CAR",IMAGE("https://logos-download.com/wp-content/uploads/2018/02/Carolina_Panthers_logo_blue.png"),"")))))))))))))))))))))))))))))))) | S4: 21 | T4: 28 | U4: FALSE | V4: CIN | W4: =IF(V4="KC",IMAGE("https://logodownload.org/wp-content/uploads/2020/09/kansas-city-chiefs-logo.png"),IF(V4="LV",IMAGE("https://logodownload.org/wp-content/uploads/2020/09/las-vegas-raiders-logo-1-564x599.png"),IF(V4="DEN",IMAGE("https://logodownload.org/wp-content/uploads/2020/07/denver-broncos-logo-0.png"),IF(V4="LAC",IMAGE("https://logosmarcas.net/wp-content/uploads/2020/07/Los-Angeles-Chargers-logo.png"),IF(V4="BUF",IMAGE("https://logos-download.com/wp-content/uploads/2018/03/Buffalo_Bills_logo_blue.png"),IF(V4="MIA",IMAGE("https://logos-world.net/wp-content/uploads/2020/05/Miami-Dolphins-Logo.png"),IF(V4="NYJ",IMAGE("https://logos-world.net/wp-content/uploads/2020/07/New-York-Jets-Logo.png"),IF(V4="NE",IMAGE("https://purepng.com/public/uploads/large/new-england-patriots-logo-symbol-ucp.png"),IF(V4="BAL",IMAGE("https://1000logos.net/wp-content/uploads/2016/10/Baltimore-Ravens-Logo.png"),IF(V4="CLE",IMAGE("https://logos-world.net/wp-content/uploads/2020/05/Cleveland-Browns-Logo-2006-2014.png"),IF(V4="PIT",IMAGE("https://1000logos.net/wp-content/uploads/2017/06/Pittsburgh-Steelers-Logo.png"),IF(V4="CIN",IMAGE("https://logos-world.net/wp-content/uploads/2020/05/Cincinnati-Bengals-Logo.png"),IF(V4="HOU",IMAGE("https://cdn.wallpapersafari.com/15/25/Jnl2Yc.png"),IF(V4="JAX",IMAGE("https://1000logos.net/wp-content/uploads/2018/07/Jacksonville-Jaguars-Logo-1536x960.png"),IF(V4="IND",IMAGE("https://1000logos.net/wp-content/uploads/2016/12/Indianapolis-Colts-Logo-2048x1280.png"),IF(V4="TEN",IMAGE("https://img-s-msn-com.akamaized.net/tenant/amp/entityid/AA1YwbtK.img?w=720&h=720&m=6"),IF(V4="SF",IMAGE("https://logodownload.org/wp-content/uploads/2020/09/san-francisco-49ers-logo-2048x1220.png"),IF(V4="LAR",IMAGE("https://1000logos.net/wp-content/uploads/2018/07/Rams-Logo.png"),IF(V4="SEA",IMAGE("https://cdn.freebiesupply.com/images/large/2x/seattle-seahawks-logo-transparent.png"),IF(V4="AZ",IMAGE("https://logos-world.net/wp-content/uploads/2020/05/Arizona-Cardinals-Logo.png"),IF(V4="DAL",IMAGE("https://www.freepnglogos.com/uploads/dallas-cowboys-logo-22.png"),IF(V4="PHI",IMAGE("https://1000logos.net/wp-content/uploads/2017/05/Philadelphia-Eagles-Logo.png"),IF(V4="NYG",IMAGE("https://logosmarcas.net/wp-content/uploads/2020/07/New-York-Giants-Logo.png"),IF(V4="WSH",IMAGE("https://logodownload.org/wp-content/uploads/2020/09/washington-commanders-logo.png"),IF(V4="DET",IMAGE("https://logos-world.net/wp-content/uploads/2020/05/Detroit-Lions-Logo-2017-Present.png"),IF(V4="GB",IMAGE("https://logodownload.org/wp-content/uploads/2020/07/green-bay-packers-logo-1.png"),IF(V4="MIN",IMAGE("https://1000logos.net/wp-content/uploads/2017/06/Minnesota-Vikings-Logo-1965.png"),IF(V4="CHI",IMAGE("https://logos-world.net/wp-content/uploads/2020/05/Chicago-Bears-logo.png"),IF(V4="TB",IMAGE("https://logodownload.org/wp-content/uploads/2020/09/tampa-bay-buccaneers-logo.png"),IF(V4="NO",IMAGE("https://1000logos.net/wp-content/uploads/2017/04/New-Orleans-Saints-Logo.png"),IF(V4="ATL",IMAGE("https://logodownload.org/wp-content/uploads/2020/07/atlanta-falcons-logo-0.png"),IF(V4="CAR",IMAGE("https://logos-download.com/wp-content/uploads/2018/02/Carolina_Panthers_logo_blue.png"),"")))))))))))))))))))))))))))))))) | X4: 31 | Y4: 33 | Z4: FALSE | AA4: TB | AB4: =IF(AA4="KC",IMAGE("https://logodownload.org/wp-content/uploads/2020/09/kansas-city-chiefs-logo.png"),IF(AA4="LV",IMAGE("https://logodownload.org/wp-content/uploads/2020/09/las-vegas-raiders-logo-1-564x599.png"),IF(AA4="DEN",IMAGE("https://logodownload.org/wp-content/uploads/2020/07/denver-broncos-logo-0.png"),IF(AA4="LAC",IMAGE("https://logosmarcas.net/wp-content/uploads/2020/07/Los-Angeles-Chargers-logo.png"),IF(AA4="BUF",IMAGE("https://logos-download.com/wp-content/uploads/2018/03/Buffalo_Bills_logo_blue.png"),IF(AA4="MIA",IMAGE("https://logos-world.net/wp-content/uploads/2020/05/Miami-Dolphins-Logo.png"),IF(AA4="NYJ",IMAGE("https://logos-world.net/wp-content/uploads/2020/07/New-York-Jets-Logo.png"),IF(AA4="NE",IMAGE("https://purepng.com/public/uploads/large/new-england-patriots-logo-symbol-ucp.png"),IF(AA4="BAL",IMAGE("https://1000logos.net/wp-content/uploads/2016/10/Baltimore-Ravens-Logo.png"),IF(AA4="CLE",IMAGE("https://logos-world.net/wp-content/uploads/2020/05/Cleveland-Browns-Logo-2006-2014.png"),IF(AA4="PIT",IMAGE("https://1000logos.net/wp-content/uploads/2017/06/Pittsburgh-Steelers-Logo.png"),IF(AA4="CIN",IMAGE("https://logos-world.net/wp-content/uploads/2020/05/Cincinnati-Bengals-Logo.png"),IF(AA4="HOU",IMAGE("https://cdn.wallpapersafari.com/15/25/Jnl2Yc.png"),IF(AA4="JAX",IMAGE("https://1000logos.net/wp-content/uploads/2018/07/Jacksonville-Jaguars-Logo-1536x960.png"),IF(AA4="IND",IMAGE("https://1000logos.net/wp-content/uploads/2016/12/Indianapolis-Colts-Logo-2048x1280.png"),IF(AA4="TEN",IMAGE("https://img-s-msn-com.akamaized.net/tenant/amp/entityid/AA1YwbtK.img?w=720&h=720&m=6"),IF(AA4="SF",IMAGE("https://logodownload.org/wp-content/uploads/2020/09/san-francisco-49ers-logo-2048x1220.png"),IF(AA4="LAR",IMAGE("https://1000logos.net/wp-content/uploads/2018/07/Rams-Logo.png"),IF(AA4="SEA",IMAGE("https://cdn.freebiesupply.com/images/large/2x/seattle-seahawks-logo-transparent.png"),IF(AA4="AZ",IMAGE("https://logos-world.net/wp-content/uploads/2020/05/Arizona-Cardinals-Logo.png"),IF(AA4="DAL",IMAGE("https://www.freepnglogos.com/uploads/dallas-cowboys-logo-22.png"),IF(AA4="PHI",IMAGE("https://1000logos.net/wp-content/uploads/2017/05/Philadelphia-Eagles-Logo.png"),IF(AA4="NYG",IMAGE("https://logosmarcas.net/wp-content/uploads/2020/07/New-York-Giants-Logo.png"),IF(AA4="WSH",IMAGE("https://logodownload.org/wp-content/uploads/2020/09/washington-commanders-logo.png"),IF(AA4="DET",IMAGE("https://logos-world.net/wp-content/uploads/2020/05/Detroit-Lions-Logo-2017-Present.png"),IF(AA4="GB",IMAGE("https://logodownload.org/wp-content/uploads/2020/07/green-bay-packers-logo-1.png"),IF(AA4="MIN",IMAGE("https://1000logos.net/wp-content/uploads/2017/06/Minnesota-Vikings-Logo-1965.png"),IF(AA4="CHI",IMAGE("https://logos-world.net/wp-content/uploads/2020/05/Chicago-Bears-logo.png"),IF(AA4="TB",IMAGE("https://logodownload.org/wp-content/uploads/2020/09/tampa-bay-buccaneers-logo.png"),IF(AA4="NO",IMAGE("https://1000logos.net/wp-content/uploads/2017/04/New-Orleans-Saints-Logo.png"),IF(AA4="ATL",IMAGE("https://logodownload.org/wp-content/uploads/2020/07/atlanta-falcons-logo-0.png"),IF(AA4="CAR",IMAGE("https://logos-download.com/wp-content/uploads/2018/02/Carolina_Panthers_logo_blue.png"),"")))))))))))))))))))))))))))))))) | AC4: 20 | AD4: 17 | AE4: FALSE | AF4: CIN | AG4: =IF(AF4="KC",IMAGE("https://logodownload.org/wp-content/uploads/2020/09/kansas-city-chiefs-logo.png"),IF(AF4="LV",IMAGE("https://logodownload.org/wp-content/uploads/2020/09/las-vegas-raiders-logo-1-564x599.png"),IF(AF4="DEN",IMAGE("https://logodownload.org/wp-content/uploads/2020/07/denver-broncos-logo-0.png"),IF(AF4="LAC",IMAGE("https://logosmarcas.net/wp-content/uploads/2020/07/Los-Angeles-Chargers-logo.png"),IF(AF4="BUF",IMAGE("https://logos-download.com/wp-content/uploads/2018/03/Buffalo_Bills_logo_blue.png"),IF(AF4="MIA",IMAGE("https://logos-world.net/wp-content/uploads/2020/05/Miami-Dolphins-Logo.png"),IF(AF4="NYJ",IMAGE("https://logos-world.net/wp-content/uploads/2020/07/New-York-Jets-Logo.png"),IF(AF4="NE",IMAGE("https://purepng.com/public/uploads/large/new-england-patriots-logo-symbol-ucp.png"),IF(AF4="BAL",IMAGE("https://1000logos.net/wp-content/uploads/2016/10/Baltimore-Ravens-Logo.png"),IF(AF4="CLE",IMAGE("https://logos-world.net/wp-content/uploads/2020/05/Cleveland-Browns-Logo-2006-2014.png"),IF(AF4="PIT",IMAGE("https://1000logos.net/wp-content/uploads/2017/06/Pittsburgh-Steelers-Logo.png"),IF(AF4="CIN",IMAGE("https://logos-world.net/wp-content/uploads/2020/05/Cincinnati-Bengals-Logo.png"),IF(AF4="HOU",IMAGE("https://cdn.wallpapersafari.com/15/25/Jnl2Yc.png"),IF(AF4="JAX",IMAGE("https://1000logos.net/wp-content/uploads/2018/07/Jacksonville-Jaguars-Logo-1536x960.png"),IF(AF4="IND",IMAGE("https://1000logos.net/wp-content/uploads/2016/12/Indianapolis-Colts-Logo-2048x1280.png"),IF(AF4="TEN",IMAGE("https://img-s-msn-com.akamaized.net/tenant/amp/entityid/AA1YwbtK.img?w=720&h=720&m=6"),IF(AF4="SF",IMAGE("https://logodownload.org/wp-content/uploads/2020/09/san-francisco-49ers-logo-2048x1220.png"),IF(AF4="LAR",IMAGE("https://1000logos.net/wp-content/uploads/2018/07/Rams-Logo.png"),IF(AF4="SEA",IMAGE("https://cdn.freebiesupply.com/images/large/2x/seattle-seahawks-logo-transparent.png"),IF(AF4="AZ",IMAGE("https://logos-world.net/wp-content/uploads/2020/05/Arizona-Cardinals-Logo.png"),IF(AF4="DAL",IMAGE("https://www.freepnglogos.com/uploads/dallas-cowboys-logo-22.png"),IF(AF4="PHI",IMAGE("https://1000logos.net/wp-content/uploads/2017/05/Philadelphia-Eagles-Logo.png"),IF(AF4="NYG",IMAGE("https://logosmarcas.net/wp-content/uploads/2020/07/New-York-Giants-Logo.png"),IF(AF4="WSH",IMAGE("https://logodownload.org/wp-content/uploads/2020/09/washington-commanders-logo.png"),IF(AF4="DET",IMAGE("https://logos-world.net/wp-content/uploads/2020/05/Detroit-Lions-Logo-2017-Present.png"),IF(AF4="GB",IMAGE("https://logodownload.org/wp-content/uploads/2020/07/green-bay-packers-logo-1.png"),IF(AF4="MIN",IMAGE("https://1000logos.net/wp-content/uploads/2017/06/Minnesota-Vikings-Logo-1965.png"),IF(AF4="CHI",IMAGE("https://logos-world.net/wp-content/uploads/2020/05/Chicago-Bears-logo.png"),IF(AF4="TB",IMAGE("https://logodownload.org/wp-content/uploads/2020/09/tampa-bay-buccaneers-logo.png"),IF(AF4="NO",IMAGE("https://1000logos.net/wp-content/uploads/2017/04/New-Orleans-Saints-Logo.png"),IF(AF4="ATL",IMAGE("https://logodownload.org/wp-content/uploads/2020/07/atlanta-falcons-logo-0.png"),IF(AF4="CAR",IMAGE("https://logos-download.com/wp-content/uploads/2018/02/Carolina_Panthers_logo_blue.png"),"")))))))))))))))))))))))))))))))) | AH4: 20 | AI4: 23 | AJ4: FALSE | AK4: TB | AL4: =IF(AK4="KC",IMAGE("https://logodownload.org/wp-content/uploads/2020/09/kansas-city-chiefs-logo.png"),IF(AK4="LV",IMAGE("https://logodownload.org/wp-content/uploads/2020/09/las-vegas-raiders-logo-1-564x599.png"),IF(AK4="DEN",IMAGE("https://logodownload.org/wp-content/uploads/2020/07/denver-broncos-logo-0.png"),IF(AK4="LAC",IMAGE("https://logosmarcas.net/wp-content/uploads/2020/07/Los-Angeles-Chargers-logo.png"),IF(AK4="BUF",IMAGE("https://logos-download.com/wp-content/uploads/2018/03/Buffalo_Bills_logo_blue.png"),IF(AK4="MIA",IMAGE("https://logos-world.net/wp-content/uploads/2020/05/Miami-Dolphins-Logo.png"),IF(AK4="NYJ",IMAGE("https://logos-world.net/wp-content/uploads/2020/07/New-York-Jets-Logo.png"),IF(AK4="NE",IMAGE("https://purepng.com/public/uploads/large/new-england-patriots-logo-symbol-ucp.png"),IF(AK4="BAL",IMAGE("https://1000logos.net/wp-content/uploads/2016/10/Baltimore-Ravens-Logo.png"),IF(AK4="CLE",IMAGE("https://logos-world.net/wp-content/uploads/2020/05/Cleveland-Browns-Logo-2006-2014.png"),IF(AK4="PIT",IMAGE("https://1000logos.net/wp-content/uploads/2017/06/Pittsburgh-Steelers-Logo.png"),IF(AK4="CIN",IMAGE("https://logos-world.net/wp-content/uploads/2020/05/Cincinnati-Bengals-Logo.png"),IF(AK4="HOU",IMAGE("https://cdn.wallpapersafari.com/15/25/Jnl2Yc.png"),IF(AK4="JAX",IMAGE("https://1000logos.net/wp-content/uploads/2018/07/Jacksonville-Jaguars-Logo-1536x960.png"),IF(AK4="IND",IMAGE("https://1000logos.net/wp-content/uploads/2016/12/Indianapolis-Colts-Logo-2048x1280.png"),IF(AK4="TEN",IMAGE("https://img-s-msn-com.akamaized.net/tenant/amp/entityid/AA1YwbtK.img?w=720&h=720&m=6"),IF(AK4="SF",IMAGE("https://logodownload.org/wp-content/uploads/2020/09/san-francisco-49ers-logo-2048x1220.png"),IF(AK4="LAR",IMAGE("https://1000logos.net/wp-content/uploads/2018/07/Rams-Logo.png"),IF(AK4="SEA",IMAGE("https://cdn.freebiesupply.com/images/large/2x/seattle-seahawks-logo-transparent.png"),IF(AK4="AZ",IMAGE("https://logos-world.net/wp-content/uploads/2020/05/Arizona-Cardinals-Logo.png"),IF(AK4="DAL",IMAGE("https://www.freepnglogos.com/uploads/dallas-cowboys-logo-22.png"),IF(AK4="PHI",IMAGE("https://1000logos.net/wp-content/uploads/2017/05/Philadelphia-Eagles-Logo.png"),IF(AK4="NYG",IMAGE("https://logosmarcas.net/wp-content/uploads/2020/07/New-York-Giants-Logo.png"),IF(AK4="WSH",IMAGE("https://logodownload.org/wp-content/uploads/2020/09/washington-commanders-logo.png"),IF(AK4="DET",IMAGE("https://logos-world.net/wp-content/uploads/2020/05/Detroit-Lions-Logo-2017-Present.png"),IF(AK4="GB",IMAGE("https://logodownload.org/wp-content/uploads/2020/07/green-bay-packers-logo-1.png"),IF(AK4="MIN",IMAGE("https://1000logos.net/wp-content/uploads/2017/06/Minnesota-Vikings-Logo-1965.png"),IF(AK4="CHI",IMAGE("https://logos-world.net/wp-content/uploads/2020/05/Chicago-Bears-logo.png"),IF(AK4="TB",IMAGE("https://logodownload.org/wp-content/uploads/2020/09/tampa-bay-buccaneers-logo.png"),IF(AK4="NO",IMAGE("https://1000logos.net/wp-content/uploads/2017/04/New-Orleans-Saints-Logo.png"),IF(AK4="ATL",IMAGE("https://logodownload.org/wp-content/uploads/2020/07/atlanta-falcons-logo-0.png"),IF(AK4="CAR",IMAGE("https://logos-download.com/wp-content/uploads/2018/02/Carolina_Panthers_logo_blue.png"),"")))))))))))))))))))))))))))))))) | AM4: 21 | AN4: 17 | AO4: FALSE | AP4: TB | AQ4: =IF(AP4="KC",IMAGE("https://logodownload.org/wp-content/uploads/2020/09/kansas-city-chiefs-logo.png"),IF(AP4="LV",IMAGE("https://logodownload.org/wp-content/uploads/2020/09/las-vegas-raiders-logo-1-564x599.png"),IF(AP4="DEN",IMAGE("https://logodownload.org/wp-content/uploads/2020/07/denver-broncos-logo-0.png"),IF(AP4="LAC",IMAGE("https://logosmarcas.net/wp-content/uploads/2020/07/Los-Angeles-Chargers-logo.png"),IF(AP4="BUF",IMAGE("https://logos-download.com/wp-content/uploads/2018/03/Buffalo_Bills_logo_blue.png"),IF(AP4="MIA",IMAGE("https://logos-world.net/wp-content/uploads/2020/05/Miami-Dolphins-Logo.png"),IF(AP4="NYJ",IMAGE("https://logos-world.net/wp-content/uploads/2020/07/New-York-Jets-Logo.png"),IF(AP4="NE",IMAGE("https://purepng.com/public/uploads/large/new-england-patriots-logo-symbol-ucp.png"),IF(AP4="BAL",IMAGE("https://1000logos.net/wp-content/uploads/2016/10/Baltimore-Ravens-Logo.png"),IF(AP4="CLE",IMAGE("https://logos-world.net/wp-content/uploads/2020/05/Cleveland-Browns-Logo-2006-2014.png"),IF(AP4="PIT",IMAGE("https://1000logos.net/wp-content/uploads/2017/06/Pittsburgh-Steelers-Logo.png"),IF(AP4="CIN",IMAGE("https://logos-world.net/wp-content/uploads/2020/05/Cincinnati-Bengals-Logo.png"),IF(AP4="HOU",IMAGE("https://cdn.wallpapersafari.com/15/25/Jnl2Yc.png"),IF(AP4="JAX",IMAGE("https://1000logos.net/wp-content/uploads/2018/07/Jacksonville-Jaguars-Logo-1536x960.png"),IF(AP4="IND",IMAGE("https://1000logos.net/wp-content/uploads/2016/12/Indianapolis-Colts-Logo-2048x1280.png"),IF(AP4="TEN",IMAGE("https://img-s-msn-com.akamaized.net/tenant/amp/entityid/AA1YwbtK.img?w=720&h=720&m=6"),IF(AP4="SF",IMAGE("https://logodownload.org/wp-content/uploads/2020/09/san-francisco-49ers-logo-2048x1220.png"),IF(AP4="LAR",IMAGE("https://1000logos.net/wp-content/uploads/2018/07/Rams-Logo.png"),IF(AP4="SEA",IMAGE("https://cdn.freebiesupply.com/images/large/2x/seattle-seahawks-logo-transparent.png"),IF(AP4="AZ",IMAGE("https://logos-world.net/wp-content/uploads/2020/05/Arizona-Cardinals-Logo.png"),IF(AP4="DAL",IMAGE("https://www.freepnglogos.com/uploads/dallas-cowboys-logo-22.png"),IF(AP4="PHI",IMAGE("https://1000logos.net/wp-content/uploads/2017/05/Philadelphia-Eagles-Logo.png"),IF(AP4="NYG",IMAGE("https://logosmarcas.net/wp-content/uploads/2020/07/New-York-Giants-Logo.png"),IF(AP4="WSH",IMAGE("https://logodownload.org/wp-content/uploads/2020/09/washington-commanders-logo.png"),IF(AP4="DET",IMAGE("https://logos-world.net/wp-content/uploads/2020/05/Detroit-Lions-Logo-2017-Present.png"),IF(AP4="GB",IMAGE("https://logodownload.org/wp-content/uploads/2020/07/green-bay-packers-logo-1.png"),IF(AP4="MIN",IMAGE("https://1000logos.net/wp-content/uploads/2017/06/Minnesota-Vikings-Logo-1965.png"),IF(AP4="CHI",IMAGE("https://logos-world.net/wp-content/uploads/2020/05/Chicago-Bears-logo.png"),IF(AP4="TB",IMAGE("https://logodownload.org/wp-content/uploads/2020/09/tampa-bay-buccaneers-logo.png"),IF(AP4="NO",IMAGE("https://1000logos.net/wp-content/uploads/2017/04/New-Orleans-Saints-Logo.png"),IF(AP4="ATL",IMAGE("https://logodownload.org/wp-content/uploads/2020/07/atlanta-falcons-logo-0.png"),IF(AP4="CAR",IMAGE("https://logos-download.com/wp-content/uploads/2018/02/Carolina_Panthers_logo_blue.png"),"")))))))))))))))))))))))))))))))) | AR4: 27 | AS4: 24 | AT4: FALSE | AU4: CIN | AV4: =IF(AU4="KC",IMAGE("https://logodownload.org/wp-content/uploads/2020/09/kansas-city-chiefs-logo.png"),IF(AU4="LV",IMAGE("https://logodownload.org/wp-content/uploads/2020/09/las-vegas-raiders-logo-1-564x599.png"),IF(AU4="DEN",IMAGE("https://logodownload.org/wp-content/uploads/2020/07/denver-broncos-logo-0.png"),IF(AU4="LAC",IMAGE("https://logosmarcas.net/wp-content/uploads/2020/07/Los-Angeles-Chargers-logo.png"),IF(AU4="BUF",IMAGE("https://logos-download.com/wp-content/uploads/2018/03/Buffalo_Bills_logo_blue.png"),IF(AU4="MIA",IMAGE("https://logos-world.net/wp-content/uploads/2020/05/Miami-Dolphins-Logo.png"),IF(AU4="NYJ",IMAGE("https://logos-world.net/wp-content/uploads/2020/07/New-York-Jets-Logo.png"),IF(AU4="NE",IMAGE("https://purepng.com/public/uploads/large/new-england-patriots-logo-symbol-ucp.png"),IF(AU4="BAL",IMAGE("https://1000logos.net/wp-content/uploads/2016/10/Baltimore-Ravens-Logo.png"),IF(AU4="CLE",IMAGE("https://logos-world.net/wp-content/uploads/2020/05/Cleveland-Browns-Logo-2006-2014.png"),IF(AU4="PIT",IMAGE("https://1000logos.net/wp-content/uploads/2017/06/Pittsburgh-Steelers-Logo.png"),IF(AU4="CIN",IMAGE("https://logos-world.net/wp-content/uploads/2020/05/Cincinnati-Bengals-Logo.png"),IF(AU4="HOU",IMAGE("https://cdn.wallpapersafari.com/15/25/Jnl2Yc.png"),IF(AU4="JAX",IMAGE("https://1000logos.net/wp-content/uploads/2018/07/Jacksonville-Jaguars-Logo-1536x960.png"),IF(AU4="IND",IMAGE("https://1000logos.net/wp-content/uploads/2016/12/Indianapolis-Colts-Logo-2048x1280.png"),IF(AU4="TEN",IMAGE("https://img-s-msn-com.akamaized.net/tenant/amp/entityid/AA1YwbtK.img?w=720&h=720&m=6"),IF(AU4="SF",IMAGE("https://logodownload.org/wp-content/uploads/2020/09/san-francisco-49ers-logo-2048x1220.png"),IF(AU4="LAR",IMAGE("https://1000logos.net/wp-content/uploads/2018/07/Rams-Logo.png"),IF(AU4="SEA",IMAGE("https://cdn.freebiesupply.com/images/large/2x/seattle-seahawks-logo-transparent.png"),IF(AU4="AZ",IMAGE("https://logos-world.net/wp-content/uploads/2020/05/Arizona-Cardinals-Logo.png"),IF(AU4="DAL",IMAGE("https://www.freepnglogos.com/uploads/dallas-cowboys-logo-22.png"),IF(AU4="PHI",IMAGE("https://1000logos.net/wp-content/uploads/2017/05/Philadelphia-Eagles-Logo.png"),IF(AU4="NYG",IMAGE("https://logosmarcas.net/wp-content/uploads/2020/07/New-York-Giants-Logo.png"),IF(AU4="WSH",IMAGE("https://logodownload.org/wp-content/uploads/2020/09/washington-commanders-logo.png"),IF(AU4="DET",IMAGE("https://logos-world.net/wp-content/uploads/2020/05/Detroit-Lions-Logo-2017-Present.png"),IF(AU4="GB",IMAGE("https://logodownload.org/wp-content/uploads/2020/07/green-bay-packers-logo-1.png"),IF(AU4="MIN",IMAGE("https://1000logos.net/wp-content/uploads/2017/06/Minnesota-Vikings-Logo-1965.png"),IF(AU4="CHI",IMAGE("https://logos-world.net/wp-content/uploads/2020/05/Chicago-Bears-logo.png"),IF(AU4="TB",IMAGE("https://logodownload.org/wp-content/uploads/2020/09/tampa-bay-buccaneers-logo.png"),IF(AU4="NO",IMAGE("https://1000logos.net/wp-content/uploads/2017/04/New-Orleans-Saints-Logo.png"),IF(AU4="ATL",IMAGE("https://logodownload.org/wp-content/uploads/2020/07/atlanta-falcons-logo-0.png"),IF(AU4="CAR",IMAGE("https://logos-download.com/wp-content/uploads/2018/02/Carolina_Panthers_logo_blue.png"),"")))))))))))))))))))))))))))))))) | AW4: 21 | AX4: 24 | AY4: FALSE | AZ4: CIN | BA4: =IF(AZ4="KC",IMAGE("https://logodownload.org/wp-content/uploads/2020/09/kansas-city-chiefs-logo.png"),IF(AZ4="LV",IMAGE("https://logodownload.org/wp-content/uploads/2020/09/las-vegas-raiders-logo-1-564x599.png"),IF(AZ4="DEN",IMAGE("https://logodownload.org/wp-content/uploads/2020/07/denver-broncos-logo-0.png"),IF(AZ4="LAC",IMAGE("https://logosmarcas.net/wp-content/uploads/2020/07/Los-Angeles-Chargers-logo.png"),IF(AZ4="BUF",IMAGE("https://logos-download.com/wp-content/uploads/2018/03/Buffalo_Bills_logo_blue.png"),IF(AZ4="MIA",IMAGE("https://logos-world.net/wp-content/uploads/2020/05/Miami-Dolphins-Logo.png"),IF(AZ4="NYJ",IMAGE("https://logos-world.net/wp-content/uploads/2020/07/New-York-Jets-Logo.png"),IF(AZ4="NE",IMAGE("https://purepng.com/public/uploads/large/new-england-patriots-logo-symbol-ucp.png"),IF(AZ4="BAL",IMAGE("https://1000logos.net/wp-content/uploads/2016/10/Baltimore-Ravens-Logo.png"),IF(AZ4="CLE",IMAGE("https://logos-world.net/wp-content/uploads/2020/05/Cleveland-Browns-Logo-2006-2014.png"),IF(AZ4="PIT",IMAGE("https://1000logos.net/wp-content/uploads/2017/06/Pittsburgh-Steelers-Logo.png"),IF(AZ4="CIN",IMAGE("https://logos-world.net/wp-content/uploads/2020/05/Cincinnati-Bengals-Logo.png"),IF(AZ4="HOU",IMAGE("https://cdn.wallpapersafari.com/15/25/Jnl2Yc.png"),IF(AZ4="JAX",IMAGE("https://1000logos.net/wp-content/uploads/2018/07/Jacksonville-Jaguars-Logo-1536x960.png"),IF(AZ4="IND",IMAGE("https://1000logos.net/wp-content/uploads/2016/12/Indianapolis-Colts-Logo-2048x1280.png"),IF(AZ4="TEN",IMAGE("https://img-s-msn-com.akamaized.net/tenant/amp/entityid/AA1YwbtK.img?w=720&h=720&m=6"),IF(AZ4="SF",IMAGE("https://logodownload.org/wp-content/uploads/2020/09/san-francisco-49ers-logo-2048x1220.png"),IF(AZ4="LAR",IMAGE("https://1000logos.net/wp-content/uploads/2018/07/Rams-Logo.png"),IF(AZ4="SEA",IMAGE("https://cdn.freebiesupply.com/images/large/2x/seattle-seahawks-logo-transparent.png"),IF(AZ4="AZ",IMAGE("https://logos-world.net/wp-content/uploads/2020/05/Arizona-Cardinals-Logo.png"),IF(AZ4="DAL",IMAGE("https://www.freepnglogos.com/uploads/dallas-cowboys-logo-22.png"),IF(AZ4="PHI",IMAGE("https://1000logos.net/wp-content/uploads/2017/05/Philadelphia-Eagles-Logo.png"),IF(AZ4="NYG",IMAGE("https://logosmarcas.net/wp-content/uploads/2020/07/New-York-Giants-Logo.png"),IF(AZ4="WSH",IMAGE("https://logodownload.org/wp-content/uploads/2020/09/washington-commanders-logo.png"),IF(AZ4="DET",IMAGE("https://logos-world.net/wp-content/uploads/2020/05/Detroit-Lions-Logo-2017-Present.png"),IF(AZ4="GB",IMAGE("https://logodownload.org/wp-content/uploads/2020/07/green-bay-packers-logo-1.png"),IF(AZ4="MIN",IMAGE("https://1000logos.net/wp-content/uploads/2017/06/Minnesota-Vikings-Logo-1965.png"),IF(AZ4="CHI",IMAGE("https://logos-world.net/wp-content/uploads/2020/05/Chicago-Bears-logo.png"),IF(AZ4="TB",IMAGE("https://logodownload.org/wp-content/uploads/2020/09/tampa-bay-buccaneers-logo.png"),IF(AZ4="NO",IMAGE("https://1000logos.net/wp-content/uploads/2017/04/New-Orleans-Saints-Logo.png"),IF(AZ4="ATL",IMAGE("https://logodownload.org/wp-content/uploads/2020/07/atlanta-falcons-logo-0.png"),IF(AZ4="CAR",IMAGE("https://logos-download.com/wp-content/uploads/2018/02/Carolina_Panthers_logo_blue.png"),"")))))))))))))))))))))))))))))))) | BB4: 20 | BC4: 23 | BD4: FALSE | BE4: CIN | BF4: =IF(BE4="KC",IMAGE("https://logodownload.org/wp-content/uploads/2020/09/kansas-city-chiefs-logo.png"),IF(BE4="LV",IMAGE("https://logodownload.org/wp-content/uploads/2020/09/las-vegas-raiders-logo-1-564x599.png"),IF(BE4="DEN",IMAGE("https://logodownload.org/wp-content/uploads/2020/07/denver-broncos-logo-0.png"),IF(BE4="LAC",IMAGE("https://logosmarcas.net/wp-content/uploads/2020/07/Los-Angeles-Chargers-logo.png"),IF(BE4="BUF",IMAGE("https://logos-download.com/wp-content/uploads/2018/03/Buffalo_Bills_logo_blue.png"),IF(BE4="MIA",IMAGE("https://logos-world.net/wp-content/uploads/2020/05/Miami-Dolphins-Logo.png"),IF(BE4="NYJ",IMAGE("https://logos-world.net/wp-content/uploads/2020/07/New-York-Jets-Logo.png"),IF(BE4="NE",IMAGE("https://purepng.com/public/uploads/large/new-england-patriots-logo-symbol-ucp.png"),IF(BE4="BAL",IMAGE("https://1000logos.net/wp-content/uploads/2016/10/Baltimore-Ravens-Logo.png"),IF(BE4="CLE",IMAGE("https://logos-world.net/wp-content/uploads/2020/05/Cleveland-Browns-Logo-2006-2014.png"),IF(BE4="PIT",IMAGE("https://1000logos.net/wp-content/uploads/2017/06/Pittsburgh-Steelers-Logo.png"),IF(BE4="CIN",IMAGE("https://logos-world.net/wp-content/uploads/2020/05/Cincinnati-Bengals-Logo.png"),IF(BE4="HOU",IMAGE("https://cdn.wallpapersafari.com/15/25/Jnl2Yc.png"),IF(BE4="JAX",IMAGE("https://1000logos.net/wp-content/uploads/2018/07/Jacksonville-Jaguars-Logo-1536x960.png"),IF(BE4="IND",IMAGE("https://1000logos.net/wp-content/uploads/2016/12/Indianapolis-Colts-Logo-2048x1280.png"),IF(BE4="TEN",IMAGE("https://img-s-msn-com.akamaized.net/tenant/amp/entityid/AA1YwbtK.img?w=720&h=720&m=6"),IF(BE4="SF",IMAGE("https://logodownload.org/wp-content/uploads/2020/09/san-francisco-49ers-logo-2048x1220.png"),IF(BE4="LAR",IMAGE("https://1000logos.net/wp-content/uploads/2018/07/Rams-Logo.png"),IF(BE4="SEA",IMAGE("https://cdn.freebiesupply.com/images/large/2x/seattle-seahawks-logo-transparent.png"),IF(BE4="AZ",IMAGE("https://logos-world.net/wp-content/uploads/2020/05/Arizona-Cardinals-Logo.png"),IF(BE4="DAL",IMAGE("https://www.freepnglogos.com/uploads/dallas-cowboys-logo-22.png"),IF(BE4="PHI",IMAGE("https://1000logos.net/wp-content/uploads/2017/05/Philadelphia-Eagles-Logo.png"),IF(BE4="NYG",IMAGE("https://logosmarcas.net/wp-content/uploads/2020/07/New-York-Giants-Logo.png"),IF(BE4="WSH",IMAGE("https://logodownload.org/wp-content/uploads/2020/09/washington-commanders-logo.png"),IF(BE4="DET",IMAGE("https://logos-world.net/wp-content/uploads/2020/05/Detroit-Lions-Logo-2017-Present.png"),IF(BE4="GB",IMAGE("https://logodownload.org/wp-content/uploads/2020/07/green-bay-packers-logo-1.png"),IF(BE4="MIN",IMAGE("https://1000logos.net/wp-content/uploads/2017/06/Minnesota-Vikings-Logo-1965.png"),IF(BE4="CHI",IMAGE("https://logos-world.net/wp-content/uploads/2020/05/Chicago-Bears-logo.png"),IF(BE4="TB",IMAGE("https://logodownload.org/wp-content/uploads/2020/09/tampa-bay-buccaneers-logo.png"),IF(BE4="NO",IMAGE("https://1000logos.net/wp-content/uploads/2017/04/New-Orleans-Saints-Logo.png"),IF(BE4="ATL",IMAGE("https://logodownload.org/wp-content/uploads/2020/07/atlanta-falcons-logo-0.png"),IF(BE4="CAR",IMAGE("https://logos-download.com/wp-content/uploads/2018/02/Carolina_Panthers_logo_blue.png"),"")))))))))))))))))))))))))))))))) | BG4: 16 | BH4: 27 | BI4: FALSE | BJ4: CIN | BK4: =IF(BJ4="KC",IMAGE("https://logodownload.org/wp-content/uploads/2020/09/kansas-city-chiefs-logo.png"),IF(BJ4="LV",IMAGE("https://logodownload.org/wp-content/uploads/2020/09/las-vegas-raiders-logo-1-564x599.png"),IF(BJ4="DEN",IMAGE("https://logodownload.org/wp-content/uploads/2020/07/denver-broncos-logo-0.png"),IF(BJ4="LAC",IMAGE("https://logosmarcas.net/wp-content/uploads/2020/07/Los-Angeles-Chargers-logo.png"),IF(BJ4="BUF",IMAGE("https://logos-download.com/wp-content/uploads/2018/03/Buffalo_Bills_logo_blue.png"),IF(BJ4="MIA",IMAGE("https://logos-world.net/wp-content/uploads/2020/05/Miami-Dolphins-Logo.png"),IF(BJ4="NYJ",IMAGE("https://logos-world.net/wp-content/uploads/2020/07/New-York-Jets-Logo.png"),IF(BJ4="NE",IMAGE("https://purepng.com/public/uploads/large/new-england-patriots-logo-symbol-ucp.png"),IF(BJ4="BAL",IMAGE("https://1000logos.net/wp-content/uploads/2016/10/Baltimore-Ravens-Logo.png"),IF(BJ4="CLE",IMAGE("https://logos-world.net/wp-content/uploads/2020/05/Cleveland-Browns-Logo-2006-2014.png"),IF(BJ4="PIT",IMAGE("https://1000logos.net/wp-content/uploads/2017/06/Pittsburgh-Steelers-Logo.png"),IF(BJ4="CIN",IMAGE("https://logos-world.net/wp-content/uploads/2020/05/Cincinnati-Bengals-Logo.png"),IF(BJ4="HOU",IMAGE("https://cdn.wallpapersafari.com/15/25/Jnl2Yc.png"),IF(BJ4="JAX",IMAGE("https://1000logos.net/wp-content/uploads/2018/07/Jacksonville-Jaguars-Logo-1536x960.png"),IF(BJ4="IND",IMAGE("https://1000logos.net/wp-content/uploads/2016/12/Indianapolis-Colts-Logo-2048x1280.png"),IF(BJ4="TEN",IMAGE("https://img-s-msn-com.akamaized.net/tenant/amp/entityid/AA1YwbtK.img?w=720&h=720&m=6"),IF(BJ4="SF",IMAGE("https://logodownload.org/wp-content/uploads/2020/09/san-francisco-49ers-logo-2048x1220.png"),IF(BJ4="LAR",IMAGE("https://1000logos.net/wp-content/uploads/2018/07/Rams-Logo.png"),IF(BJ4="SEA",IMAGE("https://cdn.freebiesupply.com/images/large/2x/seattle-seahawks-logo-transparent.png"),IF(BJ4="AZ",IMAGE("https://logos-world.net/wp-content/uploads/2020/05/Arizona-Cardinals-Logo.png"),IF(BJ4="DAL",IMAGE("https://www.freepnglogos.com/uploads/dallas-cowboys-logo-22.png"),IF(BJ4="PHI",IMAGE("https://1000logos.net/wp-content/uploads/2017/05/Philadelphia-Eagles-Logo.png"),IF(BJ4="NYG",IMAGE("https://logosmarcas.net/wp-content/uploads/2020/07/New-York-Giants-Logo.png"),IF(BJ4="WSH",IMAGE("https://logodownload.org/wp-content/uploads/2020/09/washington-commanders-logo.png"),IF(BJ4="DET",IMAGE("https://logos-world.net/wp-content/uploads/2020/05/Detroit-Lions-Logo-2017-Present.png"),IF(BJ4="GB",IMAGE("https://logodownload.org/wp-content/uploads/2020/07/green-bay-packers-logo-1.png"),IF(BJ4="MIN",IMAGE("https://1000logos.net/wp-content/uploads/2017/06/Minnesota-Vikings-Logo-1965.png"),IF(BJ4="CHI",IMAGE("https://logos-world.net/wp-content/uploads/2020/05/Chicago-Bears-logo.png"),IF(BJ4="TB",IMAGE("https://logodownload.org/wp-content/uploads/2020/09/tampa-bay-buccaneers-logo.png"),IF(BJ4="NO",IMAGE("https://1000logos.net/wp-content/uploads/2017/04/New-Orleans-Saints-Logo.png"),IF(BJ4="ATL",IMAGE("https://logodownload.org/wp-content/uploads/2020/07/atlanta-falcons-logo-0.png"),IF(BJ4="CAR",IMAGE("https://logos-download.com/wp-content/uploads/2018/02/Carolina_Panthers_logo_blue.png"),"")))))))))))))))))))))))))))))))) | BL4: 21 | BM4: 24 | BN4: FALSE
A5: Sun 9/13 @ 12:00pm | B5: NO @ DET | C5: =IFERROR(__xludf.DUMMYFUNCTION("""COMPUTED_VALUE"""),"DET") -> DET | D5: =IFERROR(__xludf.DUMMYFUNCTION("""COMPUTED_VALUE"""),"") | E5: =IFERROR(__xludf.DUMMYFUNCTION("""COMPUTED_VALUE"""),30.0) -> 30 | F5: =IFERROR(__xludf.DUMMYFUNCTION("""COMPUTED_VALUE"""),31.0) -> 31 | G5: DET | H5: =IF(G5="KC",IMAGE("https://logodownload.org/wp-content/uploads/2020/09/kansas-city-chiefs-logo.png"),IF(G5="LV",IMAGE("https://logodownload.org/wp-content/uploads/2020/09/las-vegas-raiders-logo-1-564x599.png"),IF(G5="DEN",IMAGE("https://logodownload.org/wp-content/uploads/2020/07/denver-broncos-logo-0.png"),IF(G5="LAC",IMAGE("https://logosmarcas.net/wp-content/uploads/2020/07/Los-Angeles-Chargers-logo.png"),IF(G5="BUF",IMAGE("https://logos-download.com/wp-content/uploads/2018/03/Buffalo_Bills_logo_blue.png"),IF(G5="MIA",IMAGE("https://logos-world.net/wp-content/uploads/2020/05/Miami-Dolphins-Logo.png"),IF(G5="NYJ",IMAGE("https://logos-world.net/wp-content/uploads/2020/07/New-York-Jets-Logo.png"),IF(G5="NE",IMAGE("https://purepng.com/public/uploads/large/new-england-patriots-logo-symbol-ucp.png"),IF(G5="BAL",IMAGE("https://1000logos.net/wp-content/uploads/2016/10/Baltimore-Ravens-Logo.png"),IF(G5="CLE",IMAGE("https://logos-world.net/wp-content/uploads/2020/05/Cleveland-Browns-Logo-2006-2014.png"),IF(G5="PIT",IMAGE("https://1000logos.net/wp-content/uploads/2017/06/Pittsburgh-Steelers-Logo.png"),IF(G5="CIN",IMAGE("https://logos-world.net/wp-content/uploads/2020/05/Cincinnati-Bengals-Logo.png"),IF(G5="HOU",IMAGE("https://cdn.wallpapersafari.com/15/25/Jnl2Yc.png"),IF(G5="JAX",IMAGE("https://1000logos.net/wp-content/uploads/2018/07/Jacksonville-Jaguars-Logo-1536x960.png"),IF(G5="IND",IMAGE("https://1000logos.net/wp-content/uploads/2016/12/Indianapolis-Colts-Logo-2048x1280.png"),IF(G5="TEN",IMAGE("https://img-s-msn-com.akamaized.net/tenant/amp/entityid/AA1YwbtK.img?w=720&h=720&m=6"),IF(G5="SF",IMAGE("https://logodownload.org/wp-content/uploads/2020/09/san-francisco-49ers-logo-2048x1220.png"),IF(G5="LAR",IMAGE("https://1000logos.net/wp-content/uploads/2018/07/Rams-Logo.png"),IF(G5="SEA",IMAGE("https://cdn.freebiesupply.com/images/large/2x/seattle-seahawks-logo-transparent.png"),IF(G5="AZ",IMAGE("https://logos-world.net/wp-content/uploads/2020/05/Arizona-Cardinals-Logo.png"),IF(G5="DAL",IMAGE("https://www.freepnglogos.com/uploads/dallas-cowboys-logo-22.png"),IF(G5="PHI",IMAGE("https://1000logos.net/wp-content/uploads/2017/05/Philadelphia-Eagles-Logo.png"),IF(G5="NYG",IMAGE("https://logosmarcas.net/wp-content/uploads/2020/07/New-York-Giants-Logo.png"),IF(G5="WSH",IMAGE("https://logodownload.org/wp-content/uploads/2020/09/washington-commanders-logo.png"),IF(G5="DET",IMAGE("https://logos-world.net/wp-content/uploads/2020/05/Detroit-Lions-Logo-2017-Present.png"),IF(G5="GB",IMAGE("https://logodownload.org/wp-content/uploads/2020/07/green-bay-packers-logo-1.png"),IF(G5="MIN",IMAGE("https://1000logos.net/wp-content/uploads/2017/06/Minnesota-Vikings-Logo-1965.png"),IF(G5="CHI",IMAGE("https://logos-world.net/wp-content/uploads/2020/05/Chicago-Bears-logo.png"),IF(G5="TB",IMAGE("https://logodownload.org/wp-content/uploads/2020/09/tampa-bay-buccaneers-logo.png"),IF(G5="NO",IMAGE("https://1000logos.net/wp-content/uploads/2017/04/New-Orleans-Saints-Logo.png"),IF(G5="ATL",IMAGE("https://logodownload.org/wp-content/uploads/2020/07/atlanta-falcons-logo-0.png"),IF(G5="CAR",IMAGE("https://logos-download.com/wp-content/uploads/2018/02/Carolina_Panthers_logo_blue.png"),"")))))))))))))))))))))))))))))))) | I5: 17 | J5: 20 | K5: FALSE | L5: DET | M5: =IF(L5="KC",IMAGE("https://logodownload.org/wp-content/uploads/2020/09/kansas-city-chiefs-logo.png"),IF(L5="LV",IMAGE("https://logodownload.org/wp-content/uploads/2020/09/las-vegas-raiders-logo-1-564x599.png"),IF(L5="DEN",IMAGE("https://logodownload.org/wp-content/uploads/2020/07/denver-broncos-logo-0.png"),IF(L5="LAC",IMAGE("https://logosmarcas.net/wp-content/uploads/2020/07/Los-Angeles-Chargers-logo.png"),IF(L5="BUF",IMAGE("https://logos-download.com/wp-content/uploads/2018/03/Buffalo_Bills_logo_blue.png"),IF(L5="MIA",IMAGE("https://logos-world.net/wp-content/uploads/2020/05/Miami-Dolphins-Logo.png"),IF(L5="NYJ",IMAGE("https://logos-world.net/wp-content/uploads/2020/07/New-York-Jets-Logo.png"),IF(L5="NE",IMAGE("https://purepng.com/public/uploads/large/new-england-patriots-logo-symbol-ucp.png"),IF(L5="BAL",IMAGE("https://1000logos.net/wp-content/uploads/2016/10/Baltimore-Ravens-Logo.png"),IF(L5="CLE",IMAGE("https://logos-world.net/wp-content/uploads/2020/05/Cleveland-Browns-Logo-2006-2014.png"),IF(L5="PIT",IMAGE("https://1000logos.net/wp-content/uploads/2017/06/Pittsburgh-Steelers-Logo.png"),IF(L5="CIN",IMAGE("https://logos-world.net/wp-content/uploads/2020/05/Cincinnati-Bengals-Logo.png"),IF(L5="HOU",IMAGE("https://cdn.wallpapersafari.com/15/25/Jnl2Yc.png"),IF(L5="JAX",IMAGE("https://1000logos.net/wp-content/uploads/2018/07/Jacksonville-Jaguars-Logo-1536x960.png"),IF(L5="IND",IMAGE("https://1000logos.net/wp-content/uploads/2016/12/Indianapolis-Colts-Logo-2048x1280.png"),IF(L5="TEN",IMAGE("https://img-s-msn-com.akamaized.net/tenant/amp/entityid/AA1YwbtK.img?w=720&h=720&m=6"),IF(L5="SF",IMAGE("https://logodownload.org/wp-content/uploads/2020/09/san-francisco-49ers-logo-2048x1220.png"),IF(L5="LAR",IMAGE("https://1000logos.net/wp-content/uploads/2018/07/Rams-Logo.png"),IF(L5="SEA",IMAGE("https://cdn.freebiesupply.com/images/large/2x/seattle-seahawks-logo-transparent.png"),IF(L5="AZ",IMAGE("https://logos-world.net/wp-content/uploads/2020/05/Arizona-Cardinals-Logo.png"),IF(L5="DAL",IMAGE("https://www.freepnglogos.com/uploads/dallas-cowboys-logo-22.png"),IF(L5="PHI",IMAGE("https://1000logos.net/wp-content/uploads/2017/05/Philadelphia-Eagles-Logo.png"),IF(L5="NYG",IMAGE("https://logosmarcas.net/wp-content/uploads/2020/07/New-York-Giants-Logo.png"),IF(L5="WSH",IMAGE("https://logodownload.org/wp-content/uploads/2020/09/washington-commanders-logo.png"),IF(L5="DET",IMAGE("https://logos-world.net/wp-content/uploads/2020/05/Detroit-Lions-Logo-2017-Present.png"),IF(L5="GB",IMAGE("https://logodownload.org/wp-content/uploads/2020/07/green-bay-packers-logo-1.png"),IF(L5="MIN",IMAGE("https://1000logos.net/wp-content/uploads/2017/06/Minnesota-Vikings-Logo-1965.png"),IF(L5="CHI",IMAGE("https://logos-world.net/wp-content/uploads/2020/05/Chicago-Bears-logo.png"),IF(L5="TB",IMAGE("https://logodownload.org/wp-content/uploads/2020/09/tampa-bay-buccaneers-logo.png"),IF(L5="NO",IMAGE("https://1000logos.net/wp-content/uploads/2017/04/New-Orleans-Saints-Logo.png"),IF(L5="ATL",IMAGE("https://logodownload.org/wp-content/uploads/2020/07/atlanta-falcons-logo-0.png"),IF(L5="CAR",IMAGE("https://logos-download.com/wp-content/uploads/2018/02/Carolina_Panthers_logo_blue.png"),"")))))))))))))))))))))))))))))))) | N5: 7 | O5: 10 | P5: FALSE | Q5: DET | R5: =IF(Q5="KC",IMAGE("https://logodownload.org/wp-content/uploads/2020/09/kansas-city-chiefs-logo.png"),IF(Q5="LV",IMAGE("https://logodownload.org/wp-content/uploads/2020/09/las-vegas-raiders-logo-1-564x599.png"),IF(Q5="DEN",IMAGE("https://logodownload.org/wp-content/uploads/2020/07/denver-broncos-logo-0.png"),IF(Q5="LAC",IMAGE("https://logosmarcas.net/wp-content/uploads/2020/07/Los-Angeles-Chargers-logo.png"),IF(Q5="BUF",IMAGE("https://logos-download.com/wp-content/uploads/2018/03/Buffalo_Bills_logo_blue.png"),IF(Q5="MIA",IMAGE("https://logos-world.net/wp-content/uploads/2020/05/Miami-Dolphins-Logo.png"),IF(Q5="NYJ",IMAGE("https://logos-world.net/wp-content/uploads/2020/07/New-York-Jets-Logo.png"),IF(Q5="NE",IMAGE("https://purepng.com/public/uploads/large/new-england-patriots-logo-symbol-ucp.png"),IF(Q5="BAL",IMAGE("https://1000logos.net/wp-content/uploads/2016/10/Baltimore-Ravens-Logo.png"),IF(Q5="CLE",IMAGE("https://logos-world.net/wp-content/uploads/2020/05/Cleveland-Browns-Logo-2006-2014.png"),IF(Q5="PIT",IMAGE("https://1000logos.net/wp-content/uploads/2017/06/Pittsburgh-Steelers-Logo.png"),IF(Q5="CIN",IMAGE("https://logos-world.net/wp-content/uploads/2020/05/Cincinnati-Bengals-Logo.png"),IF(Q5="HOU",IMAGE("https://cdn.wallpapersafari.com/15/25/Jnl2Yc.png"),IF(Q5="JAX",IMAGE("https://1000logos.net/wp-content/uploads/2018/07/Jacksonville-Jaguars-Logo-1536x960.png"),IF(Q5="IND",IMAGE("https://1000logos.net/wp-content/uploads/2016/12/Indianapolis-Colts-Logo-2048x1280.png"),IF(Q5="TEN",IMAGE("https://img-s-msn-com.akamaized.net/tenant/amp/entityid/AA1YwbtK.img?w=720&h=720&m=6"),IF(Q5="SF",IMAGE("https://logodownload.org/wp-content/uploads/2020/09/san-francisco-49ers-logo-2048x1220.png"),IF(Q5="LAR",IMAGE("https://1000logos.net/wp-content/uploads/2018/07/Rams-Logo.png"),IF(Q5="SEA",IMAGE("https://cdn.freebiesupply.com/images/large/2x/seattle-seahawks-logo-transparent.png"),IF(Q5="AZ",IMAGE("https://logos-world.net/wp-content/uploads/2020/05/Arizona-Cardinals-Logo.png"),IF(Q5="DAL",IMAGE("https://www.freepnglogos.com/uploads/dallas-cowboys-logo-22.png"),IF(Q5="PHI",IMAGE("https://1000logos.net/wp-content/uploads/2017/05/Philadelphia-Eagles-Logo.png"),IF(Q5="NYG",IMAGE("https://logosmarcas.net/wp-content/uploads/2020/07/New-York-Giants-Logo.png"),IF(Q5="WSH",IMAGE("https://logodownload.org/wp-content/uploads/2020/09/washington-commanders-logo.png"),IF(Q5="DET",IMAGE("https://logos-world.net/wp-content/uploads/2020/05/Detroit-Lions-Logo-2017-Present.png"),IF(Q5="GB",IMAGE("https://logodownload.org/wp-content/uploads/2020/07/green-bay-packers-logo-1.png"),IF(Q5="MIN",IMAGE("https://1000logos.net/wp-content/uploads/2017/06/Minnesota-Vikings-Logo-1965.png"),IF(Q5="CHI",IMAGE("https://logos-world.net/wp-content/uploads/2020/05/Chicago-Bears-logo.png"),IF(Q5="TB",IMAGE("https://logodownload.org/wp-content/uploads/2020/09/tampa-bay-buccaneers-logo.png"),IF(Q5="NO",IMAGE("https://1000logos.net/wp-content/uploads/2017/04/New-Orleans-Saints-Logo.png"),IF(Q5="ATL",IMAGE("https://logodownload.org/wp-content/uploads/2020/07/atlanta-falcons-logo-0.png"),IF(Q5="CAR",IMAGE("https://logos-download.com/wp-content/uploads/2018/02/Carolina_Panthers_logo_blue.png"),"")))))))))))))))))))))))))))))))) | S5: 7 | T5: 10 | U5: FALSE | V5: DET | W5: =IF(V5="KC",IMAGE("https://logodownload.org/wp-content/uploads/2020/09/kansas-city-chiefs-logo.png"),IF(V5="LV",IMAGE("https://logodownload.org/wp-content/uploads/2020/09/las-vegas-raiders-logo-1-564x599.png"),IF(V5="DEN",IMAGE("https://logodownload.org/wp-content/uploads/2020/07/denver-broncos-logo-0.png"),IF(V5="LAC",IMAGE("https://logosmarcas.net/wp-content/uploads/2020/07/Los-Angeles-Chargers-logo.png"),IF(V5="BUF",IMAGE("https://logos-download.com/wp-content/uploads/2018/03/Buffalo_Bills_logo_blue.png"),IF(V5="MIA",IMAGE("https://logos-world.net/wp-content/uploads/2020/05/Miami-Dolphins-Logo.png"),IF(V5="NYJ",IMAGE("https://logos-world.net/wp-content/uploads/2020/07/New-York-Jets-Logo.png"),IF(V5="NE",IMAGE("https://purepng.com/public/uploads/large/new-england-patriots-logo-symbol-ucp.png"),IF(V5="BAL",IMAGE("https://1000logos.net/wp-content/uploads/2016/10/Baltimore-Ravens-Logo.png"),IF(V5="CLE",IMAGE("https://logos-world.net/wp-content/uploads/2020/05/Cleveland-Browns-Logo-2006-2014.png"),IF(V5="PIT",IMAGE("https://1000logos.net/wp-content/uploads/2017/06/Pittsburgh-Steelers-Logo.png"),IF(V5="CIN",IMAGE("https://logos-world.net/wp-content/uploads/2020/05/Cincinnati-Bengals-Logo.png"),IF(V5="HOU",IMAGE("https://cdn.wallpapersafari.com/15/25/Jnl2Yc.png"),IF(V5="JAX",IMAGE("https://1000logos.net/wp-content/uploads/2018/07/Jacksonville-Jaguars-Logo-1536x960.png"),IF(V5="IND",IMAGE("https://1000logos.net/wp-content/uploads/2016/12/Indianapolis-Colts-Logo-2048x1280.png"),IF(V5="TEN",IMAGE("https://img-s-msn-com.akamaized.net/tenant/amp/entityid/AA1YwbtK.img?w=720&h=720&m=6"),IF(V5="SF",IMAGE("https://logodownload.org/wp-content/uploads/2020/09/san-francisco-49ers-logo-2048x1220.png"),IF(V5="LAR",IMAGE("https://1000logos.net/wp-content/uploads/2018/07/Rams-Logo.png"),IF(V5="SEA",IMAGE("https://cdn.freebiesupply.com/images/large/2x/seattle-seahawks-logo-transparent.png"),IF(V5="AZ",IMAGE("https://logos-world.net/wp-content/uploads/2020/05/Arizona-Cardinals-Logo.png"),IF(V5="DAL",IMAGE("https://www.freepnglogos.com/uploads/dallas-cowboys-logo-22.png"),IF(V5="PHI",IMAGE("https://1000logos.net/wp-content/uploads/2017/05/Philadelphia-Eagles-Logo.png"),IF(V5="NYG",IMAGE("https://logosmarcas.net/wp-content/uploads/2020/07/New-York-Giants-Logo.png"),IF(V5="WSH",IMAGE("https://logodownload.org/wp-content/uploads/2020/09/washington-commanders-logo.png"),IF(V5="DET",IMAGE("https://logos-world.net/wp-content/uploads/2020/05/Detroit-Lions-Logo-2017-Present.png"),IF(V5="GB",IMAGE("https://logodownload.org/wp-content/uploads/2020/07/green-bay-packers-logo-1.png"),IF(V5="MIN",IMAGE("https://1000logos.net/wp-content/uploads/2017/06/Minnesota-Vikings-Logo-1965.png"),IF(V5="CHI",IMAGE("https://logos-world.net/wp-content/uploads/2020/05/Chicago-Bears-logo.png"),IF(V5="TB",IMAGE("https://logodownload.org/wp-content/uploads/2020/09/tampa-bay-buccaneers-logo.png"),IF(V5="NO",IMAGE("https://1000logos.net/wp-content/uploads/2017/04/New-Orleans-Saints-Logo.png"),IF(V5="ATL",IMAGE("https://logodownload.org/wp-content/uploads/2020/07/atlanta-falcons-logo-0.png"),IF(V5="CAR",IMAGE("https://logos-download.com/wp-content/uploads/2018/02/Carolina_Panthers_logo_blue.png"),"")))))))))))))))))))))))))))))))) | X5: 7 | Y5: 21 | Z5: FALSE | AA5: DET | AB5: =IF(AA5="KC",IMAGE("https://logodownload.org/wp-content/uploads/2020/09/kansas-city-chiefs-logo.png"),IF(AA5="LV",IMAGE("https://logodownload.org/wp-content/uploads/2020/09/las-vegas-raiders-logo-1-564x599.png"),IF(AA5="DEN",IMAGE("https://logodownload.org/wp-content/uploads/2020/07/denver-broncos-logo-0.png"),IF(AA5="LAC",IMAGE("https://logosmarcas.net/wp-content/uploads/2020/07/Los-Angeles-Chargers-logo.png"),IF(AA5="BUF",IMAGE("https://logos-download.com/wp-content/uploads/2018/03/Buffalo_Bills_logo_blue.png"),IF(AA5="MIA",IMAGE("https://logos-world.net/wp-content/uploads/2020/05/Miami-Dolphins-Logo.png"),IF(AA5="NYJ",IMAGE("https://logos-world.net/wp-content/uploads/2020/07/New-York-Jets-Logo.png"),IF(AA5="NE",IMAGE("https://purepng.com/public/uploads/large/new-england-patriots-logo-symbol-ucp.png"),IF(AA5="BAL",IMAGE("https://1000logos.net/wp-content/uploads/2016/10/Baltimore-Ravens-Logo.png"),IF(AA5="CLE",IMAGE("https://logos-world.net/wp-content/uploads/2020/05/Cleveland-Browns-Logo-2006-2014.png"),IF(AA5="PIT",IMAGE("https://1000logos.net/wp-content/uploads/2017/06/Pittsburgh-Steelers-Logo.png"),IF(AA5="CIN",IMAGE("https://logos-world.net/wp-content/uploads/2020/05/Cincinnati-Bengals-Logo.png"),IF(AA5="HOU",IMAGE("https://cdn.wallpapersafari.com/15/25/Jnl2Yc.png"),IF(AA5="JAX",IMAGE("https://1000logos.net/wp-content/uploads/2018/07/Jacksonville-Jaguars-Logo-1536x960.png"),IF(AA5="IND",IMAGE("https://1000logos.net/wp-content/uploads/2016/12/Indianapolis-Colts-Logo-2048x1280.png"),IF(AA5="TEN",IMAGE("https://img-s-msn-com.akamaized.net/tenant/amp/entityid/AA1YwbtK.img?w=720&h=720&m=6"),IF(AA5="SF",IMAGE("https://logodownload.org/wp-content/uploads/2020/09/san-francisco-49ers-logo-2048x1220.png"),IF(AA5="LAR",IMAGE("https://1000logos.net/wp-content/uploads/2018/07/Rams-Logo.png"),IF(AA5="SEA",IMAGE("https://cdn.freebiesupply.com/images/large/2x/seattle-seahawks-logo-transparent.png"),IF(AA5="AZ",IMAGE("https://logos-world.net/wp-content/uploads/2020/05/Arizona-Cardinals-Logo.png"),IF(AA5="DAL",IMAGE("https://www.freepnglogos.com/uploads/dallas-cowboys-logo-22.png"),IF(AA5="PHI",IMAGE("https://1000logos.net/wp-content/uploads/2017/05/Philadelphia-Eagles-Logo.png"),IF(AA5="NYG",IMAGE("https://logosmarcas.net/wp-content/uploads/2020/07/New-York-Giants-Logo.png"),IF(AA5="WSH",IMAGE("https://logodownload.org/wp-content/uploads/2020/09/washington-commanders-logo.png"),IF(AA5="DET",IMAGE("https://logos-world.net/wp-content/uploads/2020/05/Detroit-Lions-Logo-2017-Present.png"),IF(AA5="GB",IMAGE("https://logodownload.org/wp-content/uploads/2020/07/green-bay-packers-logo-1.png"),IF(AA5="MIN",IMAGE("https://1000logos.net/wp-content/uploads/2017/06/Minnesota-Vikings-Logo-1965.png"),IF(AA5="CHI",IMAGE("https://logos-world.net/wp-content/uploads/2020/05/Chicago-Bears-logo.png"),IF(AA5="TB",IMAGE("https://logodownload.org/wp-content/uploads/2020/09/tampa-bay-buccaneers-logo.png"),IF(AA5="NO",IMAGE("https://1000logos.net/wp-content/uploads/2017/04/New-Orleans-Saints-Logo.png"),IF(AA5="ATL",IMAGE("https://logodownload.org/wp-content/uploads/2020/07/atlanta-falcons-logo-0.png"),IF(AA5="CAR",IMAGE("https://logos-download.com/wp-content/uploads/2018/02/Carolina_Panthers_logo_blue.png"),"")))))))))))))))))))))))))))))))) | AC5: 17 | AD5: 30 | AE5: FALSE | AF5: DET | AG5: =IF(AF5="KC",IMAGE("https://logodownload.org/wp-content/uploads/2020/09/kansas-city-chiefs-logo.png"),IF(AF5="LV",IMAGE("https://logodownload.org/wp-content/uploads/2020/09/las-vegas-raiders-logo-1-564x599.png"),IF(AF5="DEN",IMAGE("https://logodownload.org/wp-content/uploads/2020/07/denver-broncos-logo-0.png"),IF(AF5="LAC",IMAGE("https://logosmarcas.net/wp-content/uploads/2020/07/Los-Angeles-Chargers-logo.png"),IF(AF5="BUF",IMAGE("https://logos-download.com/wp-content/uploads/2018/03/Buffalo_Bills_logo_blue.png"),IF(AF5="MIA",IMAGE("https://logos-world.net/wp-content/uploads/2020/05/Miami-Dolphins-Logo.png"),IF(AF5="NYJ",IMAGE("https://logos-world.net/wp-content/uploads/2020/07/New-York-Jets-Logo.png"),IF(AF5="NE",IMAGE("https://purepng.com/public/uploads/large/new-england-patriots-logo-symbol-ucp.png"),IF(AF5="BAL",IMAGE("https://1000logos.net/wp-content/uploads/2016/10/Baltimore-Ravens-Logo.png"),IF(AF5="CLE",IMAGE("https://logos-world.net/wp-content/uploads/2020/05/Cleveland-Browns-Logo-2006-2014.png"),IF(AF5="PIT",IMAGE("https://1000logos.net/wp-content/uploads/2017/06/Pittsburgh-Steelers-Logo.png"),IF(AF5="CIN",IMAGE("https://logos-world.net/wp-content/uploads/2020/05/Cincinnati-Bengals-Logo.png"),IF(AF5="HOU",IMAGE("https://cdn.wallpapersafari.com/15/25/Jnl2Yc.png"),IF(AF5="JAX",IMAGE("https://1000logos.net/wp-content/uploads/2018/07/Jacksonville-Jaguars-Logo-1536x960.png"),IF(AF5="IND",IMAGE("https://1000logos.net/wp-content/uploads/2016/12/Indianapolis-Colts-Logo-2048x1280.png"),IF(AF5="TEN",IMAGE("https://img-s-msn-com.akamaized.net/tenant/amp/entityid/AA1YwbtK.img?w=720&h=720&m=6"),IF(AF5="SF",IMAGE("https://logodownload.org/wp-content/uploads/2020/09/san-francisco-49ers-logo-2048x1220.png"),IF(AF5="LAR",IMAGE("https://1000logos.net/wp-content/uploads/2018/07/Rams-Logo.png"),IF(AF5="SEA",IMAGE("https://cdn.freebiesupply.com/images/large/2x/seattle-seahawks-logo-transparent.png"),IF(AF5="AZ",IMAGE("https://logos-world.net/wp-content/uploads/2020/05/Arizona-Cardinals-Logo.png"),IF(AF5="DAL",IMAGE("https://www.freepnglogos.com/uploads/dallas-cowboys-logo-22.png"),IF(AF5="PHI",IMAGE("https://1000logos.net/wp-content/uploads/2017/05/Philadelphia-Eagles-Logo.png"),IF(AF5="NYG",IMAGE("https://logosmarcas.net/wp-content/uploads/2020/07/New-York-Giants-Logo.png"),IF(AF5="WSH",IMAGE("https://logodownload.org/wp-content/uploads/2020/09/washington-commanders-logo.png"),IF(AF5="DET",IMAGE("https://logos-world.net/wp-content/uploads/2020/05/Detroit-Lions-Logo-2017-Present.png"),IF(AF5="GB",IMAGE("https://logodownload.org/wp-content/uploads/2020/07/green-bay-packers-logo-1.png"),IF(AF5="MIN",IMAGE("https://1000logos.net/wp-content/uploads/2017/06/Minnesota-Vikings-Logo-1965.png"),IF(AF5="CHI",IMAGE("https://logos-world.net/wp-content/uploads/2020/05/Chicago-Bears-logo.png"),IF(AF5="TB",IMAGE("https://logodownload.org/wp-content/uploads/2020/09/tampa-bay-buccaneers-logo.png"),IF(AF5="NO",IMAGE("https://1000logos.net/wp-content/uploads/2017/04/New-Orleans-Saints-Logo.png"),IF(AF5="ATL",IMAGE("https://logodownload.org/wp-content/uploads/2020/07/atlanta-falcons-logo-0.png"),IF(AF5="CAR",IMAGE("https://logos-download.com/wp-content/uploads/2018/02/Carolina_Panthers_logo_blue.png"),"")))))))))))))))))))))))))))))))) | AH5: 21 | AI5: 28 | AJ5: FALSE | AK5: DET | AL5: =IF(AK5="KC",IMAGE("https://logodownload.org/wp-content/uploads/2020/09/kansas-city-chiefs-logo.png"),IF(AK5="LV",IMAGE("https://logodownload.org/wp-content/uploads/2020/09/las-vegas-raiders-logo-1-564x599.png"),IF(AK5="DEN",IMAGE("https://logodownload.org/wp-content/uploads/2020/07/denver-broncos-logo-0.png"),IF(AK5="LAC",IMAGE("https://logosmarcas.net/wp-content/uploads/2020/07/Los-Angeles-Chargers-logo.png"),IF(AK5="BUF",IMAGE("https://logos-download.com/wp-content/uploads/2018/03/Buffalo_Bills_logo_blue.png"),IF(AK5="MIA",IMAGE("https://logos-world.net/wp-content/uploads/2020/05/Miami-Dolphins-Logo.png"),IF(AK5="NYJ",IMAGE("https://logos-world.net/wp-content/uploads/2020/07/New-York-Jets-Logo.png"),IF(AK5="NE",IMAGE("https://purepng.com/public/uploads/large/new-england-patriots-logo-symbol-ucp.png"),IF(AK5="BAL",IMAGE("https://1000logos.net/wp-content/uploads/2016/10/Baltimore-Ravens-Logo.png"),IF(AK5="CLE",IMAGE("https://logos-world.net/wp-content/uploads/2020/05/Cleveland-Browns-Logo-2006-2014.png"),IF(AK5="PIT",IMAGE("https://1000logos.net/wp-content/uploads/2017/06/Pittsburgh-Steelers-Logo.png"),IF(AK5="CIN",IMAGE("https://logos-world.net/wp-content/uploads/2020/05/Cincinnati-Bengals-Logo.png"),IF(AK5="HOU",IMAGE("https://cdn.wallpapersafari.com/15/25/Jnl2Yc.png"),IF(AK5="JAX",IMAGE("https://1000logos.net/wp-content/uploads/2018/07/Jacksonville-Jaguars-Logo-1536x960.png"),IF(AK5="IND",IMAGE("https://1000logos.net/wp-content/uploads/2016/12/Indianapolis-Colts-Logo-2048x1280.png"),IF(AK5="TEN",IMAGE("https://img-s-msn-com.akamaized.net/tenant/amp/entityid/AA1YwbtK.img?w=720&h=720&m=6"),IF(AK5="SF",IMAGE("https://logodownload.org/wp-content/uploads/2020/09/san-francisco-49ers-logo-2048x1220.png"),IF(AK5="LAR",IMAGE("https://1000logos.net/wp-content/uploads/2018/07/Rams-Logo.png"),IF(AK5="SEA",IMAGE("https://cdn.freebiesupply.com/images/large/2x/seattle-seahawks-logo-transparent.png"),IF(AK5="AZ",IMAGE("https://logos-world.net/wp-content/uploads/2020/05/Arizona-Cardinals-Logo.png"),IF(AK5="DAL",IMAGE("https://www.freepnglogos.com/uploads/dallas-cowboys-logo-22.png"),IF(AK5="PHI",IMAGE("https://1000logos.net/wp-content/uploads/2017/05/Philadelphia-Eagles-Logo.png"),IF(AK5="NYG",IMAGE("https://logosmarcas.net/wp-content/uploads/2020/07/New-York-Giants-Logo.png"),IF(AK5="WSH",IMAGE("https://logodownload.org/wp-content/uploads/2020/09/washington-commanders-logo.png"),IF(AK5="DET",IMAGE("https://logos-world.net/wp-content/uploads/2020/05/Detroit-Lions-Logo-2017-Present.png"),IF(AK5="GB",IMAGE("https://logodownload.org/wp-content/uploads/2020/07/green-bay-packers-logo-1.png"),IF(AK5="MIN",IMAGE("https://1000logos.net/wp-content/uploads/2017/06/Minnesota-Vikings-Logo-1965.png"),IF(AK5="CHI",IMAGE("https://logos-world.net/wp-content/uploads/2020/05/Chicago-Bears-logo.png"),IF(AK5="TB",IMAGE("https://logodownload.org/wp-content/uploads/2020/09/tampa-bay-buccaneers-logo.png"),IF(AK5="NO",IMAGE("https://1000logos.net/wp-content/uploads/2017/04/New-Orleans-Saints-Logo.png"),IF(AK5="ATL",IMAGE("https://logodownload.org/wp-content/uploads/2020/07/atlanta-falcons-logo-0.png"),IF(AK5="CAR",IMAGE("https://logos-download.com/wp-content/uploads/2018/02/Carolina_Panthers_logo_blue.png"),"")))))))))))))))))))))))))))))))) | AM5: 17 | AN5: 20 | AO5: FALSE | AP5: DET | AQ5: =IF(AP5="KC",IMAGE("https://logodownload.org/wp-content/uploads/2020/09/kansas-city-chiefs-logo.png"),IF(AP5="LV",IMAGE("https://logodownload.org/wp-content/uploads/2020/09/las-vegas-raiders-logo-1-564x599.png"),IF(AP5="DEN",IMAGE("https://logodownload.org/wp-content/uploads/2020/07/denver-broncos-logo-0.png"),IF(AP5="LAC",IMAGE("https://logosmarcas.net/wp-content/uploads/2020/07/Los-Angeles-Chargers-logo.png"),IF(AP5="BUF",IMAGE("https://logos-download.com/wp-content/uploads/2018/03/Buffalo_Bills_logo_blue.png"),IF(AP5="MIA",IMAGE("https://logos-world.net/wp-content/uploads/2020/05/Miami-Dolphins-Logo.png"),IF(AP5="NYJ",IMAGE("https://logos-world.net/wp-content/uploads/2020/07/New-York-Jets-Logo.png"),IF(AP5="NE",IMAGE("https://purepng.com/public/uploads/large/new-england-patriots-logo-symbol-ucp.png"),IF(AP5="BAL",IMAGE("https://1000logos.net/wp-content/uploads/2016/10/Baltimore-Ravens-Logo.png"),IF(AP5="CLE",IMAGE("https://logos-world.net/wp-content/uploads/2020/05/Cleveland-Browns-Logo-2006-2014.png"),IF(AP5="PIT",IMAGE("https://1000logos.net/wp-content/uploads/2017/06/Pittsburgh-Steelers-Logo.png"),IF(AP5="CIN",IMAGE("https://logos-world.net/wp-content/uploads/2020/05/Cincinnati-Bengals-Logo.png"),IF(AP5="HOU",IMAGE("https://cdn.wallpapersafari.com/15/25/Jnl2Yc.png"),IF(AP5="JAX",IMAGE("https://1000logos.net/wp-content/uploads/2018/07/Jacksonville-Jaguars-Logo-1536x960.png"),IF(AP5="IND",IMAGE("https://1000logos.net/wp-content/uploads/2016/12/Indianapolis-Colts-Logo-2048x1280.png"),IF(AP5="TEN",IMAGE("https://img-s-msn-com.akamaized.net/tenant/amp/entityid/AA1YwbtK.img?w=720&h=720&m=6"),IF(AP5="SF",IMAGE("https://logodownload.org/wp-content/uploads/2020/09/san-francisco-49ers-logo-2048x1220.png"),IF(AP5="LAR",IMAGE("https://1000logos.net/wp-content/uploads/2018/07/Rams-Logo.png"),IF(AP5="SEA",IMAGE("https://cdn.freebiesupply.com/images/large/2x/seattle-seahawks-logo-transparent.png"),IF(AP5="AZ",IMAGE("https://logos-world.net/wp-content/uploads/2020/05/Arizona-Cardinals-Logo.png"),IF(AP5="DAL",IMAGE("https://www.freepnglogos.com/uploads/dallas-cowboys-logo-22.png"),IF(AP5="PHI",IMAGE("https://1000logos.net/wp-content/uploads/2017/05/Philadelphia-Eagles-Logo.png"),IF(AP5="NYG",IMAGE("https://logosmarcas.net/wp-content/uploads/2020/07/New-York-Giants-Logo.png"),IF(AP5="WSH",IMAGE("https://logodownload.org/wp-content/uploads/2020/09/washington-commanders-logo.png"),IF(AP5="DET",IMAGE("https://logos-world.net/wp-content/uploads/2020/05/Detroit-Lions-Logo-2017-Present.png"),IF(AP5="GB",IMAGE("https://logodownload.org/wp-content/uploads/2020/07/green-bay-packers-logo-1.png"),IF(AP5="MIN",IMAGE("https://1000logos.net/wp-content/uploads/2017/06/Minnesota-Vikings-Logo-1965.png"),IF(AP5="CHI",IMAGE("https://logos-world.net/wp-content/uploads/2020/05/Chicago-Bears-logo.png"),IF(AP5="TB",IMAGE("https://logodownload.org/wp-content/uploads/2020/09/tampa-bay-buccaneers-logo.png"),IF(AP5="NO",IMAGE("https://1000logos.net/wp-content/uploads/2017/04/New-Orleans-Saints-Logo.png"),IF(AP5="ATL",IMAGE("https://logodownload.org/wp-content/uploads/2020/07/atlanta-falcons-logo-0.png"),IF(AP5="CAR",IMAGE("https://logos-download.com/wp-content/uploads/2018/02/Carolina_Panthers_logo_blue.png"),"")))))))))))))))))))))))))))))))) | AR5: 17 | AS5: 27 | AT5: FALSE | AU5: DET | AV5: =IF(AU5="KC",IMAGE("https://logodownload.org/wp-content/uploads/2020/09/kansas-city-chiefs-logo.png"),IF(AU5="LV",IMAGE("https://logodownload.org/wp-content/uploads/2020/09/las-vegas-raiders-logo-1-564x599.png"),IF(AU5="DEN",IMAGE("https://logodownload.org/wp-content/uploads/2020/07/denver-broncos-logo-0.png"),IF(AU5="LAC",IMAGE("https://logosmarcas.net/wp-content/uploads/2020/07/Los-Angeles-Chargers-logo.png"),IF(AU5="BUF",IMAGE("https://logos-download.com/wp-content/uploads/2018/03/Buffalo_Bills_logo_blue.png"),IF(AU5="MIA",IMAGE("https://logos-world.net/wp-content/uploads/2020/05/Miami-Dolphins-Logo.png"),IF(AU5="NYJ",IMAGE("https://logos-world.net/wp-content/uploads/2020/07/New-York-Jets-Logo.png"),IF(AU5="NE",IMAGE("https://purepng.com/public/uploads/large/new-england-patriots-logo-symbol-ucp.png"),IF(AU5="BAL",IMAGE("https://1000logos.net/wp-content/uploads/2016/10/Baltimore-Ravens-Logo.png"),IF(AU5="CLE",IMAGE("https://logos-world.net/wp-content/uploads/2020/05/Cleveland-Browns-Logo-2006-2014.png"),IF(AU5="PIT",IMAGE("https://1000logos.net/wp-content/uploads/2017/06/Pittsburgh-Steelers-Logo.png"),IF(AU5="CIN",IMAGE("https://logos-world.net/wp-content/uploads/2020/05/Cincinnati-Bengals-Logo.png"),IF(AU5="HOU",IMAGE("https://cdn.wallpapersafari.com/15/25/Jnl2Yc.png"),IF(AU5="JAX",IMAGE("https://1000logos.net/wp-content/uploads/2018/07/Jacksonville-Jaguars-Logo-1536x960.png"),IF(AU5="IND",IMAGE("https://1000logos.net/wp-content/uploads/2016/12/Indianapolis-Colts-Logo-2048x1280.png"),IF(AU5="TEN",IMAGE("https://img-s-msn-com.akamaized.net/tenant/amp/entityid/AA1YwbtK.img?w=720&h=720&m=6"),IF(AU5="SF",IMAGE("https://logodownload.org/wp-content/uploads/2020/09/san-francisco-49ers-logo-2048x1220.png"),IF(AU5="LAR",IMAGE("https://1000logos.net/wp-content/uploads/2018/07/Rams-Logo.png"),IF(AU5="SEA",IMAGE("https://cdn.freebiesupply.com/images/large/2x/seattle-seahawks-logo-transparent.png"),IF(AU5="AZ",IMAGE("https://logos-world.net/wp-content/uploads/2020/05/Arizona-Cardinals-Logo.png"),IF(AU5="DAL",IMAGE("https://www.freepnglogos.com/uploads/dallas-cowboys-logo-22.png"),IF(AU5="PHI",IMAGE("https://1000logos.net/wp-content/uploads/2017/05/Philadelphia-Eagles-Logo.png"),IF(AU5="NYG",IMAGE("https://logosmarcas.net/wp-content/uploads/2020/07/New-York-Giants-Logo.png"),IF(AU5="WSH",IMAGE("https://logodownload.org/wp-content/uploads/2020/09/washington-commanders-logo.png"),IF(AU5="DET",IMAGE("https://logos-world.net/wp-content/uploads/2020/05/Detroit-Lions-Logo-2017-Present.png"),IF(AU5="GB",IMAGE("https://logodownload.org/wp-content/uploads/2020/07/green-bay-packers-logo-1.png"),IF(AU5="MIN",IMAGE("https://1000logos.net/wp-content/uploads/2017/06/Minnesota-Vikings-Logo-1965.png"),IF(AU5="CHI",IMAGE("https://logos-world.net/wp-content/uploads/2020/05/Chicago-Bears-logo.png"),IF(AU5="TB",IMAGE("https://logodownload.org/wp-content/uploads/2020/09/tampa-bay-buccaneers-logo.png"),IF(AU5="NO",IMAGE("https://1000logos.net/wp-content/uploads/2017/04/New-Orleans-Saints-Logo.png"),IF(AU5="ATL",IMAGE("https://logodownload.org/wp-content/uploads/2020/07/atlanta-falcons-logo-0.png"),IF(AU5="CAR",IMAGE("https://logos-download.com/wp-content/uploads/2018/02/Carolina_Panthers_logo_blue.png"),"")))))))))))))))))))))))))))))))) | AW5: 7 | AX5: 10 | AY5: FALSE | AZ5: DET | BA5: =IF(AZ5="KC",IMAGE("https://logodownload.org/wp-content/uploads/2020/09/kansas-city-chiefs-logo.png"),IF(AZ5="LV",IMAGE("https://logodownload.org/wp-content/uploads/2020/09/las-vegas-raiders-logo-1-564x599.png"),IF(AZ5="DEN",IMAGE("https://logodownload.org/wp-content/uploads/2020/07/denver-broncos-logo-0.png"),IF(AZ5="LAC",IMAGE("https://logosmarcas.net/wp-content/uploads/2020/07/Los-Angeles-Chargers-logo.png"),IF(AZ5="BUF",IMAGE("https://logos-download.com/wp-content/uploads/2018/03/Buffalo_Bills_logo_blue.png"),IF(AZ5="MIA",IMAGE("https://logos-world.net/wp-content/uploads/2020/05/Miami-Dolphins-Logo.png"),IF(AZ5="NYJ",IMAGE("https://logos-world.net/wp-content/uploads/2020/07/New-York-Jets-Logo.png"),IF(AZ5="NE",IMAGE("https://purepng.com/public/uploads/large/new-england-patriots-logo-symbol-ucp.png"),IF(AZ5="BAL",IMAGE("https://1000logos.net/wp-content/uploads/2016/10/Baltimore-Ravens-Logo.png"),IF(AZ5="CLE",IMAGE("https://logos-world.net/wp-content/uploads/2020/05/Cleveland-Browns-Logo-2006-2014.png"),IF(AZ5="PIT",IMAGE("https://1000logos.net/wp-content/uploads/2017/06/Pittsburgh-Steelers-Logo.png"),IF(AZ5="CIN",IMAGE("https://logos-world.net/wp-content/uploads/2020/05/Cincinnati-Bengals-Logo.png"),IF(AZ5="HOU",IMAGE("https://cdn.wallpapersafari.com/15/25/Jnl2Yc.png"),IF(AZ5="JAX",IMAGE("https://1000logos.net/wp-content/uploads/2018/07/Jacksonville-Jaguars-Logo-1536x960.png"),IF(AZ5="IND",IMAGE("https://1000logos.net/wp-content/uploads/2016/12/Indianapolis-Colts-Logo-2048x1280.png"),IF(AZ5="TEN",IMAGE("https://img-s-msn-com.akamaized.net/tenant/amp/entityid/AA1YwbtK.img?w=720&h=720&m=6"),IF(AZ5="SF",IMAGE("https://logodownload.org/wp-content/uploads/2020/09/san-francisco-49ers-logo-2048x1220.png"),IF(AZ5="LAR",IMAGE("https://1000logos.net/wp-content/uploads/2018/07/Rams-Logo.png"),IF(AZ5="SEA",IMAGE("https://cdn.freebiesupply.com/images/large/2x/seattle-seahawks-logo-transparent.png"),IF(AZ5="AZ",IMAGE("https://logos-world.net/wp-content/uploads/2020/05/Arizona-Cardinals-Logo.png"),IF(AZ5="DAL",IMAGE("https://www.freepnglogos.com/uploads/dallas-cowboys-logo-22.png"),IF(AZ5="PHI",IMAGE("https://1000logos.net/wp-content/uploads/2017/05/Philadelphia-Eagles-Logo.png"),IF(AZ5="NYG",IMAGE("https://logosmarcas.net/wp-content/uploads/2020/07/New-York-Giants-Logo.png"),IF(AZ5="WSH",IMAGE("https://logodownload.org/wp-content/uploads/2020/09/washington-commanders-logo.png"),IF(AZ5="DET",IMAGE("https://logos-world.net/wp-content/uploads/2020/05/Detroit-Lions-Logo-2017-Present.png"),IF(AZ5="GB",IMAGE("https://logodownload.org/wp-content/uploads/2020/07/green-bay-packers-logo-1.png"),IF(AZ5="MIN",IMAGE("https://1000logos.net/wp-content/uploads/2017/06/Minnesota-Vikings-Logo-1965.png"),IF(AZ5="CHI",IMAGE("https://logos-world.net/wp-content/uploads/2020/05/Chicago-Bears-logo.png"),IF(AZ5="TB",IMAGE("https://logodownload.org/wp-content/uploads/2020/09/tampa-bay-buccaneers-logo.png"),IF(AZ5="NO",IMAGE("https://1000logos.net/wp-content/uploads/2017/04/New-Orleans-Saints-Logo.png"),IF(AZ5="ATL",IMAGE("https://logodownload.org/wp-content/uploads/2020/07/atlanta-falcons-logo-0.png"),IF(AZ5="CAR",IMAGE("https://logos-download.com/wp-content/uploads/2018/02/Carolina_Panthers_logo_blue.png"),"")))))))))))))))))))))))))))))))) | BB5: 20 | BC5: 23 | BD5: FALSE | BE5: DET | BF5: =IF(BE5="KC",IMAGE("https://logodownload.org/wp-content/uploads/2020/09/kansas-city-chiefs-logo.png"),IF(BE5="LV",IMAGE("https://logodownload.org/wp-content/uploads/2020/09/las-vegas-raiders-logo-1-564x599.png"),IF(BE5="DEN",IMAGE("https://logodownload.org/wp-content/uploads/2020/07/denver-broncos-logo-0.png"),IF(BE5="LAC",IMAGE("https://logosmarcas.net/wp-content/uploads/2020/07/Los-Angeles-Chargers-logo.png"),IF(BE5="BUF",IMAGE("https://logos-download.com/wp-content/uploads/2018/03/Buffalo_Bills_logo_blue.png"),IF(BE5="MIA",IMAGE("https://logos-world.net/wp-content/uploads/2020/05/Miami-Dolphins-Logo.png"),IF(BE5="NYJ",IMAGE("https://logos-world.net/wp-content/uploads/2020/07/New-York-Jets-Logo.png"),IF(BE5="NE",IMAGE("https://purepng.com/public/uploads/large/new-england-patriots-logo-symbol-ucp.png"),IF(BE5="BAL",IMAGE("https://1000logos.net/wp-content/uploads/2016/10/Baltimore-Ravens-Logo.png"),IF(BE5="CLE",IMAGE("https://logos-world.net/wp-content/uploads/2020/05/Cleveland-Browns-Logo-2006-2014.png"),IF(BE5="PIT",IMAGE("https://1000logos.net/wp-content/uploads/2017/06/Pittsburgh-Steelers-Logo.png"),IF(BE5="CIN",IMAGE("https://logos-world.net/wp-content/uploads/2020/05/Cincinnati-Bengals-Logo.png"),IF(BE5="HOU",IMAGE("https://cdn.wallpapersafari.com/15/25/Jnl2Yc.png"),IF(BE5="JAX",IMAGE("https://1000logos.net/wp-content/uploads/2018/07/Jacksonville-Jaguars-Logo-1536x960.png"),IF(BE5="IND",IMAGE("https://1000logos.net/wp-content/uploads/2016/12/Indianapolis-Colts-Logo-2048x1280.png"),IF(BE5="TEN",IMAGE("https://img-s-msn-com.akamaized.net/tenant/amp/entityid/AA1YwbtK.img?w=720&h=720&m=6"),IF(BE5="SF",IMAGE("https://logodownload.org/wp-content/uploads/2020/09/san-francisco-49ers-logo-2048x1220.png"),IF(BE5="LAR",IMAGE("https://1000logos.net/wp-content/uploads/2018/07/Rams-Logo.png"),IF(BE5="SEA",IMAGE("https://cdn.freebiesupply.com/images/large/2x/seattle-seahawks-logo-transparent.png"),IF(BE5="AZ",IMAGE("https://logos-world.net/wp-content/uploads/2020/05/Arizona-Cardinals-Logo.png"),IF(BE5="DAL",IMAGE("https://www.freepnglogos.com/uploads/dallas-cowboys-logo-22.png"),IF(BE5="PHI",IMAGE("https://1000logos.net/wp-content/uploads/2017/05/Philadelphia-Eagles-Logo.png"),IF(BE5="NYG",IMAGE("https://logosmarcas.net/wp-content/uploads/2020/07/New-York-Giants-Logo.png"),IF(BE5="WSH",IMAGE("https://logodownload.org/wp-content/uploads/2020/09/washington-commanders-logo.png"),IF(BE5="DET",IMAGE("https://logos-world.net/wp-content/uploads/2020/05/Detroit-Lions-Logo-2017-Present.png"),IF(BE5="GB",IMAGE("https://logodownload.org/wp-content/uploads/2020/07/green-bay-packers-logo-1.png"),IF(BE5="MIN",IMAGE("https://1000logos.net/wp-content/uploads/2017/06/Minnesota-Vikings-Logo-1965.png"),IF(BE5="CHI",IMAGE("https://logos-world.net/wp-content/uploads/2020/05/Chicago-Bears-logo.png"),IF(BE5="TB",IMAGE("https://logodownload.org/wp-content/uploads/2020/09/tampa-bay-buccaneers-logo.png"),IF(BE5="NO",IMAGE("https://1000logos.net/wp-content/uploads/2017/04/New-Orleans-Saints-Logo.png"),IF(BE5="ATL",IMAGE("https://logodownload.org/wp-content/uploads/2020/07/atlanta-falcons-logo-0.png"),IF(BE5="CAR",IMAGE("https://logos-download.com/wp-content/uploads/2018/02/Carolina_Panthers_logo_blue.png"),"")))))))))))))))))))))))))))))))) | BG5: 19 | BH5: 30 | BI5: FALSE | BJ5: DET | BK5: =IF(BJ5="KC",IMAGE("https://logodownload.org/wp-content/uploads/2020/09/kansas-city-chiefs-logo.png"),IF(BJ5="LV",IMAGE("https://logodownload.org/wp-content/uploads/2020/09/las-vegas-raiders-logo-1-564x599.png"),IF(BJ5="DEN",IMAGE("https://logodownload.org/wp-content/uploads/2020/07/denver-broncos-logo-0.png"),IF(BJ5="LAC",IMAGE("https://logosmarcas.net/wp-content/uploads/2020/07/Los-Angeles-Chargers-logo.png"),IF(BJ5="BUF",IMAGE("https://logos-download.com/wp-content/uploads/2018/03/Buffalo_Bills_logo_blue.png"),IF(BJ5="MIA",IMAGE("https://logos-world.net/wp-content/uploads/2020/05/Miami-Dolphins-Logo.png"),IF(BJ5="NYJ",IMAGE("https://logos-world.net/wp-content/uploads/2020/07/New-York-Jets-Logo.png"),IF(BJ5="NE",IMAGE("https://purepng.com/public/uploads/large/new-england-patriots-logo-symbol-ucp.png"),IF(BJ5="BAL",IMAGE("https://1000logos.net/wp-content/uploads/2016/10/Baltimore-Ravens-Logo.png"),IF(BJ5="CLE",IMAGE("https://logos-world.net/wp-content/uploads/2020/05/Cleveland-Browns-Logo-2006-2014.png"),IF(BJ5="PIT",IMAGE("https://1000logos.net/wp-content/uploads/2017/06/Pittsburgh-Steelers-Logo.png"),IF(BJ5="CIN",IMAGE("https://logos-world.net/wp-content/uploads/2020/05/Cincinnati-Bengals-Logo.png"),IF(BJ5="HOU",IMAGE("https://cdn.wallpapersafari.com/15/25/Jnl2Yc.png"),IF(BJ5="JAX",IMAGE("https://1000logos.net/wp-content/uploads/2018/07/Jacksonville-Jaguars-Logo-1536x960.png"),IF(BJ5="IND",IMAGE("https://1000logos.net/wp-content/uploads/2016/12/Indianapolis-Colts-Logo-2048x1280.png"),IF(BJ5="TEN",IMAGE("https://img-s-msn-com.akamaized.net/tenant/amp/entityid/AA1YwbtK.img?w=720&h=720&m=6"),IF(BJ5="SF",IMAGE("https://logodownload.org/wp-content/uploads/2020/09/san-francisco-49ers-logo-2048x1220.png"),IF(BJ5="LAR",IMAGE("https://1000logos.net/wp-content/uploads/2018/07/Rams-Logo.png"),IF(BJ5="SEA",IMAGE("https://cdn.freebiesupply.com/images/large/2x/seattle-seahawks-logo-transparent.png"),IF(BJ5="AZ",IMAGE("https://logos-world.net/wp-content/uploads/2020/05/Arizona-Cardinals-Logo.png"),IF(BJ5="DAL",IMAGE("https://www.freepnglogos.com/uploads/dallas-cowboys-logo-22.png"),IF(BJ5="PHI",IMAGE("https://1000logos.net/wp-content/uploads/2017/05/Philadelphia-Eagles-Logo.png"),IF(BJ5="NYG",IMAGE("https://logosmarcas.net/wp-content/uploads/2020/07/New-York-Giants-Logo.png"),IF(BJ5="WSH",IMAGE("https://logodownload.org/wp-content/uploads/2020/09/washington-commanders-logo.png"),IF(BJ5="DET",IMAGE("https://logos-world.net/wp-content/uploads/2020/05/Detroit-Lions-Logo-2017-Present.png"),IF(BJ5="GB",IMAGE("https://logodownload.org/wp-content/uploads/2020/07/green-bay-packers-logo-1.png"),IF(BJ5="MIN",IMAGE("https://1000logos.net/wp-content/uploads/2017/06/Minnesota-Vikings-Logo-1965.png"),IF(BJ5="CHI",IMAGE("https://logos-world.net/wp-content/uploads/2020/05/Chicago-Bears-logo.png"),IF(BJ5="TB",IMAGE("https://logodownload.org/wp-content/uploads/2020/09/tampa-bay-buccaneers-logo.png"),IF(BJ5="NO",IMAGE("https://1000logos.net/wp-content/uploads/2017/04/New-Orleans-Saints-Logo.png"),IF(BJ5="ATL",IMAGE("https://logodownload.org/wp-content/uploads/2020/07/atlanta-falcons-logo-0.png"),IF(BJ5="CAR",IMAGE("https://logos-download.com/wp-content/uploads/2018/02/Carolina_Panthers_logo_blue.png"),"")))))))))))))))))))))))))))))))) | BL5: 17 | BM5: 20 | BN5: FALSE
