Workbook

Sheet Rules & Scoring
A1: INTRO
A2: We are back again with our third season! To everyone returning, welcome back. To the newcomers, glad to have you join us!
A3: Read the point system below carefully, and best of luck this season!
A4: PREDICTIONS AND WAGERS ARE DUE NO LATER THAN SEPTEMBER 7TH @ 5PM CENTRAL!
A5: APP UPDATES & NEW FEATURES
A6: • Quick Links: Easily navigate between weeks using the new Quick Links.
A7: • Live Standings Panel: You will now be able to see the Standings on the right side on Weeks tabs
A8: • Randomizer: The Randomizer located in H1 cell of Weeks tabs will now allow you multiple randomize options to fill out picks faster, or give yourself some new ideas!
A9: • Clearing in Bulk: You will also have multiple Clear options under the Randomizer dropdown.
A11: FILLING OUT PREDICTIONS (REGULAR SEASON)
A12: All you need to do for predictions is go through Weeks 1-18 and fill in:
A13: Winning Team
... A81: Rob Klezmer

Sheet Standings
B1: AFC West | C1: Record | D1: Div Record | G1: NFC West | H1: Record | I1: Div Record
A2: =IMAGE("https://logodownload.org/wp-content/uploads/2020/09/kansas-city-chiefs-logo.png") | B2: KC | C2: =CONCATENATE('Standings Counter'!B20," - ",'Standings Counter'!C20) -> 10 - 7 | D2: =CONCATENATE('Div Record Counter'!B20," - ",'Div Record Counter'!C20) -> 3 - 3 | F2: =IMAGE("https://logodownload.org/wp-content/uploads/2020/09/san-francisco-49ers-logo-2048x1220.png") | G2: SF | H2: =CONCATENATE('Standings Counter'!AH20," - ",'Standings Counter'!AI20) -> 10 - 7 | I2: =CONCATENATE('Div Record Counter'!AH20," - ",'Div Record Counter'!AI20) -> 4 - 2
A3: =IMAGE("https://logodownload.org/wp-content/uploads/2020/09/las-vegas-raiders-logo-1-564x599.png") | B3: LV | C3: =CONCATENATE('Standings Counter'!D20," - ",'Standings Counter'!E20) -> 7 - 10 | D3: =CONCATENATE('Div Record Counter'!D20," - ",'Div Record Counter'!E20) -> 2 - 4 | F3: =IMAGE("https://1000logos.net/wp-content/uploads/2018/07/Rams-Logo.png") | G3: LAR | H3: =CONCATENATE('Standings Counter'!AJ20," - ",'Standings Counter'!AK20) -> 13 - 4 | I3: =CONCATENATE('Div Record Counter'!AJ20," - ",'Div Record Counter'!AK20) -> 3 - 3
A4: =IMAGE("https://logodownload.org/wp-content/uploads/2020/07/denver-broncos-logo-0.png") | B4: DEN | C4: =CONCATENATE('Standings Counter'!F20," - ",'Standings Counter'!G20) -> 12 - 5 | D4: =CONCATENATE('Div Record Counter'!F20," - ",'Div Record Counter'!G20) -> 4 - 2 | F4: =IMAGE("https://cdn.freebiesupply.com/images/large/2x/seattle-seahawks-logo-transparent.png") | G4: SEA | H4: =CONCATENATE('Standings Counter'!AL20," - ",'Standings Counter'!AM20) -> 12 - 5 | I4: =CONCATENATE('Div Record Counter'!AL20," - ",'Div Record Counter'!AM20) -> 4 - 2
A5: =IMAGE("https://logosmarcas.net/wp-content/uploads/2020/07/Los-Angeles-Chargers-logo.png") | B5: LAC | C5: =CONCATENATE('Standings Counter'!H20," - ",'Standings Counter'!I20) -> 8 - 9 | D5: =concatenate('Div Record Counter'!H20," - ",'Div Record Counter'!I20) -> 3 - 3 | F5: =IMAGE("https://logos-world.net/wp-content/uploads/2020/05/Arizona-Cardinals-Logo.png") | G5: AZ | H5: =CONCATENATE('Standings Counter'!AN20," - ",'Standings Counter'!AO20) -> 5 - 12 | I5: =CONCATENATE('Div Record Counter'!AN20," - ",'Div Record Counter'!AO20) -> 1 - 5
B7: AFC East | C7: Record | D7: Div Record | G7: NFC East | H7: Record | I7: Div Record
A8: =IMAGE("https://logos-download.com/wp-content/uploads/2018/03/Buffalo_Bills_logo_blue.png") | B8: BUF | C8: =CONCATENATE('Standings Counter'!J20," - ",'Standings Counter'!K20) -> 12 - 5 | D8: =CONCATENATE('Div Record Counter'!J20," - ",'Div Record Counter'!K20) -> 3 - 3 | F8: =IMAGE("https://www.freepnglogos.com/uploads/dallas-cowboys-logo-22.png") | G8: DAL | H8: =CONCATENATE('Standings Counter'!AP20," - ",'Standings Counter'!AQ20) -> 11 - 6 | I8: =CONCATENATE('Div Record Counter'!AP20," - ",'Div Record Counter'!AQ20) -> 5 - 1
A9: =IMAGE("https://logos-world.net/wp-content/uploads/2020/05/Miami-Dolphins-Logo.png") | B9: MIA | C9: =CONCATENATE('Standings Counter'!L20," - ",'Standings Counter'!M20) -> 3 - 14 | D9: =concatenate('Div Record Counter'!L20," - ",'Div Record Counter'!M20) -> 1 - 5 | F9: =IMAGE("https://1000logos.net/wp-content/uploads/2017/05/Philadelphia-Eagles-Logo.png") | G9: PHI | H9: =CONCATENATE('Standings Counter'!AR20," - ",'Standings Counter'!AS20) -> 13 - 4 | I9: =CONCATENATE('Div Record Counter'!AR20," - ",'Div Record Counter'!AS20) -> 5 - 1
A10: =IMAGE("https://logos-world.net/wp-content/uploads/2020/07/New-York-Jets-Logo.png") | B10: NYJ | C10: =CONCATENATE('Standings Counter'!N20," - ",'Standings Counter'!O20) -> 4 - 13 | D10: =concatenate('Div Record Counter'!N20," - ",'Div Record Counter'!O20) -> 3 - 3 | F10: =IMAGE("https://logosmarcas.net/wp-content/uploads/2020/07/New-York-Giants-Logo.png") | G10: NYG | H10: =CONCATENATE('Standings Counter'!AT20," - ",'Standings Counter'!AU20) -> 4 - 13 | I10: =CONCATENATE('Div Record Counter'!AT20," - ",'Div Record Counter'!AU20) -> 0 - 6
A11: =IMAGE("https://purepng.com/public/uploads/large/new-england-patriots-logo-symbol-ucp.png") | B11: NE | C11: =CONCATENATE('Standings Counter'!P20," - ",'Standings Counter'!Q20) -> 13 - 4 | D11: =concatenate('Div Record Counter'!P20," - ",'Div Record Counter'!Q20) -> 5 - 1 | F11: =IMAGE("https://logodownload.org/wp-content/uploads/2020/09/washington-commanders-logo.png") | G11: WSH | H11: =CONCATENATE('Standings Counter'!AV20," - ",'Standings Counter'!AW20) -> 6 - 11 | I11: =CONCATENATE('Div Record Counter'!AV20," - ",'Div Record Counter'!AW20) -> 2 - 4
B13: AFC North | C13: Record | D13: Div Record | G13: NFC North | H13: Record | I13: Div Record
A14: =IMAGE("https://1000logos.net/wp-content/uploads/2016/10/Baltimore-Ravens-Logo.png") | B14: BAL | C14: =CONCATENATE('Standings Counter'!R20," - ",'Standings Counter'!S20) -> 11 - 6 | D14: =concatenate('Div Record Counter'!R20," - ",'Div Record Counter'!S20) -> 4 - 2 | F14: =IMAGE("https://logos-world.net/wp-content/uploads/2020/05/Detroit-Lions-Logo-2017-Present.png") | G14: DET | H14: =CONCATENATE('Standings Counter'!AX20," - ",'Standings Counter'!AY20) -> 11 - 6 | I14: =CONCATENATE('Div Record Counter'!AX20," - ",'Div Record Counter'!AY20) -> 3 - 3
A15: =IMAGE("https://logos-world.net/wp-content/uploads/2020/05/Cleveland-Browns-Logo-2006-2014.png") | B15: CLE | C15: =CONCATENATE('Standings Counter'!T20," - ",'Standings Counter'!U20) -> 4 - 13 | D15: =concatenate('Div Record Counter'!T20," - ",'Div Record Counter'!U20) -> 0 - 6 | F15: =IMAGE("https://logodownload.org/wp-content/uploads/2020/07/green-bay-packers-logo-1.png") | G15: GB | H15: =CONCATENATE('Standings Counter'!AZ20," - ",'Standings Counter'!BA20) -> 9 - 8 | I15: =CONCATENATE('Div Record Counter'!AZ20," - ",'Div Record Counter'!BA20) -> 3 - 3
A16: =IMAGE("https://1000logos.net/wp-content/uploads/2017/06/Pittsburgh-Steelers-Logo.png") | B16: PIT | C16: =CONCATENATE('Standings Counter'!V20," - ",'Standings Counter'!W20) -> 7 - 10 | D16: =concatenate('Div Record Counter'!V20," - ",'Div Record Counter'!W20) -> 3 - 3 | F16: =IMAGE("https://1000logos.net/wp-content/uploads/2017/06/Minnesota-Vikings-Logo-1965.png") | G16: MIN | H16: =CONCATENATE('Standings Counter'!BB20," - ",'Standings Counter'!BC20) -> 8 - 9 | I16: =CONCATENATE('Div Record Counter'!BB20," - ",'Div Record Counter'!BC20) -> 1 - 5
A17: =IMAGE("https://logos-world.net/wp-content/uploads/2020/05/Cincinnati-Bengals-Logo.png") | B17: CIN | C17: =CONCATENATE('Standings Counter'!X20," - ",'Standings Counter'!Y20) -> 10 - 7 | D17: =concatenate('Div Record Counter'!X20," - ",'Div Record Counter'!Y20) -> 5 - 1 | F17: =IMAGE("https://logos-world.net/wp-content/uploads/2020/05/Chicago-Bears-logo.png") | G17: CHI | H17: =CONCATENATE('Standings Counter'!BD20," - ",'Standings Counter'!BE20) -> 10 - 7 | I17: =CONCATENATE('Div Record Counter'!BD20," - ",'Div Record Counter'!BE20) -> 5 - 1
B19: AFC South | C19: Record | D19: Div Record | G19: NFC South | H19: Record | I19: Div Record
A20: =IMAGE("https://cdn.wallpapersafari.com/15/25/Jnl2Yc.png") | B20: HOU | C20: =CONCATENATE('Standings Counter'!Z20," - ",'Standings Counter'!AA20) -> 10 - 7 | D20: =concatenate('Div Record Counter'!Z20," - ",'Div Record Counter'!AA20) -> 5 - 1 | F20: =IMAGE("https://logodownload.org/wp-content/uploads/2020/09/tampa-bay-buccaneers-logo.png") | G20: TB | H20: =CONCATENATE('Standings Counter'!BF20," - ",'Standings Counter'!BG20) -> 8 - 9 | I20: =CONCATENATE('Div Record Counter'!BF20," - ",'Div Record Counter'!BG20) -> 3 - 3
A21: =IMAGE("https://1000logos.net/wp-content/uploads/2018/07/Jacksonville-Jaguars-Logo-1536x960.png") | B21: JAX | C21: =CONCATENATE('Standings Counter'!AB20," - ",'Standings Counter'!AC20) -> 10 - 7 | D21: =concatenate('Div Record Counter'!AB20," - ",'Div Record Counter'!AC20) -> 5 - 1 | F21: =IMAGE("https://1000logos.net/wp-content/uploads/2017/04/New-Orleans-Saints-Logo.png") | G21: NO | H21: =CONCATENATE('Standings Counter'!BH20," - ",'Standings Counter'!BI20) -> 9 - 8 | I21: =CONCATENATE('Div Record Counter'!BH20," - ",'Div Record Counter'!BI20) -> 4 - 2
A22: =IMAGE("https://1000logos.net/wp-content/uploads/2016/12/Indianapolis-Colts-Logo-2048x1280.png") | B22: IND | C22: =CONCATENATE('Standings Counter'!AD20," - ",'Standings Counter'!AE20) -> 7 - 10 | D22: =concatenate('Div Record Counter'!AD20," - ",'Div Record Counter'!AE20) -> 2 - 4 | F22: =IMAGE("https://logodownload.org/wp-content/uploads/2020/07/atlanta-falcons-logo-0.png") | G22: ATL | H22: =CONCATENATE('Standings Counter'!BJ20," - ",'Standings Counter'!BK20) -> 8 - 9 | I22: =CONCATENATE('Div Record Counter'!BJ20," - ",'Div Record Counter'!BK20) -> 4 - 2
A23: =IMAGE("https://img-s-msn-com.akamaized.net/tenant/amp/entityid/AA1YwbtK.img?w=720&h=720&m=6") | B23: TEN | C23: =CONCATENATE('Standings Counter'!AF20," - ",'Standings Counter'!AG20) -> 3 - 14 | D23: =concatenate('Div Record Counter'!AF20," - ",'Div Record Counter'!AG20) -> 0 - 6 | F23: =IMAGE("https://logos-download.com/wp-content/uploads/2018/02/Carolina_Panthers_logo_blue.png") | G23: CAR | H23: =CONCATENATE('Standings Counter'!BL20," - ",'Standings Counter'!BM20) -> 4 - 13 | I23: =CONCATENATE('Div Record Counter'!BL20," - ",'Div Record Counter'!BM20) -> 1 - 5
B25: AFC Playoff Picture | G25: NFC Playoff Picture
A26: 1 | B26: {=INDEX('Playoffs Calc'!T5,0)} -> NE | C26: =IF(B26="KC",IMAGE("https://logodownload.org/wp-content/uploads/2020/09/kansas-city-chiefs-logo.png"),IF(B26="LV",IMAGE("https://logodownload.org/wp-content/uploads/2020/09/las-vegas-raiders-logo-1-564x599.png"),IF(B26="DEN",IMAGE("https://logodownload.org/wp-content/uploads/2020/07/denver-broncos-logo-0.png"),IF(B26="LAC",IMAGE("https://logosmarcas.net/wp-content/uploads/2020/07/Los-Angeles-Chargers-logo.png"),IF(B26="BUF",IMAGE("https://logos-download.com/wp-content/uploads/2018/03/Buffalo_Bills_logo_blue.png"),IF(B26="MIA",IMAGE("https://logos-world.net/wp-content/uploads/2020/05/Miami-Dolphins-Logo.png"),IF(B26="NYJ",IMAGE("https://logos-world.net/wp-content/uploads/2020/07/New-York-Jets-Logo.png"),IF(B26="NE",IMAGE("https://purepng.com/public/uploads/large/new-england-patriots-logo-symbol-ucp.png"),IF(B26="BAL",IMAGE("https://1000logos.net/wp-content/uploads/2016/10/Baltimore-Ravens-Logo.png"),IF(B26="CLE",IMAGE("https://logos-world.net/wp-content/uploads/2020/05/Cleveland-Browns-Logo-2006-2014.png"),IF(B26="PIT",IMAGE("https://1000logos.net/wp-content/uploads/2017/06/Pittsburgh-Steelers-Logo.png"),IF(B26="CIN",IMAGE("https://logos-world.net/wp-content/uploads/2020/05/Cincinnati-Bengals-Logo.png"),IF(B26="HOU",IMAGE("https://cdn.wallpapersafari.com/15/25/Jnl2Yc.png"),IF(B26="JAX",IMAGE("https://1000logos.net/wp-content/uploads/2018/07/Jacksonville-Jaguars-Logo-1536x960.png"),IF(B26="IND",IMAGE("https://1000logos.net/wp-content/uploads/2016/12/Indianapolis-Colts-Logo-2048x1280.png"),IF(B26="TEN",IMAGE("https://img-s-msn-com.akamaized.net/tenant/amp/entityid/AA1YwbtK.img?w=720&h=720&m=6"),IF(B26="SF",IMAGE("https://logodownload.org/wp-content/uploads/2020/09/san-francisco-49ers-logo-2048x1220.png"),IF(B26="LAR",IMAGE("https://1000logos.net/wp-content/uploads/2018/07/Rams-Logo.png"),IF(B26="SEA",IMAGE("https://cdn.freebiesupply.com/images/large/2x/seattle-seahawks-logo-transparent.png"),IF(B26="AZ",IMAGE("https://logos-world.net/wp-content/uploads/2020/05/Arizona-Cardinals-Logo.png"),IF(B26="DAL",IMAGE("https://www.freepnglogos.com/uploads/dallas-cowboys-logo-22.png"),IF(B26="PHI",IMAGE("https://1000logos.net/wp-content/uploads/2017/05/Philadelphia-Eagles-Logo.png"),IF(B26="NYG",IMAGE("https://logosmarcas.net/wp-content/uploads/2020/07/New-York-Giants-Logo.png"),IF(B26="WSH",IMAGE("https://logodownload.org/wp-content/uploads/2020/09/washington-commanders-logo.png"),IF(B26="DET",IMAGE("https://logos-world.net/wp-content/uploads/2020/05/Detroit-Lions-Logo-2017-Present.png"),IF(B26="GB",IMAGE("https://logodownload.org/wp-content/uploads/2020/07/green-bay-packers-logo-1.png"),IF(B26="MIN",IMAGE("https://1000logos.net/wp-content/uploads/2017/06/Minnesota-Vikings-Logo-1965.png"),IF(B26="CHI",IMAGE("https://logos-world.net/wp-content/uploads/2020/05/Chicago-Bears-logo.png"),IF(B26="TB",IMAGE("https://logodownload.org/wp-content/uploads/2020/09/tampa-bay-buccaneers-logo.png"),IF(B26="NO",IMAGE("https://1000logos.net/wp-content/uploads/2017/04/New-Orleans-Saints-Logo.png"),IF(B26="ATL",IMAGE("https://logodownload.org/wp-content/uploads/2020/07/atlanta-falcons-logo-0.png"),IF(B26="CAR",IMAGE("https://logos-download.com/wp-content/uploads/2018/02/Carolina_Panthers_logo_blue.png"),"")))))))))))))))))))))))))))))))) | F26: 1 | G26: {=INDEX('Playoffs Calc'!T18,0)} -> PHI | H26: =IF(G26="KC",IMAGE("https://logodownload.org/wp-content/uploads/2020/09/kansas-city-chiefs-logo.png"),IF(G26="LV",IMAGE("https://logodownload.org/wp-content/uploads/2020/09/las-vegas-raiders-logo-1-564x599.png"),IF(G26="DEN",IMAGE("https://logodownload.org/wp-content/uploads/2020/07/denver-broncos-logo-0.png"),IF(G26="LAC",IMAGE("https://logosmarcas.net/wp-content/uploads/2020/07/Los-Angeles-Chargers-logo.png"),IF(G26="BUF",IMAGE("https://logos-download.com/wp-content/uploads/2018/03/Buffalo_Bills_logo_blue.png"),IF(G26="MIA",IMAGE("https://logos-world.net/wp-content/uploads/2020/05/Miami-Dolphins-Logo.png"),IF(G26="NYJ",IMAGE("https://logos-world.net/wp-content/uploads/2020/07/New-York-Jets-Logo.png"),IF(G26="NE",IMAGE("https://purepng.com/public/uploads/large/new-england-patriots-logo-symbol-ucp.png"),IF(G26="BAL",IMAGE("https://1000logos.net/wp-content/uploads/2016/10/Baltimore-Ravens-Logo.png"),IF(G26="CLE",IMAGE("https://logos-world.net/wp-content/uploads/2020/05/Cleveland-Browns-Logo-2006-2014.png"),IF(G26="PIT",IMAGE("https://1000logos.net/wp-content/uploads/2017/06/Pittsburgh-Steelers-Logo.png"),IF(G26="CIN",IMAGE("https://logos-world.net/wp-content/uploads/2020/05/Cincinnati-Bengals-Logo.png"),IF(G26="HOU",IMAGE("https://cdn.wallpapersafari.com/15/25/Jnl2Yc.png"),IF(G26="JAX",IMAGE("https://1000logos.net/wp-content/uploads/2018/07/Jacksonville-Jaguars-Logo-1536x960.png"),IF(G26="IND",IMAGE("https://1000logos.net/wp-content/uploads/2016/12/Indianapolis-Colts-Logo-2048x1280.png"),IF(G26="TEN",IMAGE("https://img-s-msn-com.akamaized.net/tenant/amp/entityid/AA1YwbtK.img?w=720&h=720&m=6"),IF(G26="SF",IMAGE("https://logodownload.org/wp-content/uploads/2020/09/san-francisco-49ers-logo-2048x1220.png"),IF(G26="LAR",IMAGE("https://1000logos.net/wp-content/uploads/2018/07/Rams-Logo.png"),IF(G26="SEA",IMAGE("https://cdn.freebiesupply.com/images/large/2x/seattle-seahawks-logo-transparent.png"),IF(G26="AZ",IMAGE("https://logos-world.net/wp-content/uploads/2020/05/Arizona-Cardinals-Logo.png"),IF(G26="DAL",IMAGE("https://www.freepnglogos.com/uploads/dallas-cowboys-logo-22.png"),IF(G26="PHI",IMAGE("https://1000logos.net/wp-content/uploads/2017/05/Philadelphia-Eagles-Logo.png"),IF(G26="NYG",IMAGE("https://logosmarcas.net/wp-content/uploads/2020/07/New-York-Giants-Logo.png"),IF(G26="WSH",IMAGE("https://logodownload.org/wp-content/uploads/2020/09/washington-commanders-logo.png"),IF(G26="DET",IMAGE("https://logos-world.net/wp-content/uploads/2020/05/Detroit-Lions-Logo-2017-Present.png"),IF(G26="GB",IMAGE("https://logodownload.org/wp-content/uploads/2020/07/green-bay-packers-logo-1.png"),IF(G26="MIN",IMAGE("https://1000logos.net/wp-content/uploads/2017/06/Minnesota-Vikings-Logo-1965.png"),IF(G26="CHI",IMAGE("https://logos-world.net/wp-content/uploads/2020/05/Chicago-Bears-logo.png"),IF(G26="TB",IMAGE("https://logodownload.org/wp-content/uploads/2020/09/tampa-bay-buccaneers-logo.png"),IF(G26="NO",IMAGE("https://1000logos.net/wp-content/uploads/2017/04/New-Orleans-Saints-Logo.png"),IF(G26="ATL",IMAGE("https://logodownload.org/wp-content/uploads/2020/07/atlanta-falcons-logo-0.png"),IF(G26="CAR",IMAGE("https://logos-download.com/wp-content/uploads/2018/02/Carolina_Panthers_logo_blue.png"),""))))))))))))))))))))))))))))))))
A27: 2 | B27: {=INDEX('Playoffs Calc'!T6,0)} -> DEN | C27: =IF(B27="KC",IMAGE("https://logodownload.org/wp-content/uploads/2020/09/kansas-city-chiefs-logo.png"),IF(B27="LV",IMAGE("https://logodownload.org/wp-content/uploads/2020/09/las-vegas-raiders-logo-1-564x599.png"),IF(B27="DEN",IMAGE("https://logodownload.org/wp-content/uploads/2020/07/denver-broncos-logo-0.png"),IF(B27="LAC",IMAGE("https://logosmarcas.net/wp-content/uploads/2020/07/Los-Angeles-Chargers-logo.png"),IF(B27="BUF",IMAGE("https://logos-download.com/wp-content/uploads/2018/03/Buffalo_Bills_logo_blue.png"),IF(B27="MIA",IMAGE("https://logos-world.net/wp-content/uploads/2020/05/Miami-Dolphins-Logo.png"),IF(B27="NYJ",IMAGE("https://logos-world.net/wp-content/uploads/2020/07/New-York-Jets-Logo.png"),IF(B27="NE",IMAGE("https://purepng.com/public/uploads/large/new-england-patriots-logo-symbol-ucp.png"),IF(B27="BAL",IMAGE("https://1000logos.net/wp-content/uploads/2016/10/Baltimore-Ravens-Logo.png"),IF(B27="CLE",IMAGE("https://logos-world.net/wp-content/uploads/2020/05/Cleveland-Browns-Logo-2006-2014.png"),IF(B27="PIT",IMAGE("https://1000logos.net/wp-content/uploads/2017/06/Pittsburgh-Steelers-Logo.png"),IF(B27="CIN",IMAGE("https://logos-world.net/wp-content/uploads/2020/05/Cincinnati-Bengals-Logo.png"),IF(B27="HOU",IMAGE("https://cdn.wallpapersafari.com/15/25/Jnl2Yc.png"),IF(B27="JAX",IMAGE("https://1000logos.net/wp-content/uploads/2018/07/Jacksonville-Jaguars-Logo-1536x960.png"),IF(B27="IND",IMAGE("https://1000logos.net/wp-content/uploads/2016/12/Indianapolis-Colts-Logo-2048x1280.png"),IF(B27="TEN",IMAGE("https://img-s-msn-com.akamaized.net/tenant/amp/entityid/AA1YwbtK.img?w=720&h=720&m=6"),IF(B27="SF",IMAGE("https://logodownload.org/wp-content/uploads/2020/09/san-francisco-49ers-logo-2048x1220.png"),IF(B27="LAR",IMAGE("https://1000logos.net/wp-content/uploads/2018/07/Rams-Logo.png"),IF(B27="SEA",IMAGE("https://cdn.freebiesupply.com/images/large/2x/seattle-seahawks-logo-transparent.png"),IF(B27="AZ",IMAGE("https://logos-world.net/wp-content/uploads/2020/05/Arizona-Cardinals-Logo.png"),IF(B27="DAL",IMAGE("https://www.freepnglogos.com/uploads/dallas-cowboys-logo-22.png"),IF(B27="PHI",IMAGE("https://1000logos.net/wp-content/uploads/2017/05/Philadelphia-Eagles-Logo.png"),IF(B27="NYG",IMAGE("https://logosmarcas.net/wp-content/uploads/2020/07/New-York-Giants-Logo.png"),IF(B27="WSH",IMAGE("https://logodownload.org/wp-content/uploads/2020/09/washington-commanders-logo.png"),IF(B27="DET",IMAGE("https://logos-world.net/wp-content/uploads/2020/05/Detroit-Lions-Logo-2017-Present.png"),IF(B27="GB",IMAGE("https://logodownload.org/wp-content/uploads/2020/07/green-bay-packers-logo-1.png"),IF(B27="MIN",IMAGE("https://1000logos.net/wp-content/uploads/2017/06/Minnesota-Vikings-Logo-1965.png"),IF(B27="CHI",IMAGE("https://logos-world.net/wp-content/uploads/2020/05/Chicago-Bears-logo.png"),IF(B27="TB",IMAGE("https://logodownload.org/wp-content/uploads/2020/09/tampa-bay-buccaneers-logo.png"),IF(B27="NO",IMAGE("https://1000logos.net/wp-content/uploads/2017/04/New-Orleans-Saints-Logo.png"),IF(B27="ATL",IMAGE("https://logodownload.org/wp-content/uploads/2020/07/atlanta-falcons-logo-0.png"),IF(B27="CAR",IMAGE("https://logos-download.com/wp-content/uploads/2018/02/Carolina_Panthers_logo_blue.png"),"")))))))))))))))))))))))))))))))) | F27: 2 | G27: {=INDEX('Playoffs Calc'!T19,0)} -> LAR | H27: =IF(G27="KC",IMAGE("https://logodownload.org/wp-content/uploads/2020/09/kansas-city-chiefs-logo.png"),IF(G27="LV",IMAGE("https://logodownload.org/wp-content/uploads/2020/09/las-vegas-raiders-logo-1-564x599.png"),IF(G27="DEN",IMAGE("https://logodownload.org/wp-content/uploads/2020/07/denver-broncos-logo-0.png"),IF(G27="LAC",IMAGE("https://logosmarcas.net/wp-content/uploads/2020/07/Los-Angeles-Chargers-logo.png"),IF(G27="BUF",IMAGE("https://logos-download.com/wp-content/uploads/2018/03/Buffalo_Bills_logo_blue.png"),IF(G27="MIA",IMAGE("https://logos-world.net/wp-content/uploads/2020/05/Miami-Dolphins-Logo.png"),IF(G27="NYJ",IMAGE("https://logos-world.net/wp-content/uploads/2020/07/New-York-Jets-Logo.png"),IF(G27="NE",IMAGE("https://purepng.com/public/uploads/large/new-england-patriots-logo-symbol-ucp.png"),IF(G27="BAL",IMAGE("https://1000logos.net/wp-content/uploads/2016/10/Baltimore-Ravens-Logo.png"),IF(G27="CLE",IMAGE("https://logos-world.net/wp-content/uploads/2020/05/Cleveland-Browns-Logo-2006-2014.png"),IF(G27="PIT",IMAGE("https://1000logos.net/wp-content/uploads/2017/06/Pittsburgh-Steelers-Logo.png"),IF(G27="CIN",IMAGE("https://logos-world.net/wp-content/uploads/2020/05/Cincinnati-Bengals-Logo.png"),IF(G27="HOU",IMAGE("https://cdn.wallpapersafari.com/15/25/Jnl2Yc.png"),IF(G27="JAX",IMAGE("https://1000logos.net/wp-content/uploads/2018/07/Jacksonville-Jaguars-Logo-1536x960.png"),IF(G27="IND",IMAGE("https://1000logos.net/wp-content/uploads/2016/12/Indianapolis-Colts-Logo-2048x1280.png"),IF(G27="TEN",IMAGE("https://img-s-msn-com.akamaized.net/tenant/amp/entityid/AA1YwbtK.img?w=720&h=720&m=6"),IF(G27="SF",IMAGE("https://logodownload.org/wp-content/uploads/2020/09/san-francisco-49ers-logo-2048x1220.png"),IF(G27="LAR",IMAGE("https://1000logos.net/wp-content/uploads/2018/07/Rams-Logo.png"),IF(G27="SEA",IMAGE("https://cdn.freebiesupply.com/images/large/2x/seattle-seahawks-logo-transparent.png"),IF(G27="AZ",IMAGE("https://logos-world.net/wp-content/uploads/2020/05/Arizona-Cardinals-Logo.png"),IF(G27="DAL",IMAGE("https://www.freepnglogos.com/uploads/dallas-cowboys-logo-22.png"),IF(G27="PHI",IMAGE("https://1000logos.net/wp-content/uploads/2017/05/Philadelphia-Eagles-Logo.png"),IF(G27="NYG",IMAGE("https://logosmarcas.net/wp-content/uploads/2020/07/New-York-Giants-Logo.png"),IF(G27="WSH",IMAGE("https://logodownload.org/wp-content/uploads/2020/09/washington-commanders-logo.png"),IF(G27="DET",IMAGE("https://logos-world.net/wp-content/uploads/2020/05/Detroit-Lions-Logo-2017-Present.png"),IF(G27="GB",IMAGE("https://logodownload.org/wp-content/uploads/2020/07/green-bay-packers-logo-1.png"),IF(G27="MIN",IMAGE("https://1000logos.net/wp-content/uploads/2017/06/Minnesota-Vikings-Logo-1965.png"),IF(G27="CHI",IMAGE("https://logos-world.net/wp-content/uploads/2020/05/Chicago-Bears-logo.png"),IF(G27="TB",IMAGE("https://logodownload.org/wp-content/uploads/2020/09/tampa-bay-buccaneers-logo.png"),IF(G27="NO",IMAGE("https://1000logos.net/wp-content/uploads/2017/04/New-Orleans-Saints-Logo.png"),IF(G27="ATL",IMAGE("https://logodownload.org/wp-content/uploads/2020/07/atlanta-falcons-logo-0.png"),IF(G27="CAR",IMAGE("https://logos-download.com/wp-content/uploads/2018/02/Carolina_Panthers_logo_blue.png"),""))))))))))))))))))))))))))))))))
A28: 3 | B28: {=INDEX('Playoffs Calc'!T7,0)} -> BAL | C28: =IF(B28="KC",IMAGE("https://logodownload.org/wp-content/uploads/2020/09/kansas-city-chiefs-logo.png"),IF(B28="LV",IMAGE("https://logodownload.org/wp-content/uploads/2020/09/las-vegas-raiders-logo-1-564x599.png"),IF(B28="DEN",IMAGE("https://logodownload.org/wp-content/uploads/2020/07/denver-broncos-logo-0.png"),IF(B28="LAC",IMAGE("https://logosmarcas.net/wp-content/uploads/2020/07/Los-Angeles-Chargers-logo.png"),IF(B28="BUF",IMAGE("https://logos-download.com/wp-content/uploads/2018/03/Buffalo_Bills_logo_blue.png"),IF(B28="MIA",IMAGE("https://logos-world.net/wp-content/uploads/2020/05/Miami-Dolphins-Logo.png"),IF(B28="NYJ",IMAGE("https://logos-world.net/wp-content/uploads/2020/07/New-York-Jets-Logo.png"),IF(B28="NE",IMAGE("https://purepng.com/public/uploads/large/new-england-patriots-logo-symbol-ucp.png"),IF(B28="BAL",IMAGE("https://1000logos.net/wp-content/uploads/2016/10/Baltimore-Ravens-Logo.png"),IF(B28="CLE",IMAGE("https://logos-world.net/wp-content/uploads/2020/05/Cleveland-Browns-Logo-2006-2014.png"),IF(B28="PIT",IMAGE("https://1000logos.net/wp-content/uploads/2017/06/Pittsburgh-Steelers-Logo.png"),IF(B28="CIN",IMAGE("https://logos-world.net/wp-content/uploads/2020/05/Cincinnati-Bengals-Logo.png"),IF(B28="HOU",IMAGE("https://cdn.wallpapersafari.com/15/25/Jnl2Yc.png"),IF(B28="JAX",IMAGE("https://1000logos.net/wp-content/uploads/2018/07/Jacksonville-Jaguars-Logo-1536x960.png"),IF(B28="IND",IMAGE("https://1000logos.net/wp-content/uploads/2016/12/Indianapolis-Colts-Logo-2048x1280.png"),IF(B28="TEN",IMAGE("https://img-s-msn-com.akamaized.net/tenant/amp/entityid/AA1YwbtK.img?w=720&h=720&m=6"),IF(B28="SF",IMAGE("https://logodownload.org/wp-content/uploads/2020/09/san-francisco-49ers-logo-2048x1220.png"),IF(B28="LAR",IMAGE("https://1000logos.net/wp-content/uploads/2018/07/Rams-Logo.png"),IF(B28="SEA",IMAGE("https://cdn.freebiesupply.com/images/large/2x/seattle-seahawks-logo-transparent.png"),IF(B28="AZ",IMAGE("https://logos-world.net/wp-content/uploads/2020/05/Arizona-Cardinals-Logo.png"),IF(B28="DAL",IMAGE("https://www.freepnglogos.com/uploads/dallas-cowboys-logo-22.png"),IF(B28="PHI",IMAGE("https://1000logos.net/wp-content/uploads/2017/05/Philadelphia-Eagles-Logo.png"),IF(B28="NYG",IMAGE("https://logosmarcas.net/wp-content/uploads/2020/07/New-York-Giants-Logo.png"),IF(B28="WSH",IMAGE("https://logodownload.org/wp-content/uploads/2020/09/washington-commanders-logo.png"),IF(B28="DET",IMAGE("https://logos-world.net/wp-content/uploads/2020/05/Detroit-Lions-Logo-2017-Present.png"),IF(B28="GB",IMAGE("https://logodownload.org/wp-content/uploads/2020/07/green-bay-packers-logo-1.png"),IF(B28="MIN",IMAGE("https://1000logos.net/wp-content/uploads/2017/06/Minnesota-Vikings-Logo-1965.png"),IF(B28="CHI",IMAGE("https://logos-world.net/wp-content/uploads/2020/05/Chicago-Bears-logo.png"),IF(B28="TB",IMAGE("https://logodownload.org/wp-content/uploads/2020/09/tampa-bay-buccaneers-logo.png"),IF(B28="NO",IMAGE("https://1000logos.net/wp-content/uploads/2017/04/New-Orleans-Saints-Logo.png"),IF(B28="ATL",IMAGE("https://logodownload.org/wp-content/uploads/2020/07/atlanta-falcons-logo-0.png"),IF(B28="CAR",IMAGE("https://logos-download.com/wp-content/uploads/2018/02/Carolina_Panthers_logo_blue.png"),"")))))))))))))))))))))))))))))))) | F28: 3 | G28: {=INDEX('Playoffs Calc'!T20,0)} -> DET | H28: =IF(G28="KC",IMAGE("https://logodownload.org/wp-content/uploads/2020/09/kansas-city-chiefs-logo.png"),IF(G28="LV",IMAGE("https://logodownload.org/wp-content/uploads/2020/09/las-vegas-raiders-logo-1-564x599.png"),IF(G28="DEN",IMAGE("https://logodownload.org/wp-content/uploads/2020/07/denver-broncos-logo-0.png"),IF(G28="LAC",IMAGE("https://logosmarcas.net/wp-content/uploads/2020/07/Los-Angeles-Chargers-logo.png"),IF(G28="BUF",IMAGE("https://logos-download.com/wp-content/uploads/2018/03/Buffalo_Bills_logo_blue.png"),IF(G28="MIA",IMAGE("https://logos-world.net/wp-content/uploads/2020/05/Miami-Dolphins-Logo.png"),IF(G28="NYJ",IMAGE("https://logos-world.net/wp-content/uploads/2020/07/New-York-Jets-Logo.png"),IF(G28="NE",IMAGE("https://purepng.com/public/uploads/large/new-england-patriots-logo-symbol-ucp.png"),IF(G28="BAL",IMAGE("https://1000logos.net/wp-content/uploads/2016/10/Baltimore-Ravens-Logo.png"),IF(G28="CLE",IMAGE("https://logos-world.net/wp-content/uploads/2020/05/Cleveland-Browns-Logo-2006-2014.png"),IF(G28="PIT",IMAGE("https://1000logos.net/wp-content/uploads/2017/06/Pittsburgh-Steelers-Logo.png"),IF(G28="CIN",IMAGE("https://logos-world.net/wp-content/uploads/2020/05/Cincinnati-Bengals-Logo.png"),IF(G28="HOU",IMAGE("https://cdn.wallpapersafari.com/15/25/Jnl2Yc.png"),IF(G28="JAX",IMAGE("https://1000logos.net/wp-content/uploads/2018/07/Jacksonville-Jaguars-Logo-1536x960.png"),IF(G28="IND",IMAGE("https://1000logos.net/wp-content/uploads/2016/12/Indianapolis-Colts-Logo-2048x1280.png"),IF(G28="TEN",IMAGE("https://img-s-msn-com.akamaized.net/tenant/amp/entityid/AA1YwbtK.img?w=720&h=720&m=6"),IF(G28="SF",IMAGE("https://logodownload.org/wp-content/uploads/2020/09/san-francisco-49ers-logo-2048x1220.png"),IF(G28="LAR",IMAGE("https://1000logos.net/wp-content/uploads/2018/07/Rams-Logo.png"),IF(G28="SEA",IMAGE("https://cdn.freebiesupply.com/images/large/2x/seattle-seahawks-logo-transparent.png"),IF(G28="AZ",IMAGE("https://logos-world.net/wp-content/uploads/2020/05/Arizona-Cardinals-Logo.png"),IF(G28="DAL",IMAGE("https://www.freepnglogos.com/uploads/dallas-cowboys-logo-22.png"),IF(G28="PHI",IMAGE("https://1000logos.net/wp-content/uploads/2017/05/Philadelphia-Eagles-Logo.png"),IF(G28="NYG",IMAGE("https://logosmarcas.net/wp-content/uploads/2020/07/New-York-Giants-Logo.png"),IF(G28="WSH",IMAGE("https://logodownload.org/wp-content/uploads/2020/09/washington-commanders-logo.png"),IF(G28="DET",IMAGE("https://logos-world.net/wp-content/uploads/2020/05/Detroit-Lions-Logo-2017-Present.png"),IF(G28="GB",IMAGE("https://logodownload.org/wp-content/uploads/2020/07/green-bay-packers-logo-1.png"),IF(G28="MIN",IMAGE("https://1000logos.net/wp-content/uploads/2017/06/Minnesota-Vikings-Logo-1965.png"),IF(G28="CHI",IMAGE("https://logos-world.net/wp-content/uploads/2020/05/Chicago-Bears-logo.png"),IF(G28="TB",IMAGE("https://logodownload.org/wp-content/uploads/2020/09/tampa-bay-buccaneers-logo.png"),IF(G28="NO",IMAGE("https://1000logos.net/wp-content/uploads/2017/04/New-Orleans-Saints-Logo.png"),IF(G28="ATL",IMAGE("https://logodownload.org/wp-content/uploads/2020/07/atlanta-falcons-logo-0.png"),IF(G28="CAR",IMAGE("https://logos-download.com/wp-content/uploads/2018/02/Carolina_Panthers_logo_blue.png"),""))))))))))))))))))))))))))))))))
A29: 4 | B29: {=INDEX('Playoffs Calc'!T8,0)} -> HOU | C29: =IF(B29="KC",IMAGE("https://logodownload.org/wp-content/uploads/2020/09/kansas-city-chiefs-logo.png"),IF(B29="LV",IMAGE("https://logodownload.org/wp-content/uploads/2020/09/las-vegas-raiders-logo-1-564x599.png"),IF(B29="DEN",IMAGE("https://logodownload.org/wp-content/uploads/2020/07/denver-broncos-logo-0.png"),IF(B29="LAC",IMAGE("https://logosmarcas.net/wp-content/uploads/2020/07/Los-Angeles-Chargers-logo.png"),IF(B29="BUF",IMAGE("https://logos-download.com/wp-content/uploads/2018/03/Buffalo_Bills_logo_blue.png"),IF(B29="MIA",IMAGE("https://logos-world.net/wp-content/uploads/2020/05/Miami-Dolphins-Logo.png"),IF(B29="NYJ",IMAGE("https://logos-world.net/wp-content/uploads/2020/07/New-York-Jets-Logo.png"),IF(B29="NE",IMAGE("https://purepng.com/public/uploads/large/new-england-patriots-logo-symbol-ucp.png"),IF(B29="BAL",IMAGE("https://1000logos.net/wp-content/uploads/2016/10/Baltimore-Ravens-Logo.png"),IF(B29="CLE",IMAGE("https://logos-world.net/wp-content/uploads/2020/05/Cleveland-Browns-Logo-2006-2014.png"),IF(B29="PIT",IMAGE("https://1000logos.net/wp-content/uploads/2017/06/Pittsburgh-Steelers-Logo.png"),IF(B29="CIN",IMAGE("https://logos-world.net/wp-content/uploads/2020/05/Cincinnati-Bengals-Logo.png"),IF(B29="HOU",IMAGE("https://cdn.wallpapersafari.com/15/25/Jnl2Yc.png"),IF(B29="JAX",IMAGE("https://1000logos.net/wp-content/uploads/2018/07/Jacksonville-Jaguars-Logo-1536x960.png"),IF(B29="IND",IMAGE("https://1000logos.net/wp-content/uploads/2016/12/Indianapolis-Colts-Logo-2048x1280.png"),IF(B29="TEN",IMAGE("https://img-s-msn-com.akamaized.net/tenant/amp/entityid/AA1YwbtK.img?w=720&h=720&m=6"),IF(B29="SF",IMAGE("https://logodownload.org/wp-content/uploads/2020/09/san-francisco-49ers-logo-2048x1220.png"),IF(B29="LAR",IMAGE("https://1000logos.net/wp-content/uploads/2018/07/Rams-Logo.png"),IF(B29="SEA",IMAGE("https://cdn.freebiesupply.com/images/large/2x/seattle-seahawks-logo-transparent.png"),IF(B29="AZ",IMAGE("https://logos-world.net/wp-content/uploads/2020/05/Arizona-Cardinals-Logo.png"),IF(B29="DAL",IMAGE("https://www.freepnglogos.com/uploads/dallas-cowboys-logo-22.png"),IF(B29="PHI",IMAGE("https://1000logos.net/wp-content/uploads/2017/05/Philadelphia-Eagles-Logo.png"),IF(B29="NYG",IMAGE("https://logosmarcas.net/wp-content/uploads/2020/07/New-York-Giants-Logo.png"),IF(B29="WSH",IMAGE("https://logodownload.org/wp-content/uploads/2020/09/washington-commanders-logo.png"),IF(B29="DET",IMAGE("https://logos-world.net/wp-content/uploads/2020/05/Detroit-Lions-Logo-2017-Present.png"),IF(B29="GB",IMAGE("https://logodownload.org/wp-content/uploads/2020/07/green-bay-packers-logo-1.png"),IF(B29="MIN",IMAGE("https://1000logos.net/wp-content/uploads/2017/06/Minnesota-Vikings-Logo-1965.png"),IF(B29="CHI",IMAGE("https://logos-world.net/wp-content/uploads/2020/05/Chicago-Bears-logo.png"),IF(B29="TB",IMAGE("https://logodownload.org/wp-content/uploads/2020/09/tampa-bay-buccaneers-logo.png"),IF(B29="NO",IMAGE("https://1000logos.net/wp-content/uploads/2017/04/New-Orleans-Saints-Logo.png"),IF(B29="ATL",IMAGE("https://logodownload.org/wp-content/uploads/2020/07/atlanta-falcons-logo-0.png"),IF(B29="CAR",IMAGE("https://logos-download.com/wp-content/uploads/2018/02/Carolina_Panthers_logo_blue.png"),"")))))))))))))))))))))))))))))))) | F29: 4 | G29: {=INDEX('Playoffs Calc'!T21,0)} -> NO | H29: =IF(G29="KC",IMAGE("https://logodownload.org/wp-content/uploads/2020/09/kansas-city-chiefs-logo.png"),IF(G29="LV",IMAGE("https://logodownload.org/wp-content/uploads/2020/09/las-vegas-raiders-logo-1-564x599.png"),IF(G29="DEN",IMAGE("https://logodownload.org/wp-content/uploads/2020/07/denver-broncos-logo-0.png"),IF(G29="LAC",IMAGE("https://logosmarcas.net/wp-content/uploads/2020/07/Los-Angeles-Chargers-logo.png"),IF(G29="BUF",IMAGE("https://logos-download.com/wp-content/uploads/2018/03/Buffalo_Bills_logo_blue.png"),IF(G29="MIA",IMAGE("https://logos-world.net/wp-content/uploads/2020/05/Miami-Dolphins-Logo.png"),IF(G29="NYJ",IMAGE("https://logos-world.net/wp-content/uploads/2020/07/New-York-Jets-Logo.png"),IF(G29="NE",IMAGE("https://purepng.com/public/uploads/large/new-england-patriots-logo-symbol-ucp.png"),IF(G29="BAL",IMAGE("https://1000logos.net/wp-content/uploads/2016/10/Baltimore-Ravens-Logo.png"),IF(G29="CLE",IMAGE("https://logos-world.net/wp-content/uploads/2020/05/Cleveland-Browns-Logo-2006-2014.png"),IF(G29="PIT",IMAGE("https://1000logos.net/wp-content/uploads/2017/06/Pittsburgh-Steelers-Logo.png"),IF(G29="CIN",IMAGE("https://logos-world.net/wp-content/uploads/2020/05/Cincinnati-Bengals-Logo.png"),IF(G29="HOU",IMAGE("https://cdn.wallpapersafari.com/15/25/Jnl2Yc.png"),IF(G29="JAX",IMAGE("https://1000logos.net/wp-content/uploads/2018/07/Jacksonville-Jaguars-Logo-1536x960.png"),IF(G29="IND",IMAGE("https://1000logos.net/wp-content/uploads/2016/12/Indianapolis-Colts-Logo-2048x1280.png"),IF(G29="TEN",IMAGE("https://img-s-msn-com.akamaized.net/tenant/amp/entityid/AA1YwbtK.img?w=720&h=720&m=6"),IF(G29="SF",IMAGE("https://logodownload.org/wp-content/uploads/2020/09/san-francisco-49ers-logo-2048x1220.png"),IF(G29="LAR",IMAGE("https://1000logos.net/wp-content/uploads/2018/07/Rams-Logo.png"),IF(G29="SEA",IMAGE("https://cdn.freebiesupply.com/images/large/2x/seattle-seahawks-logo-transparent.png"),IF(G29="AZ",IMAGE("https://logos-world.net/wp-content/uploads/2020/05/Arizona-Cardinals-Logo.png"),IF(G29="DAL",IMAGE("https://www.freepnglogos.com/uploads/dallas-cowboys-logo-22.png"),IF(G29="PHI",IMAGE("https://1000logos.net/wp-content/uploads/2017/05/Philadelphia-Eagles-Logo.png"),IF(G29="NYG",IMAGE("https://logosmarcas.net/wp-content/uploads/2020/07/New-York-Giants-Logo.png"),IF(G29="WSH",IMAGE("https://logodownload.org/wp-content/uploads/2020/09/washington-commanders-logo.png"),IF(G29="DET",IMAGE("https://logos-world.net/wp-content/uploads/2020/05/Detroit-Lions-Logo-2017-Present.png"),IF(G29="GB",IMAGE("https://logodownload.org/wp-content/uploads/2020/07/green-bay-packers-logo-1.png"),IF(G29="MIN",IMAGE("https://1000logos.net/wp-content/uploads/2017/06/Minnesota-Vikings-Logo-1965.png"),IF(G29="CHI",IMAGE("https://logos-world.net/wp-content/uploads/2020/05/Chicago-Bears-logo.png"),IF(G29="TB",IMAGE("https://logodownload.org/wp-content/uploads/2020/09/tampa-bay-buccaneers-logo.png"),IF(G29="NO",IMAGE("https://1000logos.net/wp-content/uploads/2017/04/New-Orleans-Saints-Logo.png"),IF(G29="ATL",IMAGE("https://logodownload.org/wp-content/uploads/2020/07/atlanta-falcons-logo-0.png"),IF(G29="CAR",IMAGE("https://logos-download.com/wp-content/uploads/2018/02/Carolina_Panthers_logo_blue.png"),""))))))))))))))))))))))))))))))))
A30: 5 | B30: {=INDEX('Playoffs Calc'!T9,0)} -> BUF | C30: =IF(B30="KC",IMAGE("https://logodownload.org/wp-content/uploads/2020/09/kansas-city-chiefs-logo.png"),IF(B30="LV",IMAGE("https://logodownload.org/wp-content/uploads/2020/09/las-vegas-raiders-logo-1-564x599.png"),IF(B30="DEN",IMAGE("https://logodownload.org/wp-content/uploads/2020/07/denver-broncos-logo-0.png"),IF(B30="LAC",IMAGE("https://logosmarcas.net/wp-content/uploads/2020/07/Los-Angeles-Chargers-logo.png"),IF(B30="BUF",IMAGE("https://logos-download.com/wp-content/uploads/2018/03/Buffalo_Bills_logo_blue.png"),IF(B30="MIA",IMAGE("https://logos-world.net/wp-content/uploads/2020/05/Miami-Dolphins-Logo.png"),IF(B30="NYJ",IMAGE("https://logos-world.net/wp-content/uploads/2020/07/New-York-Jets-Logo.png"),IF(B30="NE",IMAGE("https://purepng.com/public/uploads/large/new-england-patriots-logo-symbol-ucp.png"),IF(B30="BAL",IMAGE("https://1000logos.net/wp-content/uploads/2016/10/Baltimore-Ravens-Logo.png"),IF(B30="CLE",IMAGE("https://logos-world.net/wp-content/uploads/2020/05/Cleveland-Browns-Logo-2006-2014.png"),IF(B30="PIT",IMAGE("https://1000logos.net/wp-content/uploads/2017/06/Pittsburgh-Steelers-Logo.png"),IF(B30="CIN",IMAGE("https://logos-world.net/wp-content/uploads/2020/05/Cincinnati-Bengals-Logo.png"),IF(B30="HOU",IMAGE("https://cdn.wallpapersafari.com/15/25/Jnl2Yc.png"),IF(B30="JAX",IMAGE("https://1000logos.net/wp-content/uploads/2018/07/Jacksonville-Jaguars-Logo-1536x960.png"),IF(B30="IND",IMAGE("https://1000logos.net/wp-content/uploads/2016/12/Indianapolis-Colts-Logo-2048x1280.png"),IF(B30="TEN",IMAGE("https://img-s-msn-com.akamaized.net/tenant/amp/entityid/AA1YwbtK.img?w=720&h=720&m=6"),IF(B30="SF",IMAGE("https://logodownload.org/wp-content/uploads/2020/09/san-francisco-49ers-logo-2048x1220.png"),IF(B30="LAR",IMAGE("https://1000logos.net/wp-content/uploads/2018/07/Rams-Logo.png"),IF(B30="SEA",IMAGE("https://cdn.freebiesupply.com/images/large/2x/seattle-seahawks-logo-transparent.png"),IF(B30="AZ",IMAGE("https://logos-world.net/wp-content/uploads/2020/05/Arizona-Cardinals-Logo.png"),IF(B30="DAL",IMAGE("https://www.freepnglogos.com/uploads/dallas-cowboys-logo-22.png"),IF(B30="PHI",IMAGE("https://1000logos.net/wp-content/uploads/2017/05/Philadelphia-Eagles-Logo.png"),IF(B30="NYG",IMAGE("https://logosmarcas.net/wp-content/uploads/2020/07/New-York-Giants-Logo.png"),IF(B30="WSH",IMAGE("https://logodownload.org/wp-content/uploads/2020/09/washington-commanders-logo.png"),IF(B30="DET",IMAGE("https://logos-world.net/wp-content/uploads/2020/05/Detroit-Lions-Logo-2017-Present.png"),IF(B30="GB",IMAGE("https://logodownload.org/wp-content/uploads/2020/07/green-bay-packers-logo-1.png"),IF(B30="MIN",IMAGE("https://1000logos.net/wp-content/uploads/2017/06/Minnesota-Vikings-Logo-1965.png"),IF(B30="CHI",IMAGE("https://logos-world.net/wp-content/uploads/2020/05/Chicago-Bears-logo.png"),IF(B30="TB",IMAGE("https://logodownload.org/wp-content/uploads/2020/09/tampa-bay-buccaneers-logo.png"),IF(B30="NO",IMAGE("https://1000logos.net/wp-content/uploads/2017/04/New-Orleans-Saints-Logo.png"),IF(B30="ATL",IMAGE("https://logodownload.org/wp-content/uploads/2020/07/atlanta-falcons-logo-0.png"),IF(B30="CAR",IMAGE("https://logos-download.com/wp-content/uploads/2018/02/Carolina_Panthers_logo_blue.png"),"")))))))))))))))))))))))))))))))) | F30: 5 | G30: {=INDEX('Playoffs Calc'!T22,0)} -> SEA | H30: =IF(G30="KC",IMAGE("https://logodownload.org/wp-content/uploads/2020/09/kansas-city-chiefs-logo.png"),IF(G30="LV",IMAGE("https://logodownload.org/wp-content/uploads/2020/09/las-vegas-raiders-logo-1-564x599.png"),IF(G30="DEN",IMAGE("https://logodownload.org/wp-content/uploads/2020/07/denver-broncos-logo-0.png"),IF(G30="LAC",IMAGE("https://logosmarcas.net/wp-content/uploads/2020/07/Los-Angeles-Chargers-logo.png"),IF(G30="BUF",IMAGE("https://logos-download.com/wp-content/uploads/2018/03/Buffalo_Bills_logo_blue.png"),IF(G30="MIA",IMAGE("https://logos-world.net/wp-content/uploads/2020/05/Miami-Dolphins-Logo.png"),IF(G30="NYJ",IMAGE("https://logos-world.net/wp-content/uploads/2020/07/New-York-Jets-Logo.png"),IF(G30="NE",IMAGE("https://purepng.com/public/uploads/large/new-england-patriots-logo-symbol-ucp.png"),IF(G30="BAL",IMAGE("https://1000logos.net/wp-content/uploads/2016/10/Baltimore-Ravens-Logo.png"),IF(G30="CLE",IMAGE("https://logos-world.net/wp-content/uploads/2020/05/Cleveland-Browns-Logo-2006-2014.png"),IF(G30="PIT",IMAGE("https://1000logos.net/wp-content/uploads/2017/06/Pittsburgh-Steelers-Logo.png"),IF(G30="CIN",IMAGE("https://logos-world.net/wp-content/uploads/2020/05/Cincinnati-Bengals-Logo.png"),IF(G30="HOU",IMAGE("https://cdn.wallpapersafari.com/15/25/Jnl2Yc.png"),IF(G30="JAX",IMAGE("https://1000logos.net/wp-content/uploads/2018/07/Jacksonville-Jaguars-Logo-1536x960.png"),IF(G30="IND",IMAGE("https://1000logos.net/wp-content/uploads/2016/12/Indianapolis-Colts-Logo-2048x1280.png"),IF(G30="TEN",IMAGE("https://img-s-msn-com.akamaized.net/tenant/amp/entityid/AA1YwbtK.img?w=720&h=720&m=6"),IF(G30="SF",IMAGE("https://logodownload.org/wp-content/uploads/2020/09/san-francisco-49ers-logo-2048x1220.png"),IF(G30="LAR",IMAGE("https://1000logos.net/wp-content/uploads/2018/07/Rams-Logo.png"),IF(G30="SEA",IMAGE("https://cdn.freebiesupply.com/images/large/2x/seattle-seahawks-logo-transparent.png"),IF(G30="AZ",IMAGE("https://logos-world.net/wp-content/uploads/2020/05/Arizona-Cardinals-Logo.png"),IF(G30="DAL",IMAGE("https://www.freepnglogos.com/uploads/dallas-cowboys-logo-22.png"),IF(G30="PHI",IMAGE("https://1000logos.net/wp-content/uploads/2017/05/Philadelphia-Eagles-Logo.png"),IF(G30="NYG",IMAGE("https://logosmarcas.net/wp-content/uploads/2020/07/New-York-Giants-Logo.png"),IF(G30="WSH",IMAGE("https://logodownload.org/wp-content/uploads/2020/09/washington-commanders-logo.png"),IF(G30="DET",IMAGE("https://logos-world.net/wp-content/uploads/2020/05/Detroit-Lions-Logo-2017-Present.png"),IF(G30="GB",IMAGE("https://logodownload.org/wp-content/uploads/2020/07/green-bay-packers-logo-1.png"),IF(G30="MIN",IMAGE("https://1000logos.net/wp-content/uploads/2017/06/Minnesota-Vikings-Logo-1965.png"),IF(G30="CHI",IMAGE("https://logos-world.net/wp-content/uploads/2020/05/Chicago-Bears-logo.png"),IF(G30="TB",IMAGE("https://logodownload.org/wp-content/uploads/2020/09/tampa-bay-buccaneers-logo.png"),IF(G30="NO",IMAGE("https://1000logos.net/wp-content/uploads/2017/04/New-Orleans-Saints-Logo.png"),IF(G30="ATL",IMAGE("https://logodownload.org/wp-content/uploads/2020/07/atlanta-falcons-logo-0.png"),IF(G30="CAR",IMAGE("https://logos-download.com/wp-content/uploads/2018/02/Carolina_Panthers_logo_blue.png"),""))))))))))))))))))))))))))))))))
A31: 6 | B31: {=INDEX('Playoffs Calc'!T10,0)} -> CIN | C31: =IF(B31="KC",IMAGE("https://logodownload.org/wp-content/uploads/2020/09/kansas-city-chiefs-logo.png"),IF(B31="LV",IMAGE("https://logodownload.org/wp-content/uploads/2020/09/las-vegas-raiders-logo-1-564x599.png"),IF(B31="DEN",IMAGE("https://logodownload.org/wp-content/uploads/2020/07/denver-broncos-logo-0.png"),IF(B31="LAC",IMAGE("https://logosmarcas.net/wp-content/uploads/2020/07/Los-Angeles-Chargers-logo.png"),IF(B31="BUF",IMAGE("https://logos-download.com/wp-content/uploads/2018/03/Buffalo_Bills_logo_blue.png"),IF(B31="MIA",IMAGE("https://logos-world.net/wp-content/uploads/2020/05/Miami-Dolphins-Logo.png"),IF(B31="NYJ",IMAGE("https://logos-world.net/wp-content/uploads/2020/07/New-York-Jets-Logo.png"),IF(B31="NE",IMAGE("https://purepng.com/public/uploads/large/new-england-patriots-logo-symbol-ucp.png"),IF(B31="BAL",IMAGE("https://1000logos.net/wp-content/uploads/2016/10/Baltimore-Ravens-Logo.png"),IF(B31="CLE",IMAGE("https://logos-world.net/wp-content/uploads/2020/05/Cleveland-Browns-Logo-2006-2014.png"),IF(B31="PIT",IMAGE("https://1000logos.net/wp-content/uploads/2017/06/Pittsburgh-Steelers-Logo.png"),IF(B31="CIN",IMAGE("https://logos-world.net/wp-content/uploads/2020/05/Cincinnati-Bengals-Logo.png"),IF(B31="HOU",IMAGE("https://cdn.wallpapersafari.com/15/25/Jnl2Yc.png"),IF(B31="JAX",IMAGE("https://1000logos.net/wp-content/uploads/2018/07/Jacksonville-Jaguars-Logo-1536x960.png"),IF(B31="IND",IMAGE("https://1000logos.net/wp-content/uploads/2016/12/Indianapolis-Colts-Logo-2048x1280.png"),IF(B31="TEN",IMAGE("https://img-s-msn-com.akamaized.net/tenant/amp/entityid/AA1YwbtK.img?w=720&h=720&m=6"),IF(B31="SF",IMAGE("https://logodownload.org/wp-content/uploads/2020/09/san-francisco-49ers-logo-2048x1220.png"),IF(B31="LAR",IMAGE("https://1000logos.net/wp-content/uploads/2018/07/Rams-Logo.png"),IF(B31="SEA",IMAGE("https://cdn.freebiesupply.com/images/large/2x/seattle-seahawks-logo-transparent.png"),IF(B31="AZ",IMAGE("https://logos-world.net/wp-content/uploads/2020/05/Arizona-Cardinals-Logo.png"),IF(B31="DAL",IMAGE("https://www.freepnglogos.com/uploads/dallas-cowboys-logo-22.png"),IF(B31="PHI",IMAGE("https://1000logos.net/wp-content/uploads/2017/05/Philadelphia-Eagles-Logo.png"),IF(B31="NYG",IMAGE("https://logosmarcas.net/wp-content/uploads/2020/07/New-York-Giants-Logo.png"),IF(B31="WSH",IMAGE("https://logodownload.org/wp-content/uploads/2020/09/washington-commanders-logo.png"),IF(B31="DET",IMAGE("https://logos-world.net/wp-content/uploads/2020/05/Detroit-Lions-Logo-2017-Present.png"),IF(B31="GB",IMAGE("https://logodownload.org/wp-content/uploads/2020/07/green-bay-packers-logo-1.png"),IF(B31="MIN",IMAGE("https://1000logos.net/wp-content/uploads/2017/06/Minnesota-Vikings-Logo-1965.png"),IF(B31="CHI",IMAGE("https://logos-world.net/wp-content/uploads/2020/05/Chicago-Bears-logo.png"),IF(B31="TB",IMAGE("https://logodownload.org/wp-content/uploads/2020/09/tampa-bay-buccaneers-logo.png"),IF(B31="NO",IMAGE("https://1000logos.net/wp-content/uploads/2017/04/New-Orleans-Saints-Logo.png"),IF(B31="ATL",IMAGE("https://logodownload.org/wp-content/uploads/2020/07/atlanta-falcons-logo-0.png"),IF(B31="CAR",IMAGE("https://logos-download.com/wp-content/uploads/2018/02/Carolina_Panthers_logo_blue.png"),"")))))))))))))))))))))))))))))))) | F31: 6 | G31: {=INDEX('Playoffs Calc'!T23,0)} -> DAL | H31: =IF(G31="KC",IMAGE("https://logodownload.org/wp-content/uploads/2020/09/kansas-city-chiefs-logo.png"),IF(G31="LV",IMAGE("https://logodownload.org/wp-content/uploads/2020/09/las-vegas-raiders-logo-1-564x599.png"),IF(G31="DEN",IMAGE("https://logodownload.org/wp-content/uploads/2020/07/denver-broncos-logo-0.png"),IF(G31="LAC",IMAGE("https://logosmarcas.net/wp-content/uploads/2020/07/Los-Angeles-Chargers-logo.png"),IF(G31="BUF",IMAGE("https://logos-download.com/wp-content/uploads/2018/03/Buffalo_Bills_logo_blue.png"),IF(G31="MIA",IMAGE("https://logos-world.net/wp-content/uploads/2020/05/Miami-Dolphins-Logo.png"),IF(G31="NYJ",IMAGE("https://logos-world.net/wp-content/uploads/2020/07/New-York-Jets-Logo.png"),IF(G31="NE",IMAGE("https://purepng.com/public/uploads/large/new-england-patriots-logo-symbol-ucp.png"),IF(G31="BAL",IMAGE("https://1000logos.net/wp-content/uploads/2016/10/Baltimore-Ravens-Logo.png"),IF(G31="CLE",IMAGE("https://logos-world.net/wp-content/uploads/2020/05/Cleveland-Browns-Logo-2006-2014.png"),IF(G31="PIT",IMAGE("https://1000logos.net/wp-content/uploads/2017/06/Pittsburgh-Steelers-Logo.png"),IF(G31="CIN",IMAGE("https://logos-world.net/wp-content/uploads/2020/05/Cincinnati-Bengals-Logo.png"),IF(G31="HOU",IMAGE("https://cdn.wallpapersafari.com/15/25/Jnl2Yc.png"),IF(G31="JAX",IMAGE("https://1000logos.net/wp-content/uploads/2018/07/Jacksonville-Jaguars-Logo-1536x960.png"),IF(G31="IND",IMAGE("https://1000logos.net/wp-content/uploads/2016/12/Indianapolis-Colts-Logo-2048x1280.png"),IF(G31="TEN",IMAGE("https://img-s-msn-com.akamaized.net/tenant/amp/entityid/AA1YwbtK.img?w=720&h=720&m=6"),IF(G31="SF",IMAGE("https://logodownload.org/wp-content/uploads/2020/09/san-francisco-49ers-logo-2048x1220.png"),IF(G31="LAR",IMAGE("https://1000logos.net/wp-content/uploads/2018/07/Rams-Logo.png"),IF(G31="SEA",IMAGE("https://cdn.freebiesupply.com/images/large/2x/seattle-seahawks-logo-transparent.png"),IF(G31="AZ",IMAGE("https://logos-world.net/wp-content/uploads/2020/05/Arizona-Cardinals-Logo.png"),IF(G31="DAL",IMAGE("https://www.freepnglogos.com/uploads/dallas-cowboys-logo-22.png"),IF(G31="PHI",IMAGE("https://1000logos.net/wp-content/uploads/2017/05/Philadelphia-Eagles-Logo.png"),IF(G31="NYG",IMAGE("https://logosmarcas.net/wp-content/uploads/2020/07/New-York-Giants-Logo.png"),IF(G31="WSH",IMAGE("https://logodownload.org/wp-content/uploads/2020/09/washington-commanders-logo.png"),IF(G31="DET",IMAGE("https://logos-world.net/wp-content/uploads/2020/05/Detroit-Lions-Logo-2017-Present.png"),IF(G31="GB",IMAGE("https://logodownload.org/wp-content/uploads/2020/07/green-bay-packers-logo-1.png"),IF(G31="MIN",IMAGE("https://1000logos.net/wp-content/uploads/2017/06/Minnesota-Vikings-Logo-1965.png"),IF(G31="CHI",IMAGE("https://logos-world.net/wp-content/uploads/2020/05/Chicago-Bears-logo.png"),IF(G31="TB",IMAGE("https://logodownload.org/wp-content/uploads/2020/09/tampa-bay-buccaneers-logo.png"),IF(G31="NO",IMAGE("https://1000logos.net/wp-content/uploads/2017/04/New-Orleans-Saints-Logo.png"),IF(G31="ATL",IMAGE("https://logodownload.org/wp-content/uploads/2020/07/atlanta-falcons-logo-0.png"),IF(G31="CAR",IMAGE("https://logos-download.com/wp-content/uploads/2018/02/Carolina_Panthers_logo_blue.png"),""))))))))))))))))))))))))))))))))
A32: 7 | B32: {=INDEX('Playoffs Calc'!T11,0)} -> KC | C32: =IF(B32="KC",IMAGE("https://logodownload.org/wp-content/uploads/2020/09/kansas-city-chiefs-logo.png"),IF(B32="LV",IMAGE("https://logodownload.org/wp-content/uploads/2020/09/las-vegas-raiders-logo-1-564x599.png"),IF(B32="DEN",IMAGE("https://logodownload.org/wp-content/uploads/2020/07/denver-broncos-logo-0.png"),IF(B32="LAC",IMAGE("https://logosmarcas.net/wp-content/uploads/2020/07/Los-Angeles-Chargers-logo.png"),IF(B32="BUF",IMAGE("https://logos-download.com/wp-content/uploads/2018/03/Buffalo_Bills_logo_blue.png"),IF(B32="MIA",IMAGE("https://logos-world.net/wp-content/uploads/2020/05/Miami-Dolphins-Logo.png"),IF(B32="NYJ",IMAGE("https://logos-world.net/wp-content/uploads/2020/07/New-York-Jets-Logo.png"),IF(B32="NE",IMAGE("https://purepng.com/public/uploads/large/new-england-patriots-logo-symbol-ucp.png"),IF(B32="BAL",IMAGE("https://1000logos.net/wp-content/uploads/2016/10/Baltimore-Ravens-Logo.png"),IF(B32="CLE",IMAGE("https://logos-world.net/wp-content/uploads/2020/05/Cleveland-Browns-Logo-2006-2014.png"),IF(B32="PIT",IMAGE("https://1000logos.net/wp-content/uploads/2017/06/Pittsburgh-Steelers-Logo.png"),IF(B32="CIN",IMAGE("https://logos-world.net/wp-content/uploads/2020/05/Cincinnati-Bengals-Logo.png"),IF(B32="HOU",IMAGE("https://cdn.wallpapersafari.com/15/25/Jnl2Yc.png"),IF(B32="JAX",IMAGE("https://1000logos.net/wp-content/uploads/2018/07/Jacksonville-Jaguars-Logo-1536x960.png"),IF(B32="IND",IMAGE("https://1000logos.net/wp-content/uploads/2016/12/Indianapolis-Colts-Logo-2048x1280.png"),IF(B32="TEN",IMAGE("https://img-s-msn-com.akamaized.net/tenant/amp/entityid/AA1YwbtK.img?w=720&h=720&m=6"),IF(B32="SF",IMAGE("https://logodownload.org/wp-content/uploads/2020/09/san-francisco-49ers-logo-2048x1220.png"),IF(B32="LAR",IMAGE("https://1000logos.net/wp-content/uploads/2018/07/Rams-Logo.png"),IF(B32="SEA",IMAGE("https://cdn.freebiesupply.com/images/large/2x/seattle-seahawks-logo-transparent.png"),IF(B32="AZ",IMAGE("https://logos-world.net/wp-content/uploads/2020/05/Arizona-Cardinals-Logo.png"),IF(B32="DAL",IMAGE("https://www.freepnglogos.com/uploads/dallas-cowboys-logo-22.png"),IF(B32="PHI",IMAGE("https://1000logos.net/wp-content/uploads/2017/05/Philadelphia-Eagles-Logo.png"),IF(B32="NYG",IMAGE("https://logosmarcas.net/wp-content/uploads/2020/07/New-York-Giants-Logo.png"),IF(B32="WSH",IMAGE("https://logodownload.org/wp-content/uploads/2020/09/washington-commanders-logo.png"),IF(B32="DET",IMAGE("https://logos-world.net/wp-content/uploads/2020/05/Detroit-Lions-Logo-2017-Present.png"),IF(B32="GB",IMAGE("https://logodownload.org/wp-content/uploads/2020/07/green-bay-packers-logo-1.png"),IF(B32="MIN",IMAGE("https://1000logos.net/wp-content/uploads/2017/06/Minnesota-Vikings-Logo-1965.png"),IF(B32="CHI",IMAGE("https://logos-world.net/wp-content/uploads/2020/05/Chicago-Bears-logo.png"),IF(B32="TB",IMAGE("https://logodownload.org/wp-content/uploads/2020/09/tampa-bay-buccaneers-logo.png"),IF(B32="NO",IMAGE("https://1000logos.net/wp-content/uploads/2017/04/New-Orleans-Saints-Logo.png"),IF(B32="ATL",IMAGE("https://logodownload.org/wp-content/uploads/2020/07/atlanta-falcons-logo-0.png"),IF(B32="CAR",IMAGE("https://logos-download.com/wp-content/uploads/2018/02/Carolina_Panthers_logo_blue.png"),"")))))))))))))))))))))))))))))))) | F32: 7 | G32: {=INDEX('Playoffs Calc'!T24,0)} -> CHI | H32: =IF(G32="KC",IMAGE("https://logodownload.org/wp-content/uploads/2020/09/kansas-city-chiefs-logo.png"),IF(G32="LV",IMAGE("https://logodownload.org/wp-content/uploads/2020/09/las-vegas-raiders-logo-1-564x599.png"),IF(G32="DEN",IMAGE("https://logodownload.org/wp-content/uploads/2020/07/denver-broncos-logo-0.png"),IF(G32="LAC",IMAGE("https://logosmarcas.net/wp-content/uploads/2020/07/Los-Angeles-Chargers-logo.png"),IF(G32="BUF",IMAGE("https://logos-download.com/wp-content/uploads/2018/03/Buffalo_Bills_logo_blue.png"),IF(G32="MIA",IMAGE("https://logos-world.net/wp-content/uploads/2020/05/Miami-Dolphins-Logo.png"),IF(G32="NYJ",IMAGE("https://logos-world.net/wp-content/uploads/2020/07/New-York-Jets-Logo.png"),IF(G32="NE",IMAGE("https://purepng.com/public/uploads/large/new-england-patriots-logo-symbol-ucp.png"),IF(G32="BAL",IMAGE("https://1000logos.net/wp-content/uploads/2016/10/Baltimore-Ravens-Logo.png"),IF(G32="CLE",IMAGE("https://logos-world.net/wp-content/uploads/2020/05/Cleveland-Browns-Logo-2006-2014.png"),IF(G32="PIT",IMAGE("https://1000logos.net/wp-content/uploads/2017/06/Pittsburgh-Steelers-Logo.png"),IF(G32="CIN",IMAGE("https://logos-world.net/wp-content/uploads/2020/05/Cincinnati-Bengals-Logo.png"),IF(G32="HOU",IMAGE("https://cdn.wallpapersafari.com/15/25/Jnl2Yc.png"),IF(G32="JAX",IMAGE("https://1000logos.net/wp-content/uploads/2018/07/Jacksonville-Jaguars-Logo-1536x960.png"),IF(G32="IND",IMAGE("https://1000logos.net/wp-content/uploads/2016/12/Indianapolis-Colts-Logo-2048x1280.png"),IF(G32="TEN",IMAGE("https://img-s-msn-com.akamaized.net/tenant/amp/entityid/AA1YwbtK.img?w=720&h=720&m=6"),IF(G32="SF",IMAGE("https://logodownload.org/wp-content/uploads/2020/09/san-francisco-49ers-logo-2048x1220.png"),IF(G32="LAR",IMAGE("https://1000logos.net/wp-content/uploads/2018/07/Rams-Logo.png"),IF(G32="SEA",IMAGE("https://cdn.freebiesupply.com/images/large/2x/seattle-seahawks-logo-transparent.png"),IF(G32="AZ",IMAGE("https://logos-world.net/wp-content/uploads/2020/05/Arizona-Cardinals-Logo.png"),IF(G32="DAL",IMAGE("https://www.freepnglogos.com/uploads/dallas-cowboys-logo-22.png"),IF(G32="PHI",IMAGE("https://1000logos.net/wp-content/uploads/2017/05/Philadelphia-Eagles-Logo.png"),IF(G32="NYG",IMAGE("https://logosmarcas.net/wp-content/uploads/2020/07/New-York-Giants-Logo.png"),IF(G32="WSH",IMAGE("https://logodownload.org/wp-content/uploads/2020/09/washington-commanders-logo.png"),IF(G32="DET",IMAGE("https://logos-world.net/wp-content/uploads/2020/05/Detroit-Lions-Logo-2017-Present.png"),IF(G32="GB",IMAGE("https://logodownload.org/wp-content/uploads/2020/07/green-bay-packers-logo-1.png"),IF(G32="MIN",IMAGE("https://1000logos.net/wp-content/uploads/2017/06/Minnesota-Vikings-Logo-1965.png"),IF(G32="CHI",IMAGE("https://logos-world.net/wp-content/uploads/2020/05/Chicago-Bears-logo.png"),IF(G32="TB",IMAGE("https://logodownload.org/wp-content/uploads/2020/09/tampa-bay-buccaneers-logo.png"),IF(G32="NO",IMAGE("https://1000logos.net/wp-content/uploads/2017/04/New-Orleans-Saints-Logo.png"),IF(G32="ATL",IMAGE("https://logodownload.org/wp-content/uploads/2020/07/atlanta-falcons-logo-0.png"),IF(G32="CAR",IMAGE("https://logos-download.com/wp-content/uploads/2018/02/Carolina_Panthers_logo_blue.png"),""))))))))))))))))))))))))))))))))

Sheet More Stats
B1: AFC West | C1: Wins | D1: Losses | E1: Win % | G1: Home | H1: Away | I1: Division | J1: Conference | L1: PF | M1: PA | N1: DIFF | O1: PPG | Q1: AFC West | R1: AFC East | S1: AFC North | T1: AFC South | U1: NFC West | V1: NFC East | W1: NFC North | X1: NFC South
A2: =IMAGE("https://logodownload.org/wp-content/uploads/2020/09/kansas-city-chiefs-logo.png") | B2: KC | C2: {=INDEX('Standings Counter'!B20,0)} -> 10 | D2: {=INDEX('Standings Counter'!C20,0)} -> 7 | E2: =IF(AND(C2=0,D2=0),0,DIVIDE(C2,ADD(C2,D2))) -> 0.58823529 | G2: =CONCATENATE('Home Counter'!B20," - ",'Home Counter'!C20) -> 6 - 2 | H2: =CONCATENATE('Away Counter'!B20," - ",'Away Counter'!C20) -> 4 - 5 | I2: {=INDEX(Standings!D2,0)} -> 3 - 3 | J2: =CONCATENATE('Conference Counter'!B20," - ",'Conference Counter'!C20) -> 7 - 5 | L2: {=INDEX('PFPA Counter'!B20,0)} -> 354 | M2: {=INDEX('PFPA Counter'!C20,0)} -> 339 | N2: =minus(L2,M2) -> 15 | O2: =IF(AND(C2=0,D2=0),0,DIVIDE(L2,SUM(C2,D2))) -> 20.823529 | Q2: =CONCATENATE('AFC West Counter'!B20," - ",'AFC West Counter'!C20) -> 3 - 3 | R2: =CONCATENATE('AFC East Counter'!B20," - ",'AFC East Counter'!C20) -> 3 - 1 | S2: =CONCATENATE('AFC North Counter'!B20," - ",'AFC North Counter'!C20) -> 1 - 0 | T2: =CONCATENATE('AFC South Counter'!B20," - ",'AFC South Counter'!C20) -> 0 - 1 | U2: =CONCATENATE('NFC West Counter'!B20," - ",'NFC West Counter'!C20) -> 2 - 2 | V2: =CONCATENATE('NFC East Counter'!B20," - ",'NFC East Counter'!C20) -> 0 - 0 | W2: =CONCATENATE('NFC North Counter'!B20," - ",'NFC North Counter'!C20) -> 0 - 0 | X2: =CONCATENATE('NFC South Counter'!B20," - ",'NFC South Counter'!C20) -> 1 - 0
A3: =IMAGE("https://logodownload.org/wp-content/uploads/2020/09/las-vegas-raiders-logo-1-564x599.png") | B3: LV | C3: {=INDEX('Standings Counter'!D20,0)} -> 7 | D3: {=INDEX('Standings Counter'!E20,0)} -> 10 | E3: =IF(AND(C3=0,D3=0),0,DIVIDE(C3,ADD(C3,D3))) -> 0.41176471 | G3: =CONCATENATE('Home Counter'!D20," - ",'Home Counter'!E20) -> 5 - 3 | H3: =CONCATENATE('Away Counter'!D20," - ",'Away Counter'!E20) -> 2 - 7 | I3: {=INDEX(Standings!D3,0)} -> 2 - 4 | J3: =CONCATENATE('Conference Counter'!D20," - ",'Conference Counter'!E20) -> 6 - 6 | L3: {=INDEX('PFPA Counter'!D20,0)} -> 360 | M3: {=INDEX('PFPA Counter'!E20,0)} -> 367 | N3: =MINUS(L3,M3) -> -7 | O3: =IF(AND(C3=0,D3=0),0,DIVIDE(L3,SUM(C3,D3))) -> 21.176471 | Q3: =CONCATENATE('AFC West Counter'!D20," - ",'AFC West Counter'!E20) -> 2 - 4 | R3: =CONCATENATE('AFC East Counter'!D20," - ",'AFC East Counter'!E20) -> 2 - 2 | S3: =CONCATENATE('AFC North Counter'!D20," - ",'AFC North Counter'!E20) -> 1 - 0 | T3: =CONCATENATE('AFC South Counter'!D20," - ",'AFC South Counter'!E20) -> 1 - 0 | U3: =CONCATENATE('NFC West Counter'!D20," - ",'NFC West Counter'!E20) -> 1 - 3 | V3: =CONCATENATE('NFC East Counter'!D20," - ",'NFC East Counter'!E20) -> 0 - 0 | W3: =CONCATENATE('NFC North Counter'!D20," - ",'NFC North Counter'!E20) -> 0 - 0 | X3: =CONCATENATE('NFC South Counter'!D20," - ",'NFC South Counter'!E20) -> 0 - 1
A4: =IMAGE("https://logodownload.org/wp-content/uploads/2020/07/denver-broncos-logo-0.png") | B4: DEN | C4: {=INDEX('Standings Counter'!F20,0)} -> 12 | D4: {=INDEX('Standings Counter'!G20,0)} -> 5 | E4: =IF(AND(C4=0,D4=0),0,DIVIDE(C4,ADD(C4,D4))) -> 0.70588235 | G4: =CONCATENATE('Home Counter'!F20," - ",'Home Counter'!G20) -> 6 - 2 | H4: =CONCATENATE('Away Counter'!F20," - ",'Away Counter'!G20) -> 6 - 3 | I4: {=INDEX(Standings!D4,0)} -> 4 - 2 | J4: =CONCATENATE('Conference Counter'!F20," - ",'Conference Counter'!G20) -> 8 - 4 | L4: {=INDEX('PFPA Counter'!F20,0)} -> 384 | M4: {=INDEX('PFPA Counter'!G20,0)} -> 362 | N4: =MINUS(L4,M4) -> 22 | O4: =IF(AND(C4=0,D4=0),0,DIVIDE(L4,SUM(C4,D4))) -> 22.588235 | Q4: =CONCATENATE('AFC West Counter'!F20," - ",'AFC West Counter'!G20) -> 4 - 2 | R4: =CONCATENATE('AFC East Counter'!F20," - ",'AFC East Counter'!G20) -> 2 - 2 | S4: =CONCATENATE('AFC North Counter'!F20," - ",'AFC North Counter'!G20) -> 1 - 0 | T4: =CONCATENATE('AFC South Counter'!F20," - ",'AFC South Counter'!G20) -> 1 - 0 | U4: =CONCATENATE('NFC West Counter'!F20," - ",'NFC West Counter'!G20) -> 3 - 1 | V4: =CONCATENATE('NFC East Counter'!F20," - ",'NFC East Counter'!G20) -> 0 - 0 | W4: =CONCATENATE('NFC North Counter'!F20," - ",'NFC North Counter'!G20) -> 0 - 0 | X4: =CONCATENATE('NFC South Counter'!F20," - ",'NFC South Counter'!G20) -> 1 - 0
A5: =IMAGE("https://logosmarcas.net/wp-content/uploads/2020/07/Los-Angeles-Chargers-logo.png") | B5: LAC | C5: {=INDEX('Standings Counter'!H20,0)} -> 8 | D5: {=INDEX('Standings Counter'!I20,0)} -> 9 | E5: =IF(AND(C5=0,D5=0),0,DIVIDE(C5,ADD(C5,D5))) -> 0.47058824 | G5: =CONCATENATE('Home Counter'!H20," - ",'Home Counter'!I20) -> 5 - 3 | H5: =CONCATENATE('Away Counter'!H20," - ",'Away Counter'!I20) -> 3 - 6 | I5: {=INDEX(Standings!D5,0)} -> 3 - 3 | J5: =CONCATENATE('Conference Counter'!H20," - ",'Conference Counter'!I20) -> 6 - 6 | L5: {=INDEX('PFPA Counter'!H20,0)} -> 354 | M5: {=INDEX('PFPA Counter'!I20,0)} -> 361 | N5: =MINUS(L5,M5) -> -7 | O5: =IF(AND(C5=0,D5=0),0,DIVIDE(L5,SUM(C5,D5))) -> 20.823529 | Q5: =CONCATENATE('AFC West Counter'!H20," - ",'AFC West Counter'!I20) -> 3 - 3 | R5: =CONCATENATE('AFC East Counter'!H20," - ",'AFC East Counter'!I20) -> 2 - 2 | S5: =CONCATENATE('AFC North Counter'!H20," - ",'AFC North Counter'!I20) -> 0 - 1 | T5: =CONCATENATE('AFC South Counter'!H20," - ",'AFC South Counter'!I20) -> 1 - 0 | U5: =CONCATENATE('NFC West Counter'!H20," - ",'NFC West Counter'!I20) -> 2 - 2 | V5: =CONCATENATE('NFC East Counter'!H20," - ",'NFC East Counter'!I20) -> 0 - 0 | W5: =CONCATENATE('NFC North Counter'!H20," - ",'NFC North Counter'!I20) -> 0 - 0 | X5: =CONCATENATE('NFC South Counter'!H20," - ",'NFC South Counter'!I20) -> 0 - 1
B6: AFC East
A7: =IMAGE("https://logos-download.com/wp-content/uploads/2018/03/Buffalo_Bills_logo_blue.png") | B7: BUF | C7: {=INDEX('Standings Counter'!J20,0)} -> 12 | D7: {=INDEX('Standings Counter'!K20,0)} -> 5 | E7: =IF(AND(C7=0,D7=0),0,DIVIDE(C7,ADD(C7,D7))) -> 0.70588235 | G7: =CONCATENATE('Home Counter'!J20," - ",'Home Counter'!K20) -> 7 - 1 | H7: =CONCATENATE('Away Counter'!J20," - ",'Away Counter'!K20) -> 5 - 4 | I7: {=INDEX(Standings!D8,0)} -> 3 - 3 | J7: =CONCATENATE('Conference Counter'!J20," - ",'Conference Counter'!K20) -> 9 - 3 | L7: {=INDEX('PFPA Counter'!J20,0)} -> 389 | M7: {=INDEX('PFPA Counter'!K20,0)} -> 345 | N7: =MINUS(L7,M7) -> 44 | O7: =IF(AND(C7=0,D7=0),0,DIVIDE(L7,SUM(C7,D7))) -> 22.882353 | Q7: =CONCATENATE('AFC West Counter'!J20," - ",'AFC West Counter'!K20) -> 4 - 0 | R7: =CONCATENATE('AFC East Counter'!J20," - ",'AFC East Counter'!K20) -> 3 - 3 | S7: =CONCATENATE('AFC North Counter'!J20," - ",'AFC North Counter'!K20) -> 1 - 0 | T7: =CONCATENATE('AFC South Counter'!J20," - ",'AFC South Counter'!K20) -> 1 - 0 | U7: =CONCATENATE('NFC West Counter'!J20," - ",'NFC West Counter'!K20) -> 0 - 1 | V7: =CONCATENATE('NFC East Counter'!J20," - ",'NFC East Counter'!K20) -> 0 - 0 | W7: =CONCATENATE('NFC North Counter'!J20," - ",'NFC North Counter'!K20) -> 3 - 1 | X7: =CONCATENATE('NFC South Counter'!J20," - ",'NFC South Counter'!K20) -> 0 - 0
A8: =IMAGE("https://logos-world.net/wp-content/uploads/2020/05/Miami-Dolphins-Logo.png") | B8: MIA | C8: {=INDEX('Standings Counter'!L20,0)} -> 3 | D8: {=INDEX('Standings Counter'!M20,0)} -> 14 | E8: =IF(AND(C8=0,D8=0),0,DIVIDE(C8,ADD(C8,D8))) -> 0.17647059 | G8: =CONCATENATE('Home Counter'!L20," - ",'Home Counter'!M20) -> 1 - 7 | H8: =CONCATENATE('Away Counter'!L20," - ",'Away Counter'!M20) -> 2 - 7 | I8: {=INDEX(Standings!D9,0)} -> 1 - 5 | J8: =CONCATENATE('Conference Counter'!L20," - ",'Conference Counter'!M20) -> 2 - 10 | L8: {=INDEX('PFPA Counter'!L20,0)} -> 304 | M8: {=INDEX('PFPA Counter'!M20,0)} -> 356 | N8: =MINUS(L8,M8) -> -52 | O8: =IF(AND(C8=0,D8=0),0,DIVIDE(L8,SUM(C8,D8))) -> 17.882353 | Q8: =CONCATENATE('AFC West Counter'!L20," - ",'AFC West Counter'!M20) -> 0 - 4 | R8: =CONCATENATE('AFC East Counter'!L20," - ",'AFC East Counter'!M20) -> 1 - 5 | S8: =CONCATENATE('AFC North Counter'!L20," - ",'AFC North Counter'!M20) -> 0 - 1 | T8: =CONCATENATE('AFC South Counter'!L20," - ",'AFC South Counter'!M20) -> 1 - 0 | U8: =CONCATENATE('NFC West Counter'!L20," - ",'NFC West Counter'!M20) -> 0 - 1 | V8: =CONCATENATE('NFC East Counter'!L20," - ",'NFC East Counter'!M20) -> 0 - 0 | W8: =CONCATENATE('NFC North Counter'!L20," - ",'NFC North Counter'!M20) -> 1 - 3 | X8: =CONCATENATE('NFC South Counter'!L20," - ",'NFC South Counter'!M20) -> 0 - 0
A9: =IMAGE("https://logos-world.net/wp-content/uploads/2020/07/New-York-Jets-Logo.png") | B9: NYJ | C9: {=INDEX('Standings Counter'!N20,0)} -> 4 | D9: {=INDEX('Standings Counter'!O20,0)} -> 13 | E9: =IF(AND(C9=0,D9=0),0,DIVIDE(C9,ADD(C9,D9))) -> 0.23529412 | G9: =CONCATENATE('Home Counter'!N20," - ",'Home Counter'!O20) -> 2 - 6 | H9: =CONCATENATE('Away Counter'!N20," - ",'Away Counter'!O20) -> 2 - 7 | I9: {=INDEX(Standings!D10,0)} -> 3 - 3 | J9: =CONCATENATE('Conference Counter'!N20," - ",'Conference Counter'!O20) -> 3 - 9 | L9: {=INDEX('PFPA Counter'!N20,0)} -> 339 | M9: {=INDEX('PFPA Counter'!O20,0)} -> 375 | N9: =MINUS(L9,M9) -> -36 | O9: =IF(AND(C9=0,D9=0),0,DIVIDE(L9,SUM(C9,D9))) -> 19.941176 | Q9: =CONCATENATE('AFC West Counter'!N20," - ",'AFC West Counter'!O20) -> 0 - 4 | R9: =CONCATENATE('AFC East Counter'!N20," - ",'AFC East Counter'!O20) -> 3 - 3 | S9: =CONCATENATE('AFC North Counter'!N20," - ",'AFC North Counter'!O20) -> 0 - 1 | T9: =CONCATENATE('AFC South Counter'!N20," - ",'AFC South Counter'!O20) -> 0 - 1 | U9: =CONCATENATE('NFC West Counter'!N20," - ",'NFC West Counter'!O20) -> 0 - 1 | V9: =CONCATENATE('NFC East Counter'!N20," - ",'NFC East Counter'!O20) -> 0 - 0 | W9: =CONCATENATE('NFC North Counter'!N20," - ",'NFC North Counter'!O20) -> 1 - 3 | X9: =CONCATENATE('NFC South Counter'!N20," - ",'NFC South Counter'!O20) -> 0 - 0
A10: =IMAGE("https://purepng.com/public/uploads/large/new-england-patriots-logo-symbol-ucp.png") | B10: NE | C10: {=INDEX('Standings Counter'!P20,0)} -> 13 | D10: {=INDEX('Standings Counter'!Q20,0)} -> 4 | E10: =IF(AND(C10=0,D10=0),0,DIVIDE(C10,ADD(C10,D10))) -> 0.76470588 | G10: =CONCATENATE('Home Counter'!P20," - ",'Home Counter'!Q20) -> 6 - 2 | H10: =CONCATENATE('Away Counter'!P20," - ",'Away Counter'!Q20) -> 7 - 2 | I10: {=INDEX(Standings!D11,0)} -> 5 - 1 | J10: =CONCATENATE('Conference Counter'!P20," - ",'Conference Counter'!Q20) -> 9 - 3 | L10: {=INDEX('PFPA Counter'!P20,0)} -> 367 | M10: {=INDEX('PFPA Counter'!Q20,0)} -> 333 | N10: =MINUS(L10,M10) -> 34 | O10: =IF(AND(C10=0,D10=0),0,DIVIDE(L10,SUM(C10,D10))) -> 21.588235 | Q10: =CONCATENATE('AFC West Counter'!P20," - ",'AFC West Counter'!Q20) -> 3 - 1 | R10: =CONCATENATE('AFC East Counter'!P20," - ",'AFC East Counter'!Q20) -> 5 - 1 | S10: =CONCATENATE('AFC North Counter'!P20," - ",'AFC North Counter'!Q20) -> 0 - 1 | T10: =CONCATENATE('AFC South Counter'!P20," - ",'AFC South Counter'!Q20) -> 1 - 0 | U10: =CONCATENATE('NFC West Counter'!P20," - ",'NFC West Counter'!Q20) -> 0 - 1 | V10: =CONCATENATE('NFC East Counter'!P20," - ",'NFC East Counter'!Q20) -> 0 - 0 | W10: =CONCATENATE('NFC North Counter'!P20," - ",'NFC North Counter'!Q20) -> 4 - 0 | X10: =CONCATENATE('NFC South Counter'!P20," - ",'NFC South Counter'!Q20) -> 0 - 0
B11: AFC North
A12: =IMAGE("https://1000logos.net/wp-content/uploads/2016/10/Baltimore-Ravens-Logo.png") | B12: BAL | C12: {=INDEX('Standings Counter'!R20,0)} -> 11 | D12: {=INDEX('Standings Counter'!S20,0)} -> 6 | E12: =IF(AND(C12=0,D12=0),0,DIVIDE(C12,ADD(C12,D12))) -> 0.64705882 | G12: =CONCATENATE('Home Counter'!R20," - ",'Home Counter'!S20) -> 7 - 1 | H12: =CONCATENATE('Away Counter'!R20," - ",'Away Counter'!S20) -> 4 - 5 | I12: {=INDEX(Standings!D14,0)} -> 4 - 2 | J12: =CONCATENATE('Conference Counter'!R20," - ",'Conference Counter'!S20) -> 9 - 3 | L12: {=INDEX('PFPA Counter'!R20,0)} -> 321 | M12: {=INDEX('PFPA Counter'!S20,0)} -> 306 | N12: =MINUS(L12,M12) -> 15 | O12: =IF(AND(C12=0,D12=0),0,DIVIDE(L12,SUM(C12,D12))) -> 18.882353 | Q12: =CONCATENATE('AFC West Counter'!R20," - ",'AFC West Counter'!S20) -> 1 - 0 | R12: =CONCATENATE('AFC East Counter'!R20," - ",'AFC East Counter'!S20) -> 0 - 1 | S12: =CONCATENATE('AFC North Counter'!R20," - ",'AFC North Counter'!S20) -> 4 - 2 | T12: =CONCATENATE('AFC South Counter'!R20," - ",'AFC South Counter'!S20) -> 4 - 0 | U12: =CONCATENATE('NFC West Counter'!R20," - ",'NFC West Counter'!S20) -> 0 - 0 | V12: =CONCATENATE('NFC East Counter'!R20," - ",'NFC East Counter'!S20) -> 0 - 1 | W12: =CONCATENATE('NFC North Counter'!R20," - ",'NFC North Counter'!S20) -> 0 - 0 | X12: =CONCATENATE('NFC South Counter'!R20," - ",'NFC South Counter'!S20) -> 2 - 2
A13: =IMAGE("https://logos-world.net/wp-content/uploads/2020/05/Cleveland-Browns-Logo-2006-2014.png") | B13: CLE | C13: {=INDEX('Standings Counter'!T20,0)} -> 4 | D13: {=INDEX('Standings Counter'!U20,0)} -> 13 | E13: =IF(AND(C13=0,D13=0),0,DIVIDE(C13,ADD(C13,D13))) -> 0.23529412 | G13: =CONCATENATE('Home Counter'!T20," - ",'Home Counter'!U20) -> 2 - 6 | H13: =CONCATENATE('Away Counter'!T20," - ",'Away Counter'!U20) -> 2 - 7 | I13: {=INDEX(Standings!D15,0)} -> 0 - 6 | J13: =CONCATENATE('Conference Counter'!T20," - ",'Conference Counter'!U20) -> 3 - 9 | L13: {=INDEX('PFPA Counter'!T20,0)} -> 341 | M13: {=INDEX('PFPA Counter'!U20,0)} -> 372 | N13: =MINUS(L13,M13) -> -31 | O13: =IF(AND(C13=0,D13=0),0,DIVIDE(L13,SUM(C13,D13))) -> 20.058824 | Q13: =CONCATENATE('AFC West Counter'!T20," - ",'AFC West Counter'!U20) -> 0 - 1 | R13: =CONCATENATE('AFC East Counter'!T20," - ",'AFC East Counter'!U20) -> 1 - 0 | S13: =CONCATENATE('AFC North Counter'!T20," - ",'AFC North Counter'!U20) -> 0 - 6 | T13: =CONCATENATE('AFC South Counter'!T20," - ",'AFC South Counter'!U20) -> 2 - 2 | U13: =CONCATENATE('NFC West Counter'!T20," - ",'NFC West Counter'!U20) -> 0 - 0 | V13: =CONCATENATE('NFC East Counter'!T20," - ",'NFC East Counter'!U20) -> 0 - 1 | W13: =CONCATENATE('NFC North Counter'!T20," - ",'NFC North Counter'!U20) -> 0 - 0 | X13: =CONCATENATE('NFC South Counter'!T20," - ",'NFC South Counter'!U20) -> 1 - 3
A14: =IMAGE("https://1000logos.net/wp-content/uploads/2017/06/Pittsburgh-Steelers-Logo.png") | B14: PIT | C14: {=INDEX('Standings Counter'!V20,0)} -> 7 | D14: {=INDEX('Standings Counter'!W20,0)} -> 10 | E14: =IF(AND(C14=0,D14=0),0,DIVIDE(C14,ADD(C14,D14))) -> 0.41176471 | G14: =CONCATENATE('Home Counter'!V20," - ",'Home Counter'!W20) -> 4 - 4 | H14: =CONCATENATE('Away Counter'!V20," - ",'Away Counter'!W20) -> 3 - 6 | I14: {=INDEX(Standings!D16,0)} -> 3 - 3 | J14: =CONCATENATE('Conference Counter'!V20," - ",'Conference Counter'!W20) -> 5 - 7 | L14: {=INDEX('PFPA Counter'!V20,0)} -> 318 | M14: {=INDEX('PFPA Counter'!W20,0)} -> 326 | N14: =MINUS(L14,M14) -> -8 | O14: =IF(AND(C14=0,D14=0),0,DIVIDE(L14,SUM(C14,D14))) -> 18.705882 | Q14: =CONCATENATE('AFC West Counter'!V20," - ",'AFC West Counter'!W20) -> 0 - 1 | R14: =CONCATENATE('AFC East Counter'!V20," - ",'AFC East Counter'!W20) -> 1 - 0 | S14: =CONCATENATE('AFC North Counter'!V20," - ",'AFC North Counter'!W20) -> 3 - 4 | T14: =CONCATENATE('AFC South Counter'!V20," - ",'AFC South Counter'!W20) -> 1 - 3 | U14: =CONCATENATE('NFC West Counter'!V20," - ",'NFC West Counter'!W20) -> 0 - 0 | V14: =CONCATENATE('NFC East Counter'!V20," - ",'NFC East Counter'!W20) -> 0 - 1 | W14: =CONCATENATE('NFC North Counter'!V20," - ",'NFC North Counter'!W20) -> 0 - 0 | X14: =CONCATENATE('NFC South Counter'!V20," - ",'NFC South Counter'!W20) -> 2 - 2
A15: =IMAGE("https://logos-world.net/wp-content/uploads/2020/05/Cincinnati-Bengals-Logo.png") | B15: CIN | C15: {=INDEX('Standings Counter'!X20,0)} -> 10 | D15: {=INDEX('Standings Counter'!Y20,0)} -> 7 | E15: =IF(AND(C15=0,D15=0),0,DIVIDE(C15,ADD(C15,D15))) -> 0.58823529 | G15: =CONCATENATE('Home Counter'!X20," - ",'Home Counter'!Y20) -> 5 - 3 | H15: =CONCATENATE('Away Counter'!X20," - ",'Away Counter'!Y20) -> 5 - 4 | I15: {=INDEX(Standings!D17,0)} -> 5 - 1 | J15: =CONCATENATE('Conference Counter'!X20," - ",'Conference Counter'!Y20) -> 8 - 4 | L15: {=INDEX('PFPA Counter'!X20,0)} -> 327 | M15: {=INDEX('PFPA Counter'!Y20,0)} -> 322 | N15: =MINUS(L15,M15) -> 5 | O15: =IF(AND(C15=0,D15=0),0,DIVIDE(L15,SUM(C15,D15))) -> 19.235294 | Q15: =CONCATENATE('AFC West Counter'!X20," - ",'AFC West Counter'!Y20) -> 0 - 1 | R15: =CONCATENATE('AFC East Counter'!X20," - ",'AFC East Counter'!Y20) -> 1 - 0 | S15: =CONCATENATE('AFC North Counter'!X20," - ",'AFC North Counter'!Y20) -> 5 - 1 | T15: =CONCATENATE('AFC South Counter'!X20," - ",'AFC South Counter'!Y20) -> 2 - 2 | U15: =CONCATENATE('NFC West Counter'!X20," - ",'NFC West Counter'!Y20) -> 0 - 0 | V15: =CONCATENATE('NFC East Counter'!X20," - ",'NFC East Counter'!Y20) -> 0 - 1 | W15: =CONCATENATE('NFC North Counter'!X20," - ",'NFC North Counter'!Y20) -> 0 - 0 | X15: =CONCATENATE('NFC South Counter'!X20," - ",'NFC South Counter'!Y20) -> 2 - 2
B16: AFC South
A17: =IMAGE("https://cdn.wallpapersafari.com/15/25/Jnl2Yc.png") | B17: HOU | C17: {=INDEX('Standings Counter'!Z20,0)} -> 10 | D17: {=INDEX('Standings Counter'!AA20,0)} -> 7 | E17: =IF(AND(C17=0,D17=0),0,DIVIDE(C17,ADD(C17,D17))) -> 0.58823529 | G17: =CONCATENATE('Home Counter'!Z20," - ",'Home Counter'!AA20) -> 5 - 3 | H17: =CONCATENATE('Away Counter'!Z20," - ",'Away Counter'!AA20) -> 5 - 4 | I17: {=INDEX(Standings!D20,0)} -> 5 - 1 | J17: =CONCATENATE('Conference Counter'!Z20," - ",'Conference Counter'!AA20) -> 7 - 5 | L17: {=INDEX('PFPA Counter'!Z20,0)} -> 386 | M17: {=INDEX('PFPA Counter'!AA20,0)} -> 364 | N17: =MINUS(L17,M17) -> 22 | O17: =IF(AND(C17=0,D17=0),0,DIVIDE(L17,SUM(C17,D17))) -> 22.705882 | Q17: =CONCATENATE('AFC West Counter'!Z20," - ",'AFC West Counter'!AA20) -> 0 - 1 | R17: =CONCATENATE('AFC East Counter'!Z20," - ",'AFC East Counter'!AA20) -> 0 - 1 | S17: =CONCATENATE('AFC North Counter'!Z20," - ",'AFC North Counter'!AA20) -> 2 - 2 | T17: =CONCATENATE('AFC South Counter'!Z20," - ",'AFC South Counter'!AA20) -> 5 - 1 | U17: =CONCATENATE('NFC West Counter'!Z20," - ",'NFC West Counter'!AA20) -> 0 - 0 | V17: =CONCATENATE('NFC East Counter'!Z20," - ",'NFC East Counter'!AA20) -> 2 - 2 | W17: =CONCATENATE('NFC North Counter'!Z20," - ",'NFC North Counter'!AA20) -> 1 - 0 | X17: =CONCATENATE('NFC South Counter'!Z20," - ",'NFC South Counter'!AA20) -> 0 - 0
A18: =IMAGE("https://1000logos.net/wp-content/uploads/2018/07/Jacksonville-Jaguars-Logo-1536x960.png") | B18: JAX | C18: {=INDEX('Standings Counter'!AB20,0)} -> 10 | D18: {=INDEX('Standings Counter'!AC20,0)} -> 7 | E18: =IF(AND(C18=0,D18=0),0,DIVIDE(C18,ADD(C18,D18))) -> 0.58823529 | G18: =CONCATENATE('Home Counter'!AB20," - ",'Home Counter'!AC20) -> 5 - 3 | H18: =CONCATENATE('Away Counter'!AB20," - ",'Away Counter'!AC20) -> 5 - 4 | I18: {=INDEX(Standings!D21,0)} -> 5 - 1 | J18: =CONCATENATE('Conference Counter'!AB20," - ",'Conference Counter'!AC20) -> 7 - 5 | L18: {=INDEX('PFPA Counter'!AB20,0)} -> 335 | M18: {=INDEX('PFPA Counter'!AC20,0)} -> 323 | N18: =MINUS(L18,M18) -> 12 | O18: =IF(AND(C18=0,D18=0),0,DIVIDE(L18,SUM(C18,D18))) -> 19.705882 | Q18: =CONCATENATE('AFC West Counter'!AB20," - ",'AFC West Counter'!AC20) -> 0 - 1 | R18: =CONCATENATE('AFC East Counter'!AB20," - ",'AFC East Counter'!AC20) -> 0 - 1 | S18: =CONCATENATE('AFC North Counter'!AB20," - ",'AFC North Counter'!AC20) -> 2 - 2 | T18: =CONCATENATE('AFC South Counter'!AB20," - ",'AFC South Counter'!AC20) -> 5 - 1 | U18: =CONCATENATE('NFC West Counter'!AB20," - ",'NFC West Counter'!AC20) -> 0 - 0 | V18: =CONCATENATE('NFC East Counter'!AB20," - ",'NFC East Counter'!AC20) -> 2 - 2 | W18: =CONCATENATE('NFC North Counter'!AB20," - ",'NFC North Counter'!AC20) -> 1 - 0 | X18: =CONCATENATE('NFC South Counter'!AB20," - ",'NFC South Counter'!AC20) -> 0 - 0
A19: =IMAGE("https://1000logos.net/wp-content/uploads/2016/12/Indianapolis-Colts-Logo-2048x1280.png") | B19: IND | C19: {=INDEX('Standings Counter'!AD20,0)} -> 7 | D19: {=INDEX('Standings Counter'!AE20,0)} -> 10 | E19: =IF(AND(C19=0,D19=0),0,DIVIDE(C19,ADD(C19,D19))) -> 0.41176471 | G19: =CONCATENATE('Home Counter'!AD20," - ",'Home Counter'!AE20) -> 3 - 5 | H19: =CONCATENATE('Away Counter'!AD20," - ",'Away Counter'!AE20) -> 4 - 5 | I19: {=INDEX(Standings!D22,0)} -> 2 - 4 | J19: =CONCATENATE('Conference Counter'!AD20," - ",'Conference Counter'!AE20) -> 5 - 7 | L19: {=INDEX('PFPA Counter'!AD20,0)} -> 347 | M19: {=INDEX('PFPA Counter'!AE20,0)} -> 367 | N19: =MINUS(L19,M19) -> -20 | O19: =IF(AND(C19=0,D19=0),0,DIVIDE(L19,SUM(C19,D19))) -> 20.411765 | Q19: =CONCATENATE('AFC West Counter'!AD20," - ",'AFC West Counter'!AE20) -> 1 - 0 | R19: =CONCATENATE('AFC East Counter'!AD20," - ",'AFC East Counter'!AE20) -> 0 - 1 | S19: =CONCATENATE('AFC North Counter'!AD20," - ",'AFC North Counter'!AE20) -> 2 - 2 | T19: =CONCATENATE('AFC South Counter'!AD20," - ",'AFC South Counter'!AE20) -> 2 - 4 | U19: =CONCATENATE('NFC West Counter'!AD20," - ",'NFC West Counter'!AE20) -> 0 - 0 | V19: =CONCATENATE('NFC East Counter'!AD20," - ",'NFC East Counter'!AE20) -> 2 - 2 | W19: =CONCATENATE('NFC North Counter'!AD20," - ",'NFC North Counter'!AE20) -> 0 - 1 | X19: =CONCATENATE('NFC South Counter'!AD20," - ",'NFC South Counter'!AE20) -> 0 - 0
A20: =IMAGE("https://img-s-msn-com.akamaized.net/tenant/amp/entityid/AA1YwbtK.img?w=720&h=720&m=6") | B20: TEN | C20: {=INDEX('Standings Counter'!AF20,0)} -> 3 | D20: {=INDEX('Standings Counter'!AG20,0)} -> 14 | E20: =IF(AND(C20=0,D20=0),0,DIVIDE(C20,ADD(C20,D20))) -> 0.17647059 | G20: =CONCATENATE('Home Counter'!AF20," - ",'Home Counter'!AG20) -> 3 - 5 | H20: =CONCATENATE('Away Counter'!AF20," - ",'Away Counter'!AG20) -> 0 - 9 | I20: {=INDEX(Standings!D23,0)} -> 0 - 6 | J20: =CONCATENATE('Conference Counter'!AF20," - ",'Conference Counter'!AG20) -> 2 - 10 | L20: {=INDEX('PFPA Counter'!AF20,0)} -> 342 | M20: {=INDEX('PFPA Counter'!AG20,0)} -> 393 | N20: =MINUS(L20,M20) -> -51 | O20: =IF(AND(C20=0,D20=0),0,DIVIDE(L20,SUM(C20,D20))) -> 20.117647 | Q20: =CONCATENATE('AFC West Counter'!AF20," - ",'AFC West Counter'!AG20) -> 0 - 1 | R20: =CONCATENATE('AFC East Counter'!AF20," - ",'AFC East Counter'!AG20) -> 1 - 0 | S20: =CONCATENATE('AFC North Counter'!AF20," - ",'AFC North Counter'!AG20) -> 1 - 3 | T20: =CONCATENATE('AFC South Counter'!AF20," - ",'AFC South Counter'!AG20) -> 0 - 6 | U20: =CONCATENATE('NFC West Counter'!AF20," - ",'NFC West Counter'!AG20) -> 0 - 0 | V20: =CONCATENATE('NFC East Counter'!AF20," - ",'NFC East Counter'!AG20) -> 1 - 3 | W20: =CONCATENATE('NFC North Counter'!AF20," - ",'NFC North Counter'!AG20) -> 0 - 1 | X20: =CONCATENATE('NFC South Counter'!AF20," - ",'NFC South Counter'!AG20) -> 0 - 0
B21: NFC West
A22: =IMAGE("https://logodownload.org/wp-content/uploads/2020/09/san-francisco-49ers-logo-2048x1220.png") | B22: SF | C22: {=INDEX('Standings Counter'!AH20,0)} -> 10 | D22: {=INDEX('Standings Counter'!AI20,0)} -> 7 | E22: =IF(AND(C22=0,D22=0),0,DIVIDE(C22,ADD(C22,D22))) -> 0.58823529 | G22: =CONCATENATE('Home Counter'!AH20," - ",'Home Counter'!AI20) -> 7 - 2 | H22: =CONCATENATE('Away Counter'!AH20," - ",'Away Counter'!AI20) -> 3 - 5 | I22: {=INDEX(Standings!I2,0)} -> 4 - 2 | J22: =CONCATENATE('Conference Counter'!AH20," - ",'Conference Counter'!AI20) -> 7 - 5 | L22: {=INDEX('PFPA Counter'!AH20,0)} -> 333 | M22: {=INDEX('PFPA Counter'!AI20,0)} -> 319 | N22: =MINUS(L22,M22) -> 14 | O22: =IF(AND(C22=0,D22=0),0,DIVIDE(L22,SUM(C22,D22))) -> 19.588235 | Q22: =CONCATENATE('AFC West Counter'!AH20," - ",'AFC West Counter'!AI20) -> 2 - 2 | R22: =CONCATENATE('AFC East Counter'!AH20," - ",'AFC East Counter'!AI20) -> 1 - 0 | S22: =CONCATENATE('AFC North Counter'!AH20," - ",'AFC North Counter'!AI20) -> 0 - 0 | T22: =CONCATENATE('AFC South Counter'!AH20," - ",'AFC South Counter'!AI20) -> 0 - 0 | U22: =CONCATENATE('NFC West Counter'!AH20," - ",'NFC West Counter'!AI20) -> 4 - 2 | V22: =CONCATENATE('NFC East Counter'!AH20," - ",'NFC East Counter'!AI20) -> 2 - 2 | W22: =CONCATENATE('NFC North Counter'!AH20," - ",'NFC North Counter'!AI20) -> 0 - 1 | X22: =CONCATENATE('NFC South Counter'!AH20," - ",'NFC South Counter'!AI20) -> 1 - 0
A23: =IMAGE("https://1000logos.net/wp-content/uploads/2018/07/Rams-Logo.png") | B23: LAR | C23: {=INDEX('Standings Counter'!AJ20,0)} -> 13 | D23: {=INDEX('Standings Counter'!AK20,0)} -> 4 | E23: =IF(AND(C23=0,D23=0),0,DIVIDE(C23,ADD(C23,D23))) -> 0.76470588 | G23: =CONCATENATE('Home Counter'!AJ20," - ",'Home Counter'!AK20) -> 8 - 1 | H23: =CONCATENATE('Away Counter'!AJ20," - ",'Away Counter'!AK20) -> 5 - 3 | I23: {=INDEX(Standings!I3,0)} -> 3 - 3 | J23: =CONCATENATE('Conference Counter'!AJ20," - ",'Conference Counter'!AK20) -> 9 - 3 | L23: {=INDEX('PFPA Counter'!AJ20,0)} -> 345 | M23: {=INDEX('PFPA Counter'!AK20,0)} -> 307 | N23: =MINUS(L23,M23) -> 38 | O23: =IF(AND(C23=0,D23=0),0,DIVIDE(L23,SUM(C23,D23))) -> 20.294118 | Q23: =CONCATENATE('AFC West Counter'!AJ20," - ",'AFC West Counter'!AK20) -> 3 - 1 | R23: =CONCATENATE('AFC East Counter'!AJ20," - ",'AFC East Counter'!AK20) -> 1 - 0 | S23: =CONCATENATE('AFC North Counter'!AJ20," - ",'AFC North Counter'!AK20) -> 0 - 0 | T23: =CONCATENATE('AFC South Counter'!AJ20," - ",'AFC South Counter'!AK20) -> 0 - 0 | U23: =CONCATENATE('NFC West Counter'!AJ20," - ",'NFC West Counter'!AK20) -> 3 - 3 | V23: =CONCATENATE('NFC East Counter'!AJ20," - ",'NFC East Counter'!AK20) -> 4 - 0 | W23: =CONCATENATE('NFC North Counter'!AJ20," - ",'NFC North Counter'!AK20) -> 1 - 0 | X23: =CONCATENATE('NFC South Counter'!AJ20," - ",'NFC South Counter'!AK20) -> 1 - 0
A24: =IMAGE("https://cdn.freebiesupply.com/images/large/2x/seattle-seahawks-logo-transparent.png") | B24: SEA | C24: {=INDEX('Standings Counter'!AL20,0)} -> 12 | D24: {=INDEX('Standings Counter'!AM20,0)} -> 5 | E24: =IF(AND(C24=0,D24=0),0,DIVIDE(C24,ADD(C24,D24))) -> 0.70588235 | G24: =CONCATENATE('Home Counter'!AL20," - ",'Home Counter'!AM20) -> 8 - 1 | H24: =CONCATENATE('Away Counter'!AL20," - ",'Away Counter'!AM20) -> 4 - 4 | I24: {=INDEX(Standings!I4,0)} -> 4 - 2 | J24: =CONCATENATE('Conference Counter'!AL20," - ",'Conference Counter'!AM20) -> 9 - 3 | L24: {=INDEX('PFPA Counter'!AL20,0)} -> 371 | M24: {=INDEX('PFPA Counter'!AM20,0)} -> 340 | N24: =MINUS(L24,M24) -> 31 | O24: =IF(AND(C24=0,D24=0),0,DIVIDE(L24,SUM(C24,D24))) -> 21.823529 | Q24: =CONCATENATE('AFC West Counter'!AL20," - ",'AFC West Counter'!AM20) -> 2 - 2 | R24: =CONCATENATE('AFC East Counter'!AL20," - ",'AFC East Counter'!AM20) -> 1 - 0 | S24: =CONCATENATE('AFC North Counter'!AL20," - ",'AFC North Counter'!AM20) -> 0 - 0 | T24: =CONCATENATE('AFC South Counter'!AL20," - ",'AFC South Counter'!AM20) -> 0 - 0 | U24: =CONCATENATE('NFC West Counter'!AL20," - ",'NFC West Counter'!AM20) -> 4 - 2 | V24: =CONCATENATE('NFC East Counter'!AL20," - ",'NFC East Counter'!AM20) -> 3 - 1 | W24: =CONCATENATE('NFC North Counter'!AL20," - ",'NFC North Counter'!AM20) -> 1 - 0 | X24: =CONCATENATE('NFC South Counter'!AL20," - ",'NFC South Counter'!AM20) -> 1 - 0
A25: =IMAGE("https://logos-world.net/wp-content/uploads/2020/05/Arizona-Cardinals-Logo.png") | B25: AZ | C25: {=INDEX('Standings Counter'!AN20,0)} -> 5 | D25: {=INDEX('Standings Counter'!AO20,0)} -> 12 | E25: =IF(AND(C25=0,D25=0),0,DIVIDE(C25,ADD(C25,D25))) -> 0.29411765 | G25: =CONCATENATE('Home Counter'!AN20," - ",'Home Counter'!AO20) -> 4 - 5 | H25: =CONCATENATE('Away Counter'!AN20," - ",'Away Counter'!AO20) -> 1 - 7 | I25: {=INDEX(Standings!I5,0)} -> 1 - 5 | J25: =CONCATENATE('Conference Counter'!AN20," - ",'Conference Counter'!AO20) -> 3 - 9 | L25: {=INDEX('PFPA Counter'!AN20,0)} -> 330 | M25: {=INDEX('PFPA Counter'!AO20,0)} -> 370 | N25: =MINUS(L25,M25) -> -40 | O25: =IF(AND(C25=0,D25=0),0,DIVIDE(L25,SUM(C25,D25))) -> 19.411765 | Q25: =CONCATENATE('AFC West Counter'!AN20," - ",'AFC West Counter'!AO20) -> 1 - 3 | R25: =CONCATENATE('AFC East Counter'!AN20," - ",'AFC East Counter'!AO20) -> 1 - 0 | S25: =CONCATENATE('AFC North Counter'!AN20," - ",'AFC North Counter'!AO20) -> 0 - 0 | T25: =CONCATENATE('AFC South Counter'!AN20," - ",'AFC South Counter'!AO20) -> 0 - 0 | U25: =CONCATENATE('NFC West Counter'!AN20," - ",'NFC West Counter'!AO20) -> 1 - 5 | V25: =CONCATENATE('NFC East Counter'!AN20," - ",'NFC East Counter'!AO20) -> 2 - 2 | W25: =CONCATENATE('NFC North Counter'!AN20," - ",'NFC North Counter'!AO20) -> 0 - 1 | X25: =CONCATENATE('NFC South Counter'!AN20," - ",'NFC South Counter'!AO20) -> 0 - 1
B26: NFC East
A27: =IMAGE("https://www.freepnglogos.com/uploads/dallas-cowboys-logo-22.png") | B27: DAL | C27: {=INDEX('Standings Counter'!AP20,0)} -> 11 | D27: {=INDEX('Standings Counter'!AQ20,0)} -> 6 | E27: =IF(AND(C27=0,D27=0),0,DIVIDE(C27,ADD(C27,D27))) -> 0.64705882 | G27: =CONCATENATE('Home Counter'!AP20," - ",'Home Counter'!AQ20) -> 7 - 2 | H27: =CONCATENATE('Away Counter'!AP20," - ",'Away Counter'!AQ20) -> 4 - 4 | I27: {=INDEX(Standings!I8,0)} -> 5 - 1 | J27: =CONCATENATE('Conference Counter'!AP20," - ",'Conference Counter'!AQ20) -> 8 - 4 | L27: {=INDEX('PFPA Counter'!AP20,0)} -> 342 | M27: {=INDEX('PFPA Counter'!AQ20,0)} -> 322 | N27: =MINUS(L27,M27) -> 20 | O27: =IF(AND(C27=0,D27=0),0,DIVIDE(L27,SUM(C27,D27))) -> 20.117647 | Q27: =CONCATENATE('AFC West Counter'!AP20," - ",'AFC West Counter'!AQ20) -> 0 - 0 | R27: =CONCATENATE('AFC East Counter'!AP20," - ",'AFC East Counter'!AQ20) -> 0 - 0 | S27: =CONCATENATE('AFC North Counter'!AP20," - ",'AFC North Counter'!AQ20) -> 1 - 0 | T27: =CONCATENATE('AFC South Counter'!AP20," - ",'AFC South Counter'!AQ20) -> 2 - 2 | U27: =CONCATENATE('NFC West Counter'!AP20," - ",'NFC West Counter'!AQ20) -> 1 - 3 | V27: =CONCATENATE('NFC East Counter'!AP20," - ",'NFC East Counter'!AQ20) -> 5 - 1 | W27: =CONCATENATE('NFC North Counter'!AP20," - ",'NFC North Counter'!AQ20) -> 1 - 0 | X27: =CONCATENATE('NFC South Counter'!AP20," - ",'NFC South Counter'!AQ20) -> 1 - 0
A28: =IMAGE("https://1000logos.net/wp-content/uploads/2017/05/Philadelphia-Eagles-Logo.png") | B28: PHI | C28: {=INDEX('Standings Counter'!AR20,0)} -> 13 | D28: {=INDEX('Standings Counter'!AS20,0)} -> 4 | E28: =IF(AND(C28=0,D28=0),0,DIVIDE(C28,ADD(C28,D28))) -> 0.76470588 | G28: =CONCATENATE('Home Counter'!AR20," - ",'Home Counter'!AS20) -> 7 - 2 | H28: =CONCATENATE('Away Counter'!AR20," - ",'Away Counter'!AS20) -> 6 - 2 | I28: {=INDEX(Standings!I9,0)} -> 5 - 1 | J28: =CONCATENATE('Conference Counter'!AR20," - ",'Conference Counter'!AS20) -> 9 - 3 | L28: {=INDEX('PFPA Counter'!AR20,0)} -> 351 | M28: {=INDEX('PFPA Counter'!AS20,0)} -> 313 | N28: =MINUS(L28,M28) -> 38 | O28: =IF(AND(C28=0,D28=0),0,DIVIDE(L28,SUM(C28,D28))) -> 20.647059 | Q28: =CONCATENATE('AFC West Counter'!AR20," - ",'AFC West Counter'!AS20) -> 0 - 0 | R28: =CONCATENATE('AFC East Counter'!AR20," - ",'AFC East Counter'!AS20) -> 0 - 0 | S28: =CONCATENATE('AFC North Counter'!AR20," - ",'AFC North Counter'!AS20) -> 1 - 0 | T28: =CONCATENATE('AFC South Counter'!AR20," - ",'AFC South Counter'!AS20) -> 3 - 1 | U28: =CONCATENATE('NFC West Counter'!AR20," - ",'NFC West Counter'!AS20) -> 2 - 2 | V28: =CONCATENATE('NFC East Counter'!AR20," - ",'NFC East Counter'!AS20) -> 5 - 1 | W28: =CONCATENATE('NFC North Counter'!AR20," - ",'NFC North Counter'!AS20) -> 1 - 0 | X28: =CONCATENATE('NFC South Counter'!AR20," - ",'NFC South Counter'!AS20) -> 1 - 0
A29: =IMAGE("https://logosmarcas.net/wp-content/uploads/2020/07/New-York-Giants-Logo.png") | B29: NYG | C29: {=INDEX('Standings Counter'!AT20,0)} -> 4 | D29: {=INDEX('Standings Counter'!AU20,0)} -> 13 | E29: =IF(AND(C29=0,D29=0),0,DIVIDE(C29,ADD(C29,D29))) -> 0.23529412 | G29: =CONCATENATE('Home Counter'!AT20," - ",'Home Counter'!AU20) -> 4 - 5 | H29: =CONCATENATE('Away Counter'!AT20," - ",'Away Counter'!AU20) -> 0 - 8 | I29: {=INDEX(Standings!I10,0)} -> 0 - 6 | J29: =CONCATENATE('Conference Counter'!AT20," - ",'Conference Counter'!AU20) -> 1 - 11 | L29: {=INDEX('PFPA Counter'!AT20,0)} -> 298 | M29: {=INDEX('PFPA Counter'!AU20,0)} -> 335 | N29: =MINUS(L29,M29) -> -37 | O29: =IF(AND(C29=0,D29=0),0,DIVIDE(L29,SUM(C29,D29))) -> 17.529412 | Q29: =CONCATENATE('AFC West Counter'!AT20," - ",'AFC West Counter'!AU20) -> 0 - 0 | R29: =CONCATENATE('AFC East Counter'!AT20," - ",'AFC East Counter'!AU20) -> 0 - 0 | S29: =CONCATENATE('AFC North Counter'!AT20," - ",'AFC North Counter'!AU20) -> 1 - 0 | T29: =CONCATENATE('AFC South Counter'!AT20," - ",'AFC South Counter'!AU20) -> 2 - 2 | U29: =CONCATENATE('NFC West Counter'!AT20," - ",'NFC West Counter'!AU20) -> 1 - 3 | V29: =CONCATENATE('NFC East Counter'!AT20," - ",'NFC East Counter'!AU20) -> 0 - 6 | W29: =CONCATENATE('NFC North Counter'!AT20," - ",'NFC North Counter'!AU20) -> 0 - 1 | X29: =CONCATENATE('NFC South Counter'!AT20," - ",'NFC South Counter'!AU20) -> 0 - 1
A30: =IMAGE("https://logodownload.org/wp-content/uploads/2020/09/washington-commanders-logo.png") | B30: WSH | C30: {=INDEX('Standings Counter'!AV20,0)} -> 6 | D30: {=INDEX('Standings Counter'!AW20,0)} -> 11 | E30: =IF(AND(C30=0,D30=0),0,DIVIDE(C30,ADD(C30,D30))) -> 0.35294118 | G30: =CONCATENATE('Home Counter'!AV20," - ",'Home Counter'!AW20) -> 4 - 5 | H30: =CONCATENATE('Away Counter'!AV20," - ",'Away Counter'!AW20) -> 2 - 6 | I30: {=INDEX(Standings!I11,0)} -> 2 - 4 | J30: =CONCATENATE('Conference Counter'!AV20," - ",'Conference Counter'!AW20) -> 3 - 9 | L30: {=INDEX('PFPA Counter'!AV20,0)} -> 0 | M30: {=INDEX('PFPA Counter'!AW20,0)} -> 0 | N30: =MINUS(L30,M30) -> 0 | O30: =IF(AND(C30=0,D30=0),0,DIVIDE(L30,SUM(C30,D30))) -> 0 | Q30: =CONCATENATE('AFC West Counter'!AV20," - ",'AFC West Counter'!AW20) -> 0 - 0 | R30: =CONCATENATE('AFC East Counter'!AV20," - ",'AFC East Counter'!AW20) -> 0 - 0 | S30: =CONCATENATE('AFC North Counter'!AV20," - ",'AFC North Counter'!AW20) -> 1 - 0 | T30: =CONCATENATE('AFC South Counter'!AV20," - ",'AFC South Counter'!AW20) -> 2 - 2 | U30: =CONCATENATE('NFC West Counter'!AV20," - ",'NFC West Counter'!AW20) -> 1 - 3 | V30: =CONCATENATE('NFC East Counter'!AV20," - ",'NFC East Counter'!AW20) -> 2 - 4 | W30: =CONCATENATE('NFC North Counter'!AV20," - ",'NFC North Counter'!AW20) -> 0 - 1 | X30: =CONCATENATE('NFC South Counter'!AV20," - ",'NFC South Counter'!AW20) -> 0 - 1
B31: NFC North
A32: =IMAGE("https://logos-world.net/wp-content/uploads/2020/05/Detroit-Lions-Logo-2017-Present.png") | B32: DET | C32: {=INDEX('Standings Counter'!AX20,0)} -> 11 | D32: {=INDEX('Standings Counter'!AY20,0)} -> 6 | E32: =IF(AND(C32=0,D32=0),0,DIVIDE(C32,ADD(C32,D32))) -> 0.64705882 | G32: =CONCATENATE('Home Counter'!AX20," - ",'Home Counter'!AY20) -> 5 - 4 | H32: =CONCATENATE('Away Counter'!AX20," - ",'Away Counter'!AY20) -> 6 - 2 | I32: {=INDEX(Standings!I14,0)} -> 3 - 3 | J32: =CONCATENATE('Conference Counter'!AX20," - ",'Conference Counter'!AY20) -> 8 - 4 | L32: {=INDEX('PFPA Counter'!AX20,0)} -> 375 | M32: {=INDEX('PFPA Counter'!AY20,0)} -> 360 | N32: =MINUS(L32,M32) -> 15 | O32: =IF(AND(C32=0,D32=0),0,DIVIDE(L32,SUM(C32,D32))) -> 22.058824 | Q32: =CONCATENATE('AFC West Counter'!AX20," - ",'AFC West Counter'!AY20) -> 0 - 0 | R32: =CONCATENATE('AFC East Counter'!AX20," - ",'AFC East Counter'!AY20) -> 2 - 2 | S32: =CONCATENATE('AFC North Counter'!AX20," - ",'AFC North Counter'!AY20) -> 0 - 0 | T32: =CONCATENATE('AFC South Counter'!AX20," - ",'AFC South Counter'!AY20) -> 1 - 0 | U32: =CONCATENATE('NFC West Counter'!AX20," - ",'NFC West Counter'!AY20) -> 1 - 0 | V32: =CONCATENATE('NFC East Counter'!AX20," - ",'NFC East Counter'!AY20) -> 1 - 0 | W32: =CONCATENATE('NFC North Counter'!AX20," - ",'NFC North Counter'!AY20) -> 3 - 3 | X32: =CONCATENATE('NFC South Counter'!AX20," - ",'NFC South Counter'!AY20) -> 3 - 1
A33: =IMAGE("https://logodownload.org/wp-content/uploads/2020/07/green-bay-packers-logo-1.png") | B33: GB | C33: {=INDEX('Standings Counter'!AZ20,0)} -> 9 | D33: {=INDEX('Standings Counter'!BA20,0)} -> 8 | E33: =IF(AND(C33=0,D33=0),0,DIVIDE(C33,ADD(C33,D33))) -> 0.52941176 | G33: =CONCATENATE('Home Counter'!AZ20," - ",'Home Counter'!BA20) -> 6 - 3 | H33: =CONCATENATE('Away Counter'!AZ20," - ",'Away Counter'!BA20) -> 3 - 5 | I33: {=INDEX(Standings!I15,0)} -> 3 - 3 | J33: =CONCATENATE('Conference Counter'!AZ20," - ",'Conference Counter'!BA20) -> 6 - 6 | L33: {=INDEX('PFPA Counter'!AZ20,0)} -> 357 | M33: {=INDEX('PFPA Counter'!BA20,0)} -> 354 | N33: =MINUS(L33,M33) -> 3 | O33: =IF(AND(C33=0,D33=0),0,DIVIDE(L33,SUM(C33,D33))) -> 21 | Q33: =CONCATENATE('AFC West Counter'!AZ20," - ",'AFC West Counter'!BA20) -> 0 - 0 | R33: =CONCATENATE('AFC East Counter'!AZ20," - ",'AFC East Counter'!BA20) -> 3 - 1 | S33: =CONCATENATE('AFC North Counter'!AZ20," - ",'AFC North Counter'!BA20) -> 0 - 0 | T33: =CONCATENATE('AFC South Counter'!AZ20," - ",'AFC South Counter'!BA20) -> 0 - 1 | U33: =CONCATENATE('NFC West Counter'!AZ20," - ",'NFC West Counter'!BA20) -> 0 - 1 | V33: =CONCATENATE('NFC East Counter'!AZ20," - ",'NFC East Counter'!BA20) -> 0 - 1 | W33: =CONCATENATE('NFC North Counter'!AZ20," - ",'NFC North Counter'!BA20) -> 3 - 3 | X33: =CONCATENATE('NFC South Counter'!AZ20," - ",'NFC South Counter'!BA20) -> 3 - 1
A34: =IMAGE("https://1000logos.net/wp-content/uploads/2017/06/Minnesota-Vikings-Logo-1965.png") | B34: MIN | C34: {=INDEX('Standings Counter'!BB20,0)} -> 8 | D34: {=INDEX('Standings Counter'!BC20,0)} -> 9 | E34: =IF(AND(C34=0,D34=0),0,DIVIDE(C34,ADD(C34,D34))) -> 0.47058824 | G34: =CONCATENATE('Home Counter'!BB20," - ",'Home Counter'!BC20) -> 5 - 4 | H34: =CONCATENATE('Away Counter'!BB20," - ",'Away Counter'!BC20) -> 3 - 5 | I34: {=INDEX(Standings!I16,0)} -> 1 - 5 | J34: =CONCATENATE('Conference Counter'!BB20," - ",'Conference Counter'!BC20) -> 6 - 6 | L34: {=INDEX('PFPA Counter'!BB20,0)} -> 321 | M34: {=INDEX('PFPA Counter'!BC20,0)} -> 323 | N34: =MINUS(L34,M34) -> -2 | O34: =IF(AND(C34=0,D34=0),0,DIVIDE(L34,SUM(C34,D34))) -> 18.882353 | Q34: =CONCATENATE('AFC West Counter'!BB20," - ",'AFC West Counter'!BC20) -> 0 - 0 | R34: =CONCATENATE('AFC East Counter'!BB20," - ",'AFC East Counter'!BC20) -> 1 - 3 | S34: =CONCATENATE('AFC North Counter'!BB20," - ",'AFC North Counter'!BC20) -> 0 - 0 | T34: =CONCATENATE('AFC South Counter'!BB20," - ",'AFC South Counter'!BC20) -> 1 - 0 | U34: =CONCATENATE('NFC West Counter'!BB20," - ",'NFC West Counter'!BC20) -> 1 - 0 | V34: =CONCATENATE('NFC East Counter'!BB20," - ",'NFC East Counter'!BC20) -> 1 - 0 | W34: =CONCATENATE('NFC North Counter'!BB20," - ",'NFC North Counter'!BC20) -> 1 - 5 | X34: =CONCATENATE('NFC South Counter'!BB20," - ",'NFC South Counter'!BC20) -> 3 - 1
A35: =IMAGE("https://logos-world.net/wp-content/uploads/2020/05/Chicago-Bears-logo.png") | B35: CHI | C35: {=INDEX('Standings Counter'!BD20,0)} -> 10 | D35: {=INDEX('Standings Counter'!BE20,0)} -> 7 | E35: =IF(AND(C35=0,D35=0),0,DIVIDE(C35,ADD(C35,D35))) -> 0.58823529 | G35: =CONCATENATE('Home Counter'!BD20," - ",'Home Counter'!BE20) -> 6 - 3 | H35: =CONCATENATE('Away Counter'!BD20," - ",'Away Counter'!BE20) -> 4 - 4 | I35: {=INDEX(Standings!I17,0)} -> 5 - 1 | J35: =CONCATENATE('Conference Counter'!BD20," - ",'Conference Counter'!BE20) -> 9 - 3 | L35: {=INDEX('PFPA Counter'!BD20,0)} -> 377 | M35: {=INDEX('PFPA Counter'!BE20,0)} -> 352 | N35: =MINUS(L35,M35) -> 25 | O35: =IF(AND(C35=0,D35=0),0,DIVIDE(L35,SUM(C35,D35))) -> 22.176471 | Q35: =CONCATENATE('AFC West Counter'!BD20," - ",'AFC West Counter'!BE20) -> 0 - 0 | R35: =CONCATENATE('AFC East Counter'!BD20," - ",'AFC East Counter'!BE20) -> 1 - 3 | S35: =CONCATENATE('AFC North Counter'!BD20," - ",'AFC North Counter'!BE20) -> 0 - 0 | T35: =CONCATENATE('AFC South Counter'!BD20," - ",'AFC South Counter'!BE20) -> 0 - 1 | U35: =CONCATENATE('NFC West Counter'!BD20," - ",'NFC West Counter'!BE20) -> 0 - 1 | V35: =CONCATENATE('NFC East Counter'!BD20," - ",'NFC East Counter'!BE20) -> 0 - 1 | W35: =CONCATENATE('NFC North Counter'!BD20," - ",'NFC North Counter'!BE20) -> 5 - 1 | X35: =CONCATENATE('NFC South Counter'!BD20," - ",'NFC South Counter'!BE20) -> 4 - 0
B36: NFC South
A37: =IMAGE("https://logodownload.org/wp-content/uploads/2020/09/tampa-bay-buccaneers-logo.png") | B37: TB | C37: {=INDEX('Standings Counter'!BF20,0)} -> 8 | D37: {=INDEX('Standings Counter'!BG20,0)} -> 9 | E37: =IF(AND(C37=0,D37=0),0,DIVIDE(C37,ADD(C37,D37))) -> 0.47058824 | G37: =CONCATENATE('Home Counter'!BF20," - ",'Home Counter'!BG20) -> 7 - 2 | H37: =CONCATENATE('Away Counter'!BF20," - ",'Away Counter'!BG20) -> 1 - 7 | I37: {=INDEX(Standings!I20,0)} -> 3 - 3 | J37: =CONCATENATE('Conference Counter'!BF20," - ",'Conference Counter'!BG20) -> 5 - 7 | L37: {=INDEX('PFPA Counter'!BF20,0)} -> 330 | M37: {=INDEX('PFPA Counter'!BG20,0)} -> 339 | N37: =MINUS(L37,M37) -> -9 | O37: =IF(AND(C37=0,D37=0),0,DIVIDE(L37,SUM(C37,D37))) -> 19.411765 | Q37: =CONCATENATE('AFC West Counter'!BF20," - ",'AFC West Counter'!BG20) -> 1 - 0 | R37: =CONCATENATE('AFC East Counter'!BF20," - ",'AFC East Counter'!BG20) -> 0 - 0 | S37: =CONCATENATE('AFC North Counter'!BF20," - ",'AFC North Counter'!BG20) -> 2 - 2 | T37: =CONCATENATE('AFC South Counter'!BF20," - ",'AFC South Counter'!BG20) -> 0 - 0 | U37: =CONCATENATE('NFC West Counter'!BF20," - ",'NFC West Counter'!BG20) -> 0 - 1 | V37: =CONCATENATE('NFC East Counter'!BF20," - ",'NFC East Counter'!BG20) -> 0 - 1 | W37: =CONCATENATE('NFC North Counter'!BF20," - ",'NFC North Counter'!BG20) -> 2 - 2 | X37: =CONCATENATE('NFC South Counter'!BF20," - ",'NFC South Counter'!BG20) -> 3 - 3
A38: =IMAGE("https://1000logos.net/wp-content/uploads/2017/04/New-Orleans-Saints-Logo.png") | B38: NO | C38: {=INDEX('Standings Counter'!BH20,0)} -> 9 | D38: {=INDEX('Standings Counter'!BI20,0)} -> 8 | E38: =IF(AND(C38=0,D38=0),0,DIVIDE(C38,ADD(C38,D38))) -> 0.52941176 | G38: =CONCATENATE('Home Counter'!BH20," - ",'Home Counter'!BI20) -> 6 - 3 | H38: =CONCATENATE('Away Counter'!BH20," - ",'Away Counter'!BI20) -> 3 - 5 | I38: {=INDEX(Standings!I21,0)} -> 4 - 2 | J38: =CONCATENATE('Conference Counter'!BH20," - ",'Conference Counter'!BI20) -> 6 - 6 | L38: {=INDEX('PFPA Counter'!BH20,0)} -> 341 | M38: {=INDEX('PFPA Counter'!BI20,0)} -> 330 | N38: =MINUS(L38,M38) -> 11 | O38: =IF(AND(C38=0,D38=0),0,DIVIDE(L38,SUM(C38,D38))) -> 20.058824 | Q38: =CONCATENATE('AFC West Counter'!BH20," - ",'AFC West Counter'!BI20) -> 1 - 0 | R38: =CONCATENATE('AFC East Counter'!BH20," - ",'AFC East Counter'!BI20) -> 0 - 0 | S38: =CONCATENATE('AFC North Counter'!BH20," - ",'AFC North Counter'!BI20) -> 2 - 2 | T38: =CONCATENATE('AFC South Counter'!BH20," - ",'AFC South Counter'!BI20) -> 0 - 0 | U38: =CONCATENATE('NFC West Counter'!BH20," - ",'NFC West Counter'!BI20) -> 1 - 0 | V38: =CONCATENATE('NFC East Counter'!BH20," - ",'NFC East Counter'!BI20) -> 1 - 0 | W38: =CONCATENATE('NFC North Counter'!BH20," - ",'NFC North Counter'!BI20) -> 0 - 4 | X38: =CONCATENATE('NFC South Counter'!BH20," - ",'NFC South Counter'!BI20) -> 4 - 2
A39: =IMAGE("https://logodownload.org/wp-content/uploads/2020/07/atlanta-falcons-logo-0.png") | B39: ATL | C39: {=INDEX('Standings Counter'!BJ20,0)} -> 8 | D39: {=INDEX('Standings Counter'!BK20,0)} -> 9 | E39: =IF(AND(C39=0,D39=0),0,DIVIDE(C39,ADD(C39,D39))) -> 0.47058824 | G39: =CONCATENATE('Home Counter'!BJ20," - ",'Home Counter'!BK20) -> 4 - 5 | H39: =CONCATENATE('Away Counter'!BJ20," - ",'Away Counter'!BK20) -> 4 - 4 | I39: {=INDEX(Standings!I22,0)} -> 4 - 2 | J39: =CONCATENATE('Conference Counter'!BJ20," - ",'Conference Counter'!BK20) -> 6 - 6 | L39: {=INDEX('PFPA Counter'!BJ20,0)} -> 340 | M39: {=INDEX('PFPA Counter'!BK20,0)} -> 347 | N39: =MINUS(L39,M39) -> -7 | O39: =IF(AND(C39=0,D39=0),0,DIVIDE(L39,SUM(C39,D39))) -> 20 | Q39: =CONCATENATE('AFC West Counter'!BJ20," - ",'AFC West Counter'!BK20) -> 0 - 1 | R39: =CONCATENATE('AFC East Counter'!BJ20," - ",'AFC East Counter'!BK20) -> 0 - 0 | S39: =CONCATENATE('AFC North Counter'!BJ20," - ",'AFC North Counter'!BK20) -> 2 - 2 | T39: =CONCATENATE('AFC South Counter'!BJ20," - ",'AFC South Counter'!BK20) -> 0 - 0 | U39: =CONCATENATE('NFC West Counter'!BJ20," - ",'NFC West Counter'!BK20) -> 0 - 1 | V39: =CONCATENATE('NFC East Counter'!BJ20," - ",'NFC East Counter'!BK20) -> 1 - 0 | W39: =CONCATENATE('NFC North Counter'!BJ20," - ",'NFC North Counter'!BK20) -> 1 - 3 | X39: =CONCATENATE('NFC South Counter'!BJ20," - ",'NFC South Counter'!BK20) -> 4 - 2
A40: =IMAGE("https://logos-download.com/wp-content/uploads/2018/02/Carolina_Panthers_logo_blue.png") | B40: CAR | C40: {=INDEX('Standings Counter'!BL20,0)} -> 4 | D40: {=INDEX('Standings Counter'!BM20,0)} -> 13 | E40: =IF(AND(C40=0,D40=0),0,DIVIDE(C40,ADD(C40,D40))) -> 0.23529412 | G40: =CONCATENATE('Home Counter'!BL20," - ",'Home Counter'!BM20) -> 3 - 6 | H40: =CONCATENATE('Away Counter'!BL20," - ",'Away Counter'!BM20) -> 1 - 7 | I40: {=INDEX(Standings!I23,0)} -> 1 - 5 | J40: =CONCATENATE('Conference Counter'!BL20," - ",'Conference Counter'!BM20) -> 1 - 11 | L40: {=INDEX('PFPA Counter'!BL20,0)} -> 300 | M40: {=INDEX('PFPA Counter'!BM20,0)} -> 332 | N40: =MINUS(L40,M40) -> -32 | O40: =IF(AND(C40=0,D40=0),0,DIVIDE(L40,SUM(C40,D40))) -> 17.647059 | Q40: =CONCATENATE('AFC West Counter'!BL20," - ",'AFC West Counter'!BM20) -> 0 - 1 | R40: =CONCATENATE('AFC East Counter'!BL20," - ",'AFC East Counter'!BM20) -> 0 - 0 | S40: =CONCATENATE('AFC North Counter'!BL20," - ",'AFC North Counter'!BM20) -> 3 - 1 | T40: =CONCATENATE('AFC South Counter'!BL20," - ",'AFC South Counter'!BM20) -> 0 - 0 | U40: =CONCATENATE('NFC West Counter'!BL20," - ",'NFC West Counter'!BM20) -> 0 - 1 | V40: =CONCATENATE('NFC East Counter'!BL20," - ",'NFC East Counter'!BM20) -> 0 - 1 | W40: =CONCATENATE('NFC North Counter'!BL20," - ",'NFC North Counter'!BM20) -> 0 - 4 | X40: =CONCATENATE('NFC South Counter'!BL20," - ",'NFC South Counter'!BM20) -> 1 - 5

Sheet Week 1
A1: 🔗 Quick Links: 📜 Rules | B1: 🏆 Standings | C1: 🏈 Playoffs | E1: 📊 More Stats | F1: ="Picks: "&COUNTA(C3:C31)&" / "&COUNTA(B3:B31) -> Picks: 16 / 16 | G1: ➡️ | H1: Randomizer | I1: ⬅️
A2: Date & Time (CT) | B2: Week 1 Matchup | C2: Winning Team | E2: Away Score | F2: Home Score | G2: 3x Multiplier | H2: Quick Links | J2: AFC Team | K2: AFC Record | L2: NFC Team | M2: NFC Record
A3: Wed 9/9 @ 7:20pm | B3: NE @ SEA | C3: SEA | D3: =IF(C3="KC",IMAGE("https://logodownload.org/wp-content/uploads/2020/09/kansas-city-chiefs-logo.png"),IF(C3="LV",IMAGE("https://logodownload.org/wp-content/uploads/2020/09/las-vegas-raiders-logo-1-564x599.png"),IF(C3="DEN",IMAGE("https://logodownload.org/wp-content/uploads/2020/07/denver-broncos-logo-0.png"),IF(C3="LAC",IMAGE("https://logosmarcas.net/wp-content/uploads/2020/07/Los-Angeles-Chargers-logo.png"),IF(C3="BUF",IMAGE("https://logos-download.com/wp-content/uploads/2018/03/Buffalo_Bills_logo_blue.png"),IF(C3="MIA",IMAGE("https://logos-world.net/wp-content/uploads/2020/05/Miami-Dolphins-Logo.png"),IF(C3="NYJ",IMAGE("https://logos-world.net/wp-content/uploads/2020/07/New-York-Jets-Logo.png"),IF(C3="NE",IMAGE("https://purepng.com/public/uploads/large/new-england-patriots-logo-symbol-ucp.png"),IF(C3="BAL",IMAGE("https://1000logos.net/wp-content/uploads/2016/10/Baltimore-Ravens-Logo.png"),IF(C3="CLE",IMAGE("https://logos-world.net/wp-content/uploads/2020/05/Cleveland-Browns-Logo-2006-2014.png"),IF(C3="PIT",IMAGE("https://1000logos.net/wp-content/uploads/2017/06/Pittsburgh-Steelers-Logo.png"),IF(C3="CIN",IMAGE("https://logos-world.net/wp-content/uploads/2020/05/Cincinnati-Bengals-Logo.png"),IF(C3="HOU",IMAGE("https://cdn.wallpapersafari.com/15/25/Jnl2Yc.png"),IF(C3="JAX",IMAGE("https://1000logos.net/wp-content/uploads/2018/07/Jacksonville-Jaguars-Logo-1536x960.png"),IF(C3="IND",IMAGE("https://1000logos.net/wp-content/uploads/2016/12/Indianapolis-Colts-Logo-2048x1280.png"),IF(C3="TEN",IMAGE("https://img-s-msn-com.akamaized.net/tenant/amp/entityid/AA1YwbtK.img?w=720&h=720&m=6"),IF(C3="SF",IMAGE("https://logodownload.org/wp-content/uploads/2020/09/san-francisco-49ers-logo-2048x1220.png"),IF(C3="LAR",IMAGE("https://1000logos.net/wp-content/uploads/2018/07/Rams-Logo.png"),IF(C3="SEA",IMAGE("https://cdn.freebiesupply.com/images/large/2x/seattle-seahawks-logo-transparent.png"),IF(C3="AZ",IMAGE("https://logos-world.net/wp-content/uploads/2020/05/Arizona-Cardinals-Logo.png"),IF(C3="DAL",IMAGE("https://www.freepnglogos.com/uploads/dallas-cowboys-logo-22.png"),IF(C3="PHI",IMAGE("https://1000logos.net/wp-content/uploads/2017/05/Philadelphia-Eagles-Logo.png"),IF(C3="NYG",IMAGE("https://logosmarcas.net/wp-content/uploads/2020/07/New-York-Giants-Logo.png"),IF(C3="WSH",IMAGE("https://logodownload.org/wp-content/uploads/2020/09/washington-commanders-logo.png"),IF(C3="DET",IMAGE("https://logos-world.net/wp-content/uploads/2020/05/Detroit-Lions-Logo-2017-Present.png"),IF(C3="GB",IMAGE("https://logodownload.org/wp-content/uploads/2020/07/green-bay-packers-logo-1.png"),IF(C3="MIN",IMAGE("https://1000logos.net/wp-content/uploads/2017/06/Minnesota-Vikings-Logo-1965.png"),IF(C3="CHI",IMAGE("https://logos-world.net/wp-content/uploads/2020/05/Chicago-Bears-logo.png"),IF(C3="TB",IMAGE("https://logodownload.org/wp-content/uploads/2020/09/tampa-bay-buccaneers-logo.png"),IF(C3="NO",IMAGE("https://1000logos.net/wp-content/uploads/2017/04/New-Orleans-Saints-Logo.png"),IF(C3="ATL",IMAGE("https://logodownload.org/wp-content/uploads/2020/07/atlanta-falcons-logo-0.png"),IF(C3="CAR",IMAGE("https://logos-download.com/wp-content/uploads/2018/02/Carolina_Panthers_logo_blue.png"),"")))))))))))))))))))))))))))))))) | E3: 21 | F3: 28 | G3: FALSE | H3: Week 2 | J3: {={Standings!A2:A5, Standings!C2:C5; Standings!A8:A11, Standings!C8:C11; Standings!A14:A17, Standings!C14:C17; Standings!A20:A23, Standings!C20:C23}} | K3: 10 - 7 | L3: {={Standings!F2:F5, Standings!H2:H5; Standings!F8:F11, Standings!H8:H11; Standings!F14:F17, Standings!H14:H17; Standings!F20:F23, Standings!H20:H23}} | M3: 10 - 7
A4: Thu 9/10 @ 7:35pm (INTL) | B4: SF @ LAR | C4: LAR | D4: =IF(C4="KC",IMAGE("https://logodownload.org/wp-content/uploads/2020/09/kansas-city-chiefs-logo.png"),IF(C4="LV",IMAGE("https://logodownload.org/wp-content/uploads/2020/09/las-vegas-raiders-logo-1-564x599.png"),IF(C4="DEN",IMAGE("https://logodownload.org/wp-content/uploads/2020/07/denver-broncos-logo-0.png"),IF(C4="LAC",IMAGE("https://logosmarcas.net/wp-content/uploads/2020/07/Los-Angeles-Chargers-logo.png"),IF(C4="BUF",IMAGE("https://logos-download.com/wp-content/uploads/2018/03/Buffalo_Bills_logo_blue.png"),IF(C4="MIA",IMAGE("https://logos-world.net/wp-content/uploads/2020/05/Miami-Dolphins-Logo.png"),IF(C4="NYJ",IMAGE("https://logos-world.net/wp-content/uploads/2020/07/New-York-Jets-Logo.png"),IF(C4="NE",IMAGE("https://purepng.com/public/uploads/large/new-england-patriots-logo-symbol-ucp.png"),IF(C4="BAL",IMAGE("https://1000logos.net/wp-content/uploads/2016/10/Baltimore-Ravens-Logo.png"),IF(C4="CLE",IMAGE("https://logos-world.net/wp-content/uploads/2020/05/Cleveland-Browns-Logo-2006-2014.png"),IF(C4="PIT",IMAGE("https://1000logos.net/wp-content/uploads/2017/06/Pittsburgh-Steelers-Logo.png"),IF(C4="CIN",IMAGE("https://logos-world.net/wp-content/uploads/2020/05/Cincinnati-Bengals-Logo.png"),IF(C4="HOU",IMAGE("https://cdn.wallpapersafari.com/15/25/Jnl2Yc.png"),IF(C4="JAX",IMAGE("https://1000logos.net/wp-content/uploads/2018/07/Jacksonville-Jaguars-Logo-1536x960.png"),IF(C4="IND",IMAGE("https://1000logos.net/wp-content/uploads/2016/12/Indianapolis-Colts-Logo-2048x1280.png"),IF(C4="TEN",IMAGE("https://img-s-msn-com.akamaized.net/tenant/amp/entityid/AA1YwbtK.img?w=720&h=720&m=6"),IF(C4="SF",IMAGE("https://logodownload.org/wp-content/uploads/2020/09/san-francisco-49ers-logo-2048x1220.png"),IF(C4="LAR",IMAGE("https://1000logos.net/wp-content/uploads/2018/07/Rams-Logo.png"),IF(C4="SEA",IMAGE("https://cdn.freebiesupply.com/images/large/2x/seattle-seahawks-logo-transparent.png"),IF(C4="AZ",IMAGE("https://logos-world.net/wp-content/uploads/2020/05/Arizona-Cardinals-Logo.png"),IF(C4="DAL",IMAGE("https://www.freepnglogos.com/uploads/dallas-cowboys-logo-22.png"),IF(C4="PHI",IMAGE("https://1000logos.net/wp-content/uploads/2017/05/Philadelphia-Eagles-Logo.png"),IF(C4="NYG",IMAGE("https://logosmarcas.net/wp-content/uploads/2020/07/New-York-Giants-Logo.png"),IF(C4="WSH",IMAGE("https://logodownload.org/wp-content/uploads/2020/09/washington-commanders-logo.png"),IF(C4="DET",IMAGE("https://logos-world.net/wp-content/uploads/2020/05/Detroit-Lions-Logo-2017-Present.png"),IF(C4="GB",IMAGE("https://logodownload.org/wp-content/uploads/2020/07/green-bay-packers-logo-1.png"),IF(C4="MIN",IMAGE("https://1000logos.net/wp-content/uploads/2017/06/Minnesota-Vikings-Logo-1965.png"),IF(C4="CHI",IMAGE("https://logos-world.net/wp-content/uploads/2020/05/Chicago-Bears-logo.png"),IF(C4="TB",IMAGE("https://logodownload.org/wp-content/uploads/2020/09/tampa-bay-buccaneers-logo.png"),IF(C4="NO",IMAGE("https://1000logos.net/wp-content/uploads/2017/04/New-Orleans-Saints-Logo.png"),IF(C4="ATL",IMAGE("https://logodownload.org/wp-content/uploads/2020/07/atlanta-falcons-logo-0.png"),IF(C4="CAR",IMAGE("https://logos-download.com/wp-content/uploads/2018/02/Carolina_Panthers_logo_blue.png"),"")))))))))))))))))))))))))))))))) | E4: 17 | F4: 21 | G4: FALSE | H4: Week 3 | K4: 7 - 10 | M4: 13 - 4
A5: Sun 9/13 @ 12:00pm | B5: TB @ CIN | C5: CIN | D5: =IF(C5="KC",IMAGE("https://logodownload.org/wp-content/uploads/2020/09/kansas-city-chiefs-logo.png"),IF(C5="LV",IMAGE("https://logodownload.org/wp-content/uploads/2020/09/las-vegas-raiders-logo-1-564x599.png"),IF(C5="DEN",IMAGE("https://logodownload.org/wp-content/uploads/2020/07/denver-broncos-logo-0.png"),IF(C5="LAC",IMAGE("https://logosmarcas.net/wp-content/uploads/2020/07/Los-Angeles-Chargers-logo.png"),IF(C5="BUF",IMAGE("https://logos-download.com/wp-content/uploads/2018/03/Buffalo_Bills_logo_blue.png"),IF(C5="MIA",IMAGE("https://logos-world.net/wp-content/uploads/2020/05/Miami-Dolphins-Logo.png"),IF(C5="NYJ",IMAGE("https://logos-world.net/wp-content/uploads/2020/07/New-York-Jets-Logo.png"),IF(C5="NE",IMAGE("https://purepng.com/public/uploads/large/new-england-patriots-logo-symbol-ucp.png"),IF(C5="BAL",IMAGE("https://1000logos.net/wp-content/uploads/2016/10/Baltimore-Ravens-Logo.png"),IF(C5="CLE",IMAGE("https://logos-world.net/wp-content/uploads/2020/05/Cleveland-Browns-Logo-2006-2014.png"),IF(C5="PIT",IMAGE("https://1000logos.net/wp-content/uploads/2017/06/Pittsburgh-Steelers-Logo.png"),IF(C5="CIN",IMAGE("https://logos-world.net/wp-content/uploads/2020/05/Cincinnati-Bengals-Logo.png"),IF(C5="HOU",IMAGE("https://cdn.wallpapersafari.com/15/25/Jnl2Yc.png"),IF(C5="JAX",IMAGE("https://1000logos.net/wp-content/uploads/2018/07/Jacksonville-Jaguars-Logo-1536x960.png"),IF(C5="IND",IMAGE("https://1000logos.net/wp-content/uploads/2016/12/Indianapolis-Colts-Logo-2048x1280.png"),IF(C5="TEN",IMAGE("https://img-s-msn-com.akamaized.net/tenant/amp/entityid/AA1YwbtK.img?w=720&h=720&m=6"),IF(C5="SF",IMAGE("https://logodownload.org/wp-content/uploads/2020/09/san-francisco-49ers-logo-2048x1220.png"),IF(C5="LAR",IMAGE("https://1000logos.net/wp-content/uploads/2018/07/Rams-Logo.png"),IF(C5="SEA",IMAGE("https://cdn.freebiesupply.com/images/large/2x/seattle-seahawks-logo-transparent.png"),IF(C5="AZ",IMAGE("https://logos-world.net/wp-content/uploads/2020/05/Arizona-Cardinals-Logo.png"),IF(C5="DAL",IMAGE("https://www.freepnglogos.com/uploads/dallas-cowboys-logo-22.png"),IF(C5="PHI",IMAGE("https://1000logos.net/wp-content/uploads/2017/05/Philadelphia-Eagles-Logo.png"),IF(C5="NYG",IMAGE("https://logosmarcas.net/wp-content/uploads/2020/07/New-York-Giants-Logo.png"),IF(C5="WSH",IMAGE("https://logodownload.org/wp-content/uploads/2020/09/washington-commanders-logo.png"),IF(C5="DET",IMAGE("https://logos-world.net/wp-content/uploads/2020/05/Detroit-Lions-Logo-2017-Present.png"),IF(C5="GB",IMAGE("https://logodownload.org/wp-content/uploads/2020/07/green-bay-packers-logo-1.png"),IF(C5="MIN",IMAGE("https://1000logos.net/wp-content/uploads/2017/06/Minnesota-Vikings-Logo-1965.png"),IF(C5="CHI",IMAGE("https://logos-world.net/wp-content/uploads/2020/05/Chicago-Bears-logo.png"),IF(C5="TB",IMAGE("https://logodownload.org/wp-content/uploads/2020/09/tampa-bay-buccaneers-logo.png"),IF(C5="NO",IMAGE("https://1000logos.net/wp-content/uploads/2017/04/New-Orleans-Saints-Logo.png"),IF(C5="ATL",IMAGE("https://logodownload.org/wp-content/uploads/2020/07/atlanta-falcons-logo-0.png"),IF(C5="CAR",IMAGE("https://logos-download.com/wp-content/uploads/2018/02/Carolina_Panthers_logo_blue.png"),"")))))))))))))))))))))))))))))))) | E5: 14 | F5: 17 | G5: FALSE | H5: Week 4 | K5: 12 - 5 | M5: 12 - 5
A6: Sun 9/13 @ 12:00pm | B6: NO @ DET | C6: DET | D6: =IF(C6="KC",IMAGE("https://logodownload.org/wp-content/uploads/2020/09/kansas-city-chiefs-logo.png"),IF(C6="LV",IMAGE("https://logodownload.org/wp-content/uploads/2020/09/las-vegas-raiders-logo-1-564x599.png"),IF(C6="DEN",IMAGE("https://logodownload.org/wp-content/uploads/2020/07/denver-broncos-logo-0.png"),IF(C6="LAC",IMAGE("https://logosmarcas.net/wp-content/uploads/2020/07/Los-Angeles-Chargers-logo.png"),IF(C6="BUF",IMAGE("https://logos-download.com/wp-content/uploads/2018/03/Buffalo_Bills_logo_blue.png"),IF(C6="MIA",IMAGE("https://logos-world.net/wp-content/uploads/2020/05/Miami-Dolphins-Logo.png"),IF(C6="NYJ",IMAGE("https://logos-world.net/wp-content/uploads/2020/07/New-York-Jets-Logo.png"),IF(C6="NE",IMAGE("https://purepng.com/public/uploads/large/new-england-patriots-logo-symbol-ucp.png"),IF(C6="BAL",IMAGE("https://1000logos.net/wp-content/uploads/2016/10/Baltimore-Ravens-Logo.png"),IF(C6="CLE",IMAGE("https://logos-world.net/wp-content/uploads/2020/05/Cleveland-Browns-Logo-2006-2014.png"),IF(C6="PIT",IMAGE("https://1000logos.net/wp-content/uploads/2017/06/Pittsburgh-Steelers-Logo.png"),IF(C6="CIN",IMAGE("https://logos-world.net/wp-content/uploads/2020/05/Cincinnati-Bengals-Logo.png"),IF(C6="HOU",IMAGE("https://cdn.wallpapersafari.com/15/25/Jnl2Yc.png"),IF(C6="JAX",IMAGE("https://1000logos.net/wp-content/uploads/2018/07/Jacksonville-Jaguars-Logo-1536x960.png"),IF(C6="IND",IMAGE("https://1000logos.net/wp-content/uploads/2016/12/Indianapolis-Colts-Logo-2048x1280.png"),IF(C6="TEN",IMAGE("https://img-s-msn-com.akamaized.net/tenant/amp/entityid/AA1YwbtK.img?w=720&h=720&m=6"),IF(C6="SF",IMAGE("https://logodownload.org/wp-content/uploads/2020/09/san-francisco-49ers-logo-2048x1220.png"),IF(C6="LAR",IMAGE("https://1000logos.net/wp-content/uploads/2018/07/Rams-Logo.png"),IF(C6="SEA",IMAGE("https://cdn.freebiesupply.com/images/large/2x/seattle-seahawks-logo-transparent.png"),IF(C6="AZ",IMAGE("https://logos-world.net/wp-content/uploads/2020/05/Arizona-Cardinals-Logo.png"),IF(C6="DAL",IMAGE("https://www.freepnglogos.com/uploads/dallas-cowboys-logo-22.png"),IF(C6="PHI",IMAGE("https://1000logos.net/wp-content/uploads/2017/05/Philadelphia-Eagles-Logo.png"),IF(C6="NYG",IMAGE("https://logosmarcas.net/wp-content/uploads/2020/07/New-York-Giants-Logo.png"),IF(C6="WSH",IMAGE("https://logodownload.org/wp-content/uploads/2020/09/washington-commanders-logo.png"),IF(C6="DET",IMAGE("https://logos-world.net/wp-content/uploads/2020/05/Detroit-Lions-Logo-2017-Present.png"),IF(C6="GB",IMAGE("https://logodownload.org/wp-content/uploads/2020/07/green-bay-packers-logo-1.png"),IF(C6="MIN",IMAGE("https://1000logos.net/wp-content/uploads/2017/06/Minnesota-Vikings-Logo-1965.png"),IF(C6="CHI",IMAGE("https://logos-world.net/wp-content/uploads/2020/05/Chicago-Bears-logo.png"),IF(C6="TB",IMAGE("https://logodownload.org/wp-content/uploads/2020/09/tampa-bay-buccaneers-logo.png"),IF(C6="NO",IMAGE("https://1000logos.net/wp-content/uploads/2017/04/New-Orleans-Saints-Logo.png"),IF(C6="ATL",IMAGE("https://logodownload.org/wp-content/uploads/2020/07/atlanta-falcons-logo-0.png"),IF(C6="CAR",IMAGE("https://logos-download.com/wp-content/uploads/2018/02/Carolina_Panthers_logo_blue.png"),"")))))))))))))))))))))))))))))))) | E6: 17 | F6: 20 | G6: FALSE | H6: Week 5 | K6: 8 - 9 | M6: 5 - 12
A7: Sun 9/13 @ 12:00pm | B7: NYJ @ TEN | C7: TEN | D7: =IF(C7="KC",IMAGE("https://logodownload.org/wp-content/uploads/2020/09/kansas-city-chiefs-logo.png"),IF(C7="LV",IMAGE("https://logodownload.org/wp-content/uploads/2020/09/las-vegas-raiders-logo-1-564x599.png"),IF(C7="DEN",IMAGE("https://logodownload.org/wp-content/uploads/2020/07/denver-broncos-logo-0.png"),IF(C7="LAC",IMAGE("https://logosmarcas.net/wp-content/uploads/2020/07/Los-Angeles-Chargers-logo.png"),IF(C7="BUF",IMAGE("https://logos-download.com/wp-content/uploads/2018/03/Buffalo_Bills_logo_blue.png"),IF(C7="MIA",IMAGE("https://logos-world.net/wp-content/uploads/2020/05/Miami-Dolphins-Logo.png"),IF(C7="NYJ",IMAGE("https://logos-world.net/wp-content/uploads/2020/07/New-York-Jets-Logo.png"),IF(C7="NE",IMAGE("https://purepng.com/public/uploads/large/new-england-patriots-logo-symbol-ucp.png"),IF(C7="BAL",IMAGE("https://1000logos.net/wp-content/uploads/2016/10/Baltimore-Ravens-Logo.png"),IF(C7="CLE",IMAGE("https://logos-world.net/wp-content/uploads/2020/05/Cleveland-Browns-Logo-2006-2014.png"),IF(C7="PIT",IMAGE("https://1000logos.net/wp-content/uploads/2017/06/Pittsburgh-Steelers-Logo.png"),IF(C7="CIN",IMAGE("https://logos-world.net/wp-content/uploads/2020/05/Cincinnati-Bengals-Logo.png"),IF(C7="HOU",IMAGE("https://cdn.wallpapersafari.com/15/25/Jnl2Yc.png"),IF(C7="JAX",IMAGE("https://1000logos.net/wp-content/uploads/2018/07/Jacksonville-Jaguars-Logo-1536x960.png"),IF(C7="IND",IMAGE("https://1000logos.net/wp-content/uploads/2016/12/Indianapolis-Colts-Logo-2048x1280.png"),IF(C7="TEN",IMAGE("https://img-s-msn-com.akamaized.net/tenant/amp/entityid/AA1YwbtK.img?w=720&h=720&m=6"),IF(C7="SF",IMAGE("https://logodownload.org/wp-content/uploads/2020/09/san-francisco-49ers-logo-2048x1220.png"),IF(C7="LAR",IMAGE("https://1000logos.net/wp-content/uploads/2018/07/Rams-Logo.png"),IF(C7="SEA",IMAGE("https://cdn.freebiesupply.com/images/large/2x/seattle-seahawks-logo-transparent.png"),IF(C7="AZ",IMAGE("https://logos-world.net/wp-content/uploads/2020/05/Arizona-Cardinals-Logo.png"),IF(C7="DAL",IMAGE("https://www.freepnglogos.com/uploads/dallas-cowboys-logo-22.png"),IF(C7="PHI",IMAGE("https://1000logos.net/wp-content/uploads/2017/05/Philadelphia-Eagles-Logo.png"),IF(C7="NYG",IMAGE("https://logosmarcas.net/wp-content/uploads/2020/07/New-York-Giants-Logo.png"),IF(C7="WSH",IMAGE("https://logodownload.org/wp-content/uploads/2020/09/washington-commanders-logo.png"),IF(C7="DET",IMAGE("https://logos-world.net/wp-content/uploads/2020/05/Detroit-Lions-Logo-2017-Present.png"),IF(C7="GB",IMAGE("https://logodownload.org/wp-content/uploads/2020/07/green-bay-packers-logo-1.png"),IF(C7="MIN",IMAGE("https://1000logos.net/wp-content/uploads/2017/06/Minnesota-Vikings-Logo-1965.png"),IF(C7="CHI",IMAGE("https://logos-world.net/wp-content/uploads/2020/05/Chicago-Bears-logo.png"),IF(C7="TB",IMAGE("https://logodownload.org/wp-content/uploads/2020/09/tampa-bay-buccaneers-logo.png"),IF(C7="NO",IMAGE("https://1000logos.net/wp-content/uploads/2017/04/New-Orleans-Saints-Logo.png"),IF(C7="ATL",IMAGE("https://logodownload.org/wp-content/uploads/2020/07/atlanta-falcons-logo-0.png"),IF(C7="CAR",IMAGE("https://logos-download.com/wp-content/uploads/2018/02/Carolina_Panthers_logo_blue.png"),"")))))))))))))))))))))))))))))))) | E7: 24 | F7: 31 | G7: FALSE | H7: Week 6 | K7: 12 - 5 | M7: 11 - 6
A8: Sun 9/13 @ 12:00pm | B8: BAL @ IND | C8: BAL | D8: =IF(C8="KC",IMAGE("https://logodownload.org/wp-content/uploads/2020/09/kansas-city-chiefs-logo.png"),IF(C8="LV",IMAGE("https://logodownload.org/wp-content/uploads/2020/09/las-vegas-raiders-logo-1-564x599.png"),IF(C8="DEN",IMAGE("https://logodownload.org/wp-content/uploads/2020/07/denver-broncos-logo-0.png"),IF(C8="LAC",IMAGE("https://logosmarcas.net/wp-content/uploads/2020/07/Los-Angeles-Chargers-logo.png"),IF(C8="BUF",IMAGE("https://logos-download.com/wp-content/uploads/2018/03/Buffalo_Bills_logo_blue.png"),IF(C8="MIA",IMAGE("https://logos-world.net/wp-content/uploads/2020/05/Miami-Dolphins-Logo.png"),IF(C8="NYJ",IMAGE("https://logos-world.net/wp-content/uploads/2020/07/New-York-Jets-Logo.png"),IF(C8="NE",IMAGE("https://purepng.com/public/uploads/large/new-england-patriots-logo-symbol-ucp.png"),IF(C8="BAL",IMAGE("https://1000logos.net/wp-content/uploads/2016/10/Baltimore-Ravens-Logo.png"),IF(C8="CLE",IMAGE("https://logos-world.net/wp-content/uploads/2020/05/Cleveland-Browns-Logo-2006-2014.png"),IF(C8="PIT",IMAGE("https://1000logos.net/wp-content/uploads/2017/06/Pittsburgh-Steelers-Logo.png"),IF(C8="CIN",IMAGE("https://logos-world.net/wp-content/uploads/2020/05/Cincinnati-Bengals-Logo.png"),IF(C8="HOU",IMAGE("https://cdn.wallpapersafari.com/15/25/Jnl2Yc.png"),IF(C8="JAX",IMAGE("https://1000logos.net/wp-content/uploads/2018/07/Jacksonville-Jaguars-Logo-1536x960.png"),IF(C8="IND",IMAGE("https://1000logos.net/wp-content/uploads/2016/12/Indianapolis-Colts-Logo-2048x1280.png"),IF(C8="TEN",IMAGE("https://img-s-msn-com.akamaized.net/tenant/amp/entityid/AA1YwbtK.img?w=720&h=720&m=6"),IF(C8="SF",IMAGE("https://logodownload.org/wp-content/uploads/2020/09/san-francisco-49ers-logo-2048x1220.png"),IF(C8="LAR",IMAGE("https://1000logos.net/wp-content/uploads/2018/07/Rams-Logo.png"),IF(C8="SEA",IMAGE("https://cdn.freebiesupply.com/images/large/2x/seattle-seahawks-logo-transparent.png"),IF(C8="AZ",IMAGE("https://logos-world.net/wp-content/uploads/2020/05/Arizona-Cardinals-Logo.png"),IF(C8="DAL",IMAGE("https://www.freepnglogos.com/uploads/dallas-cowboys-logo-22.png"),IF(C8="PHI",IMAGE("https://1000logos.net/wp-content/uploads/2017/05/Philadelphia-Eagles-Logo.png"),IF(C8="NYG",IMAGE("https://logosmarcas.net/wp-content/uploads/2020/07/New-York-Giants-Logo.png"),IF(C8="WSH",IMAGE("https://logodownload.org/wp-content/uploads/2020/09/washington-commanders-logo.png"),IF(C8="DET",IMAGE("https://logos-world.net/wp-content/uploads/2020/05/Detroit-Lions-Logo-2017-Present.png"),IF(C8="GB",IMAGE("https://logodownload.org/wp-content/uploads/2020/07/green-bay-packers-logo-1.png"),IF(C8="MIN",IMAGE("https://1000logos.net/wp-content/uploads/2017/06/Minnesota-Vikings-Logo-1965.png"),IF(C8="CHI",IMAGE("https://logos-world.net/wp-content/uploads/2020/05/Chicago-Bears-logo.png"),IF(C8="TB",IMAGE("https://logodownload.org/wp-content/uploads/2020/09/tampa-bay-buccaneers-logo.png"),IF(C8="NO",IMAGE("https://1000logos.net/wp-content/uploads/2017/04/New-Orleans-Saints-Logo.png"),IF(C8="ATL",IMAGE("https://logodownload.org/wp-content/uploads/2020/07/atlanta-falcons-logo-0.png"),IF(C8="CAR",IMAGE("https://logos-download.com/wp-content/uploads/2018/02/Carolina_Panthers_logo_blue.png"),"")))))))))))))))))))))))))))))))) | E8: 20 | F8: 14 | G8: FALSE | H8: Week 7 | K8: 3 - 14 | M8: 13 - 4
A9: Sun 9/13 @ 12:00pm | B9: ATL @ PIT | C9: PIT | D9: =IF(C9="KC",IMAGE("https://logodownload.org/wp-content/uploads/2020/09/kansas-city-chiefs-logo.png"),IF(C9="LV",IMAGE("https://logodownload.org/wp-content/uploads/2020/09/las-vegas-raiders-logo-1-564x599.png"),IF(C9="DEN",IMAGE("https://logodownload.org/wp-content/uploads/2020/07/denver-broncos-logo-0.png"),IF(C9="LAC",IMAGE("https://logosmarcas.net/wp-content/uploads/2020/07/Los-Angeles-Chargers-logo.png"),IF(C9="BUF",IMAGE("https://logos-download.com/wp-content/uploads/2018/03/Buffalo_Bills_logo_blue.png"),IF(C9="MIA",IMAGE("https://logos-world.net/wp-content/uploads/2020/05/Miami-Dolphins-Logo.png"),IF(C9="NYJ",IMAGE("https://logos-world.net/wp-content/uploads/2020/07/New-York-Jets-Logo.png"),IF(C9="NE",IMAGE("https://purepng.com/public/uploads/large/new-england-patriots-logo-symbol-ucp.png"),IF(C9="BAL",IMAGE("https://1000logos.net/wp-content/uploads/2016/10/Baltimore-Ravens-Logo.png"),IF(C9="CLE",IMAGE("https://logos-world.net/wp-content/uploads/2020/05/Cleveland-Browns-Logo-2006-2014.png"),IF(C9="PIT",IMAGE("https://1000logos.net/wp-content/uploads/2017/06/Pittsburgh-Steelers-Logo.png"),IF(C9="CIN",IMAGE("https://logos-world.net/wp-content/uploads/2020/05/Cincinnati-Bengals-Logo.png"),IF(C9="HOU",IMAGE("https://cdn.wallpapersafari.com/15/25/Jnl2Yc.png"),IF(C9="JAX",IMAGE("https://1000logos.net/wp-content/uploads/2018/07/Jacksonville-Jaguars-Logo-1536x960.png"),IF(C9="IND",IMAGE("https://1000logos.net/wp-content/uploads/2016/12/Indianapolis-Colts-Logo-2048x1280.png"),IF(C9="TEN",IMAGE("https://img-s-msn-com.akamaized.net/tenant/amp/entityid/AA1YwbtK.img?w=720&h=720&m=6"),IF(C9="SF",IMAGE("https://logodownload.org/wp-content/uploads/2020/09/san-francisco-49ers-logo-2048x1220.png"),IF(C9="LAR",IMAGE("https://1000logos.net/wp-content/uploads/2018/07/Rams-Logo.png"),IF(C9="SEA",IMAGE("https://cdn.freebiesupply.com/images/large/2x/seattle-seahawks-logo-transparent.png"),IF(C9="AZ",IMAGE("https://logos-world.net/wp-content/uploads/2020/05/Arizona-Cardinals-Logo.png"),IF(C9="DAL",IMAGE("https://www.freepnglogos.com/uploads/dallas-cowboys-logo-22.png"),IF(C9="PHI",IMAGE("https://1000logos.net/wp-content/uploads/2017/05/Philadelphia-Eagles-Logo.png"),IF(C9="NYG",IMAGE("https://logosmarcas.net/wp-content/uploads/2020/07/New-York-Giants-Logo.png"),IF(C9="WSH",IMAGE("https://logodownload.org/wp-content/uploads/2020/09/washington-commanders-logo.png"),IF(C9="DET",IMAGE("https://logos-world.net/wp-content/uploads/2020/05/Detroit-Lions-Logo-2017-Present.png"),IF(C9="GB",IMAGE("https://logodownload.org/wp-content/uploads/2020/07/green-bay-packers-logo-1.png"),IF(C9="MIN",IMAGE("https://1000logos.net/wp-content/uploads/2017/06/Minnesota-Vikings-Logo-1965.png"),IF(C9="CHI",IMAGE("https://logos-world.net/wp-content/uploads/2020/05/Chicago-Bears-logo.png"),IF(C9="TB",IMAGE("https://logodownload.org/wp-content/uploads/2020/09/tampa-bay-buccaneers-logo.png"),IF(C9="NO",IMAGE("https://1000logos.net/wp-content/uploads/2017/04/New-Orleans-Saints-Logo.png"),IF(C9="ATL",IMAGE("https://logodownload.org/wp-content/uploads/2020/07/atlanta-falcons-logo-0.png"),IF(C9="CAR",IMAGE("https://logos-download.com/wp-content/uploads/2018/02/Carolina_Panthers_logo_blue.png"),"")))))))))))))))))))))))))))))))) | E9: 17 | F9: 21 | G9: FALSE | H9: Week 8 | K9: 4 - 13 | M9: 4 - 13
A10: Sun 9/13 @ 12:00pm | B10: CHI @ CAR | C10: CHI | D10: =IF(C10="KC",IMAGE("https://logodownload.org/wp-content/uploads/2020/09/kansas-city-chiefs-logo.png"),IF(C10="LV",IMAGE("https://logodownload.org/wp-content/uploads/2020/09/las-vegas-raiders-logo-1-564x599.png"),IF(C10="DEN",IMAGE("https://logodownload.org/wp-content/uploads/2020/07/denver-broncos-logo-0.png"),IF(C10="LAC",IMAGE("https://logosmarcas.net/wp-content/uploads/2020/07/Los-Angeles-Chargers-logo.png"),IF(C10="BUF",IMAGE("https://logos-download.com/wp-content/uploads/2018/03/Buffalo_Bills_logo_blue.png"),IF(C10="MIA",IMAGE("https://logos-world.net/wp-content/uploads/2020/05/Miami-Dolphins-Logo.png"),IF(C10="NYJ",IMAGE("https://logos-world.net/wp-content/uploads/2020/07/New-York-Jets-Logo.png"),IF(C10="NE",IMAGE("https://purepng.com/public/uploads/large/new-england-patriots-logo-symbol-ucp.png"),IF(C10="BAL",IMAGE("https://1000logos.net/wp-content/uploads/2016/10/Baltimore-Ravens-Logo.png"),IF(C10="CLE",IMAGE("https://logos-world.net/wp-content/uploads/2020/05/Cleveland-Browns-Logo-2006-2014.png"),IF(C10="PIT",IMAGE("https://1000logos.net/wp-content/uploads/2017/06/Pittsburgh-Steelers-Logo.png"),IF(C10="CIN",IMAGE("https://logos-world.net/wp-content/uploads/2020/05/Cincinnati-Bengals-Logo.png"),IF(C10="HOU",IMAGE("https://cdn.wallpapersafari.com/15/25/Jnl2Yc.png"),IF(C10="JAX",IMAGE("https://1000logos.net/wp-content/uploads/2018/07/Jacksonville-Jaguars-Logo-1536x960.png"),IF(C10="IND",IMAGE("https://1000logos.net/wp-content/uploads/2016/12/Indianapolis-Colts-Logo-2048x1280.png"),IF(C10="TEN",IMAGE("https://img-s-msn-com.akamaized.net/tenant/amp/entityid/AA1YwbtK.img?w=720&h=720&m=6"),IF(C10="SF",IMAGE("https://logodownload.org/wp-content/uploads/2020/09/san-francisco-49ers-logo-2048x1220.png"),IF(C10="LAR",IMAGE("https://1000logos.net/wp-content/uploads/2018/07/Rams-Logo.png"),IF(C10="SEA",IMAGE("https://cdn.freebiesupply.com/images/large/2x/seattle-seahawks-logo-transparent.png"),IF(C10="AZ",IMAGE("https://logos-world.net/wp-content/uploads/2020/05/Arizona-Cardinals-Logo.png"),IF(C10="DAL",IMAGE("https://www.freepnglogos.com/uploads/dallas-cowboys-logo-22.png"),IF(C10="PHI",IMAGE("https://1000logos.net/wp-content/uploads/2017/05/Philadelphia-Eagles-Logo.png"),IF(C10="NYG",IMAGE("https://logosmarcas.net/wp-content/uploads/2020/07/New-York-Giants-Logo.png"),IF(C10="WSH",IMAGE("https://logodownload.org/wp-content/uploads/2020/09/washington-commanders-logo.png"),IF(C10="DET",IMAGE("https://logos-world.net/wp-content/uploads/2020/05/Detroit-Lions-Logo-2017-Present.png"),IF(C10="GB",IMAGE("https://logodownload.org/wp-content/uploads/2020/07/green-bay-packers-logo-1.png"),IF(C10="MIN",IMAGE("https://1000logos.net/wp-content/uploads/2017/06/Minnesota-Vikings-Logo-1965.png"),IF(C10="CHI",IMAGE("https://logos-world.net/wp-content/uploads/2020/05/Chicago-Bears-logo.png"),IF(C10="TB",IMAGE("https://logodownload.org/wp-content/uploads/2020/09/tampa-bay-buccaneers-logo.png"),IF(C10="NO",IMAGE("https://1000logos.net/wp-content/uploads/2017/04/New-Orleans-Saints-Logo.png"),IF(C10="ATL",IMAGE("https://logodownload.org/wp-content/uploads/2020/07/atlanta-falcons-logo-0.png"),IF(C10="CAR",IMAGE("https://logos-download.com/wp-content/uploads/2018/02/Carolina_Panthers_logo_blue.png"),"")))))))))))))))))))))))))))))))) | E10: 20 | F10: 13 | G10: FALSE | H10: Week 9 | K10: 13 - 4 | M10: 6 - 11
A11: Sun 9/13 @ 12:00pm | B11: CLE @ JAX | C11: JAX | D11: =IF(C11="KC",IMAGE("https://logodownload.org/wp-content/uploads/2020/09/kansas-city-chiefs-logo.png"),IF(C11="LV",IMAGE("https://logodownload.org/wp-content/uploads/2020/09/las-vegas-raiders-logo-1-564x599.png"),IF(C11="DEN",IMAGE("https://logodownload.org/wp-content/uploads/2020/07/denver-broncos-logo-0.png"),IF(C11="LAC",IMAGE("https://logosmarcas.net/wp-content/uploads/2020/07/Los-Angeles-Chargers-logo.png"),IF(C11="BUF",IMAGE("https://logos-download.com/wp-content/uploads/2018/03/Buffalo_Bills_logo_blue.png"),IF(C11="MIA",IMAGE("https://logos-world.net/wp-content/uploads/2020/05/Miami-Dolphins-Logo.png"),IF(C11="NYJ",IMAGE("https://logos-world.net/wp-content/uploads/2020/07/New-York-Jets-Logo.png"),IF(C11="NE",IMAGE("https://purepng.com/public/uploads/large/new-england-patriots-logo-symbol-ucp.png"),IF(C11="BAL",IMAGE("https://1000logos.net/wp-content/uploads/2016/10/Baltimore-Ravens-Logo.png"),IF(C11="CLE",IMAGE("https://logos-world.net/wp-content/uploads/2020/05/Cleveland-Browns-Logo-2006-2014.png"),IF(C11="PIT",IMAGE("https://1000logos.net/wp-content/uploads/2017/06/Pittsburgh-Steelers-Logo.png"),IF(C11="CIN",IMAGE("https://logos-world.net/wp-content/uploads/2020/05/Cincinnati-Bengals-Logo.png"),IF(C11="HOU",IMAGE("https://cdn.wallpapersafari.com/15/25/Jnl2Yc.png"),IF(C11="JAX",IMAGE("https://1000logos.net/wp-content/uploads/2018/07/Jacksonville-Jaguars-Logo-1536x960.png"),IF(C11="IND",IMAGE("https://1000logos.net/wp-content/uploads/2016/12/Indianapolis-Colts-Logo-2048x1280.png"),IF(C11="TEN",IMAGE("https://img-s-msn-com.akamaized.net/tenant/amp/entityid/AA1YwbtK.img?w=720&h=720&m=6"),IF(C11="SF",IMAGE("https://logodownload.org/wp-content/uploads/2020/09/san-francisco-49ers-logo-2048x1220.png"),IF(C11="LAR",IMAGE("https://1000logos.net/wp-content/uploads/2018/07/Rams-Logo.png"),IF(C11="SEA",IMAGE("https://cdn.freebiesupply.com/images/large/2x/seattle-seahawks-logo-transparent.png"),IF(C11="AZ",IMAGE("https://logos-world.net/wp-content/uploads/2020/05/Arizona-Cardinals-Logo.png"),IF(C11="DAL",IMAGE("https://www.freepnglogos.com/uploads/dallas-cowboys-logo-22.png"),IF(C11="PHI",IMAGE("https://1000logos.net/wp-content/uploads/2017/05/Philadelphia-Eagles-Logo.png"),IF(C11="NYG",IMAGE("https://logosmarcas.net/wp-content/uploads/2020/07/New-York-Giants-Logo.png"),IF(C11="WSH",IMAGE("https://logodownload.org/wp-content/uploads/2020/09/washington-commanders-logo.png"),IF(C11="DET",IMAGE("https://logos-world.net/wp-content/uploads/2020/05/Detroit-Lions-Logo-2017-Present.png"),IF(C11="GB",IMAGE("https://logodownload.org/wp-content/uploads/2020/07/green-bay-packers-logo-1.png"),IF(C11="MIN",IMAGE("https://1000logos.net/wp-content/uploads/2017/06/Minnesota-Vikings-Logo-1965.png"),IF(C11="CHI",IMAGE("https://logos-world.net/wp-content/uploads/2020/05/Chicago-Bears-logo.png"),IF(C11="TB",IMAGE("https://logodownload.org/wp-content/uploads/2020/09/tampa-bay-buccaneers-logo.png"),IF(C11="NO",IMAGE("https://1000logos.net/wp-content/uploads/2017/04/New-Orleans-Saints-Logo.png"),IF(C11="ATL",IMAGE("https://logodownload.org/wp-content/uploads/2020/07/atlanta-falcons-logo-0.png"),IF(C11="CAR",IMAGE("https://logos-download.com/wp-content/uploads/2018/02/Carolina_Panthers_logo_blue.png"),"")))))))))))))))))))))))))))))))) | E11: 17 | F11: 21 | G11: FALSE | H11: Week 10 | K11: 11 - 6 | M11: 11 - 6
A12: Sun 9/13 @ 12:00pm | B12: BUF @ HOU | C12: BUF | D12: =IF(C12="KC",IMAGE("https://logodownload.org/wp-content/uploads/2020/09/kansas-city-chiefs-logo.png"),IF(C12="LV",IMAGE("https://logodownload.org/wp-content/uploads/2020/09/las-vegas-raiders-logo-1-564x599.png"),IF(C12="DEN",IMAGE("https://logodownload.org/wp-content/uploads/2020/07/denver-broncos-logo-0.png"),IF(C12="LAC",IMAGE("https://logosmarcas.net/wp-content/uploads/2020/07/Los-Angeles-Chargers-logo.png"),IF(C12="BUF",IMAGE("https://logos-download.com/wp-content/uploads/2018/03/Buffalo_Bills_logo_blue.png"),IF(C12="MIA",IMAGE("https://logos-world.net/wp-content/uploads/2020/05/Miami-Dolphins-Logo.png"),IF(C12="NYJ",IMAGE("https://logos-world.net/wp-content/uploads/2020/07/New-York-Jets-Logo.png"),IF(C12="NE",IMAGE("https://purepng.com/public/uploads/large/new-england-patriots-logo-symbol-ucp.png"),IF(C12="BAL",IMAGE("https://1000logos.net/wp-content/uploads/2016/10/Baltimore-Ravens-Logo.png"),IF(C12="CLE",IMAGE("https://logos-world.net/wp-content/uploads/2020/05/Cleveland-Browns-Logo-2006-2014.png"),IF(C12="PIT",IMAGE("https://1000logos.net/wp-content/uploads/2017/06/Pittsburgh-Steelers-Logo.png"),IF(C12="CIN",IMAGE("https://logos-world.net/wp-content/uploads/2020/05/Cincinnati-Bengals-Logo.png"),IF(C12="HOU",IMAGE("https://cdn.wallpapersafari.com/15/25/Jnl2Yc.png"),IF(C12="JAX",IMAGE("https://1000logos.net/wp-content/uploads/2018/07/Jacksonville-Jaguars-Logo-1536x960.png"),IF(C12="IND",IMAGE("https://1000logos.net/wp-content/uploads/2016/12/Indianapolis-Colts-Logo-2048x1280.png"),IF(C12="TEN",IMAGE("https://img-s-msn-com.akamaized.net/tenant/amp/entityid/AA1YwbtK.img?w=720&h=720&m=6"),IF(C12="SF",IMAGE("https://logodownload.org/wp-content/uploads/2020/09/san-francisco-49ers-logo-2048x1220.png"),IF(C12="LAR",IMAGE("https://1000logos.net/wp-content/uploads/2018/07/Rams-Logo.png"),IF(C12="SEA",IMAGE("https://cdn.freebiesupply.com/images/large/2x/seattle-seahawks-logo-transparent.png"),IF(C12="AZ",IMAGE("https://logos-world.net/wp-content/uploads/2020/05/Arizona-Cardinals-Logo.png"),IF(C12="DAL",IMAGE("https://www.freepnglogos.com/uploads/dallas-cowboys-logo-22.png"),IF(C12="PHI",IMAGE("https://1000logos.net/wp-content/uploads/2017/05/Philadelphia-Eagles-Logo.png"),IF(C12="NYG",IMAGE("https://logosmarcas.net/wp-content/uploads/2020/07/New-York-Giants-Logo.png"),IF(C12="WSH",IMAGE("https://logodownload.org/wp-content/uploads/2020/09/washington-commanders-logo.png"),IF(C12="DET",IMAGE("https://logos-world.net/wp-content/uploads/2020/05/Detroit-Lions-Logo-2017-Present.png"),IF(C12="GB",IMAGE("https://logodownload.org/wp-content/uploads/2020/07/green-bay-packers-logo-1.png"),IF(C12="MIN",IMAGE("https://1000logos.net/wp-content/uploads/2017/06/Minnesota-Vikings-Logo-1965.png"),IF(C12="CHI",IMAGE("https://logos-world.net/wp-content/uploads/2020/05/Chicago-Bears-logo.png"),IF(C12="TB",IMAGE("https://logodownload.org/wp-content/uploads/2020/09/tampa-bay-buccaneers-logo.png"),IF(C12="NO",IMAGE("https://1000logos.net/wp-content/uploads/2017/04/New-Orleans-Saints-Logo.png"),IF(C12="ATL",IMAGE("https://logodownload.org/wp-content/uploads/2020/07/atlanta-falcons-logo-0.png"),IF(C12="CAR",IMAGE("https://logos-download.com/wp-content/uploads/2018/02/Carolina_Panthers_logo_blue.png"),"")))))))))))))))))))))))))))))))) | E12: 17 | F12: 14 | G12: FALSE | H12: Week 11 | K12: 4 - 13 | M12: 9 - 8
A13: Sun 9/13 @ 3:25pm | B13: MIA @ LV | C13: LV | D13: =IF(C13="KC",IMAGE("https://logodownload.org/wp-content/uploads/2020/09/kansas-city-chiefs-logo.png"),IF(C13="LV",IMAGE("https://logodownload.org/wp-content/uploads/2020/09/las-vegas-raiders-logo-1-564x599.png"),IF(C13="DEN",IMAGE("https://logodownload.org/wp-content/uploads/2020/07/denver-broncos-logo-0.png"),IF(C13="LAC",IMAGE("https://logosmarcas.net/wp-content/uploads/2020/07/Los-Angeles-Chargers-logo.png"),IF(C13="BUF",IMAGE("https://logos-download.com/wp-content/uploads/2018/03/Buffalo_Bills_logo_blue.png"),IF(C13="MIA",IMAGE("https://logos-world.net/wp-content/uploads/2020/05/Miami-Dolphins-Logo.png"),IF(C13="NYJ",IMAGE("https://logos-world.net/wp-content/uploads/2020/07/New-York-Jets-Logo.png"),IF(C13="NE",IMAGE("https://purepng.com/public/uploads/large/new-england-patriots-logo-symbol-ucp.png"),IF(C13="BAL",IMAGE("https://1000logos.net/wp-content/uploads/2016/10/Baltimore-Ravens-Logo.png"),IF(C13="CLE",IMAGE("https://logos-world.net/wp-content/uploads/2020/05/Cleveland-Browns-Logo-2006-2014.png"),IF(C13="PIT",IMAGE("https://1000logos.net/wp-content/uploads/2017/06/Pittsburgh-Steelers-Logo.png"),IF(C13="CIN",IMAGE("https://logos-world.net/wp-content/uploads/2020/05/Cincinnati-Bengals-Logo.png"),IF(C13="HOU",IMAGE("https://cdn.wallpapersafari.com/15/25/Jnl2Yc.png"),IF(C13="JAX",IMAGE("https://1000logos.net/wp-content/uploads/2018/07/Jacksonville-Jaguars-Logo-1536x960.png"),IF(C13="IND",IMAGE("https://1000logos.net/wp-content/uploads/2016/12/Indianapolis-Colts-Logo-2048x1280.png"),IF(C13="TEN",IMAGE("https://img-s-msn-com.akamaized.net/tenant/amp/entityid/AA1YwbtK.img?w=720&h=720&m=6"),IF(C13="SF",IMAGE("https://logodownload.org/wp-content/uploads/2020/09/san-francisco-49ers-logo-2048x1220.png"),IF(C13="LAR",IMAGE("https://1000logos.net/wp-content/uploads/2018/07/Rams-Logo.png"),IF(C13="SEA",IMAGE("https://cdn.freebiesupply.com/images/large/2x/seattle-seahawks-logo-transparent.png"),IF(C13="AZ",IMAGE("https://logos-world.net/wp-content/uploads/2020/05/Arizona-Cardinals-Logo.png"),IF(C13="DAL",IMAGE("https://www.freepnglogos.com/uploads/dallas-cowboys-logo-22.png"),IF(C13="PHI",IMAGE("https://1000logos.net/wp-content/uploads/2017/05/Philadelphia-Eagles-Logo.png"),IF(C13="NYG",IMAGE("https://logosmarcas.net/wp-content/uploads/2020/07/New-York-Giants-Logo.png"),IF(C13="WSH",IMAGE("https://logodownload.org/wp-content/uploads/2020/09/washington-commanders-logo.png"),IF(C13="DET",IMAGE("https://logos-world.net/wp-content/uploads/2020/05/Detroit-Lions-Logo-2017-Present.png"),IF(C13="GB",IMAGE("https://logodownload.org/wp-content/uploads/2020/07/green-bay-packers-logo-1.png"),IF(C13="MIN",IMAGE("https://1000logos.net/wp-content/uploads/2017/06/Minnesota-Vikings-Logo-1965.png"),IF(C13="CHI",IMAGE("https://logos-world.net/wp-content/uploads/2020/05/Chicago-Bears-logo.png"),IF(C13="TB",IMAGE("https://logodownload.org/wp-content/uploads/2020/09/tampa-bay-buccaneers-logo.png"),IF(C13="NO",IMAGE("https://1000logos.net/wp-content/uploads/2017/04/New-Orleans-Saints-Logo.png"),IF(C13="ATL",IMAGE("https://logodownload.org/wp-content/uploads/2020/07/atlanta-falcons-logo-0.png"),IF(C13="CAR",IMAGE("https://logos-download.com/wp-content/uploads/2018/02/Carolina_Panthers_logo_blue.png"),"")))))))))))))))))))))))))))))))) | E13: 17 | F13: 21 | G13: FALSE | H13: Week 12 | K13: 7 - 10 | M13: 8 - 9
A14: Sun 9/13 @ 3:25pm | B14: GB @ MIN | C14: MIN | D14: =IF(C14="KC",IMAGE("https://logodownload.org/wp-content/uploads/2020/09/kansas-city-chiefs-logo.png"),IF(C14="LV",IMAGE("https://logodownload.org/wp-content/uploads/2020/09/las-vegas-raiders-logo-1-564x599.png"),IF(C14="DEN",IMAGE("https://logodownload.org/wp-content/uploads/2020/07/denver-broncos-logo-0.png"),IF(C14="LAC",IMAGE("https://logosmarcas.net/wp-content/uploads/2020/07/Los-Angeles-Chargers-logo.png"),IF(C14="BUF",IMAGE("https://logos-download.com/wp-content/uploads/2018/03/Buffalo_Bills_logo_blue.png"),IF(C14="MIA",IMAGE("https://logos-world.net/wp-content/uploads/2020/05/Miami-Dolphins-Logo.png"),IF(C14="NYJ",IMAGE("https://logos-world.net/wp-content/uploads/2020/07/New-York-Jets-Logo.png"),IF(C14="NE",IMAGE("https://purepng.com/public/uploads/large/new-england-patriots-logo-symbol-ucp.png"),IF(C14="BAL",IMAGE("https://1000logos.net/wp-content/uploads/2016/10/Baltimore-Ravens-Logo.png"),IF(C14="CLE",IMAGE("https://logos-world.net/wp-content/uploads/2020/05/Cleveland-Browns-Logo-2006-2014.png"),IF(C14="PIT",IMAGE("https://1000logos.net/wp-content/uploads/2017/06/Pittsburgh-Steelers-Logo.png"),IF(C14="CIN",IMAGE("https://logos-world.net/wp-content/uploads/2020/05/Cincinnati-Bengals-Logo.png"),IF(C14="HOU",IMAGE("https://cdn.wallpapersafari.com/15/25/Jnl2Yc.png"),IF(C14="JAX",IMAGE("https://1000logos.net/wp-content/uploads/2018/07/Jacksonville-Jaguars-Logo-1536x960.png"),IF(C14="IND",IMAGE("https://1000logos.net/wp-content/uploads/2016/12/Indianapolis-Colts-Logo-2048x1280.png"),IF(C14="TEN",IMAGE("https://img-s-msn-com.akamaized.net/tenant/amp/entityid/AA1YwbtK.img?w=720&h=720&m=6"),IF(C14="SF",IMAGE("https://logodownload.org/wp-content/uploads/2020/09/san-francisco-49ers-logo-2048x1220.png"),IF(C14="LAR",IMAGE("https://1000logos.net/wp-content/uploads/2018/07/Rams-Logo.png"),IF(C14="SEA",IMAGE("https://cdn.freebiesupply.com/images/large/2x/seattle-seahawks-logo-transparent.png"),IF(C14="AZ",IMAGE("https://logos-world.net/wp-content/uploads/2020/05/Arizona-Cardinals-Logo.png"),IF(C14="DAL",IMAGE("https://www.freepnglogos.com/uploads/dallas-cowboys-logo-22.png"),IF(C14="PHI",IMAGE("https://1000logos.net/wp-content/uploads/2017/05/Philadelphia-Eagles-Logo.png"),IF(C14="NYG",IMAGE("https://logosmarcas.net/wp-content/uploads/2020/07/New-York-Giants-Logo.png"),IF(C14="WSH",IMAGE("https://logodownload.org/wp-content/uploads/2020/09/washington-commanders-logo.png"),IF(C14="DET",IMAGE("https://logos-world.net/wp-content/uploads/2020/05/Detroit-Lions-Logo-2017-Present.png"),IF(C14="GB",IMAGE("https://logodownload.org/wp-content/uploads/2020/07/green-bay-packers-logo-1.png"),IF(C14="MIN",IMAGE("https://1000logos.net/wp-content/uploads/2017/06/Minnesota-Vikings-Logo-1965.png"),IF(C14="CHI",IMAGE("https://logos-world.net/wp-content/uploads/2020/05/Chicago-Bears-logo.png"),IF(C14="TB",IMAGE("https://logodownload.org/wp-content/uploads/2020/09/tampa-bay-buccaneers-logo.png"),IF(C14="NO",IMAGE("https://1000logos.net/wp-content/uploads/2017/04/New-Orleans-Saints-Logo.png"),IF(C14="ATL",IMAGE("https://logodownload.org/wp-content/uploads/2020/07/atlanta-falcons-logo-0.png"),IF(C14="CAR",IMAGE("https://logos-download.com/wp-content/uploads/2018/02/Carolina_Panthers_logo_blue.png"),"")))))))))))))))))))))))))))))))) | E14: 14 | F14: 20 | G14: FALSE | H14: Week 13 | K14: 10 - 7 | M14: 10 - 7
A15: Sun 9/13 @ 3:25pm | B15: WSH @ PHI | C15: PHI | D15: =IF(C15="KC",IMAGE("https://logodownload.org/wp-content/uploads/2020/09/kansas-city-chiefs-logo.png"),IF(C15="LV",IMAGE("https://logodownload.org/wp-content/uploads/2020/09/las-vegas-raiders-logo-1-564x599.png"),IF(C15="DEN",IMAGE("https://logodownload.org/wp-content/uploads/2020/07/denver-broncos-logo-0.png"),IF(C15="LAC",IMAGE("https://logosmarcas.net/wp-content/uploads/2020/07/Los-Angeles-Chargers-logo.png"),IF(C15="BUF",IMAGE("https://logos-download.com/wp-content/uploads/2018/03/Buffalo_Bills_logo_blue.png"),IF(C15="MIA",IMAGE("https://logos-world.net/wp-content/uploads/2020/05/Miami-Dolphins-Logo.png"),IF(C15="NYJ",IMAGE("https://logos-world.net/wp-content/uploads/2020/07/New-York-Jets-Logo.png"),IF(C15="NE",IMAGE("https://purepng.com/public/uploads/large/new-england-patriots-logo-symbol-ucp.png"),IF(C15="BAL",IMAGE("https://1000logos.net/wp-content/uploads/2016/10/Baltimore-Ravens-Logo.png"),IF(C15="CLE",IMAGE("https://logos-world.net/wp-content/uploads/2020/05/Cleveland-Browns-Logo-2006-2014.png"),IF(C15="PIT",IMAGE("https://1000logos.net/wp-content/uploads/2017/06/Pittsburgh-Steelers-Logo.png"),IF(C15="CIN",IMAGE("https://logos-world.net/wp-content/uploads/2020/05/Cincinnati-Bengals-Logo.png"),IF(C15="HOU",IMAGE("https://cdn.wallpapersafari.com/15/25/Jnl2Yc.png"),IF(C15="JAX",IMAGE("https://1000logos.net/wp-content/uploads/2018/07/Jacksonville-Jaguars-Logo-1536x960.png"),IF(C15="IND",IMAGE("https://1000logos.net/wp-content/uploads/2016/12/Indianapolis-Colts-Logo-2048x1280.png"),IF(C15="TEN",IMAGE("https://img-s-msn-com.akamaized.net/tenant/amp/entityid/AA1YwbtK.img?w=720&h=720&m=6"),IF(C15="SF",IMAGE("https://logodownload.org/wp-content/uploads/2020/09/san-francisco-49ers-logo-2048x1220.png"),IF(C15="LAR",IMAGE("https://1000logos.net/wp-content/uploads/2018/07/Rams-Logo.png"),IF(C15="SEA",IMAGE("https://cdn.freebiesupply.com/images/large/2x/seattle-seahawks-logo-transparent.png"),IF(C15="AZ",IMAGE("https://logos-world.net/wp-content/uploads/2020/05/Arizona-Cardinals-Logo.png"),IF(C15="DAL",IMAGE("https://www.freepnglogos.com/uploads/dallas-cowboys-logo-22.png"),IF(C15="PHI",IMAGE("https://1000logos.net/wp-content/uploads/2017/05/Philadelphia-Eagles-Logo.png"),IF(C15="NYG",IMAGE("https://logosmarcas.net/wp-content/uploads/2020/07/New-York-Giants-Logo.png"),IF(C15="WSH",IMAGE("https://logodownload.org/wp-content/uploads/2020/09/washington-commanders-logo.png"),IF(C15="DET",IMAGE("https://logos-world.net/wp-content/uploads/2020/05/Detroit-Lions-Logo-2017-Present.png"),IF(C15="GB",IMAGE("https://logodownload.org/wp-content/uploads/2020/07/green-bay-packers-logo-1.png"),IF(C15="MIN",IMAGE("https://1000logos.net/wp-content/uploads/2017/06/Minnesota-Vikings-Logo-1965.png"),IF(C15="CHI",IMAGE("https://logos-world.net/wp-content/uploads/2020/05/Chicago-Bears-logo.png"),IF(C15="TB",IMAGE("https://logodownload.org/wp-content/uploads/2020/09/tampa-bay-buccaneers-logo.png"),IF(C15="NO",IMAGE("https://1000logos.net/wp-content/uploads/2017/04/New-Orleans-Saints-Logo.png"),IF(C15="ATL",IMAGE("https://logodownload.org/wp-content/uploads/2020/07/atlanta-falcons-logo-0.png"),IF(C15="CAR",IMAGE("https://logos-download.com/wp-content/uploads/2018/02/Carolina_Panthers_logo_blue.png"),"")))))))))))))))))))))))))))))))) | E15: 20 | F15: 23 | G15: FALSE | H15: Week 14 | K15: 10 - 7 | M15: 8 - 9
... A18: Mon 9/14 @ 7:15pm (MNF) | B18: DEN @ KC | C18: DEN | D18: =IF(C18="KC",IMAGE("https://logodownload.org/wp-content/uploads/2020/09/kansas-city-chiefs-logo.png"),IF(C18="LV",IMAGE("https://logodownload.org/wp-content/uploads/2020/09/las-vegas-raiders-logo-1-564x599.png"),IF(C18="DEN",IMAGE("https://logodownload.org/wp-content/uploads/2020/07/denver-broncos-logo-0.png"),IF(C18="LAC",IMAGE("https://logosmarcas.net/wp-content/uploads/2020/07/Los-Angeles-Chargers-logo.png"),IF(C18="BUF",IMAGE("https://logos-download.com/wp-content/uploads/2018/03/Buffalo_Bills_logo_blue.png"),IF(C18="MIA",IMAGE("https://logos-world.net/wp-content/uploads/2020/05/Miami-Dolphins-Logo.png"),IF(C18="NYJ",IMAGE("https://logos-world.net/wp-content/uploads/2020/07/New-York-Jets-Logo.png"),IF(C18="NE",IMAGE("https://purepng.com/public/uploads/large/new-england-patriots-logo-symbol-ucp.png"),IF(C18="BAL",IMAGE("https://1000logos.net/wp-content/uploads/2016/10/Baltimore-Ravens-Logo.png"),IF(C18="CLE",IMAGE("https://logos-world.net/wp-content/uploads/2020/05/Cleveland-Browns-Logo-2006-2014.png"),IF(C18="PIT",IMAGE("https://1000logos.net/wp-content/uploads/2017/06/Pittsburgh-Steelers-Logo.png"),IF(C18="CIN",IMAGE("https://logos-world.net/wp-content/uploads/2020/05/Cincinnati-Bengals-Logo.png"),IF(C18="HOU",IMAGE("https://cdn.wallpapersafari.com/15/25/Jnl2Yc.png"),IF(C18="JAX",IMAGE("https://1000logos.net/wp-content/uploads/2018/07/Jacksonville-Jaguars-Logo-1536x960.png"),IF(C18="IND",IMAGE("https://1000logos.net/wp-content/uploads/2016/12/Indianapolis-Colts-Logo-2048x1280.png"),IF(C18="TEN",IMAGE("https://img-s-msn-com.akamaized.net/tenant/amp/entityid/AA1YwbtK.img?w=720&h=720&m=6"),IF(C18="SF",IMAGE("https://logodownload.org/wp-content/uploads/2020/09/san-francisco-49ers-logo-2048x1220.png"),IF(C18="LAR",IMAGE("https://1000logos.net/wp-content/uploads/2018/07/Rams-Logo.png"),IF(C18="SEA",IMAGE("https://cdn.freebiesupply.com/images/large/2x/seattle-seahawks-logo-transparent.png"),IF(C18="AZ",IMAGE("https://logos-world.net/wp-content/uploads/2020/05/Arizona-Cardinals-Logo.png"),IF(C18="DAL",IMAGE("https://www.freepnglogos.com/uploads/dallas-cowboys-logo-22.png"),IF(C18="PHI",IMAGE("https://1000logos.net/wp-content/uploads/2017/05/Philadelphia-Eagles-Logo.png"),IF(C18="NYG",IMAGE("https://logosmarcas.net/wp-content/uploads/2020/07/New-York-Giants-Logo.png"),IF(C18="WSH",IMAGE("https://logodownload.org/wp-content/uploads/2020/09/washington-commanders-logo.png"),IF(C18="DET",IMAGE("https://logos-world.net/wp-content/uploads/2020/05/Detroit-Lions-Logo-2017-Present.png"),IF(C18="GB",IMAGE("https://logodownload.org/wp-content/uploads/2020/07/green-bay-packers-logo-1.png"),IF(C18="MIN",IMAGE("https://1000logos.net/wp-content/uploads/2017/06/Minnesota-Vikings-Logo-1965.png"),IF(C18="CHI",IMAGE("https://logos-world.net/wp-content/uploads/2020/05/Chicago-Bears-logo.png"),IF(C18="TB",IMAGE("https://logodownload.org/wp-content/uploads/2020/09/tampa-bay-buccaneers-logo.png"),IF(C18="NO",IMAGE("https://1000logos.net/wp-content/uploads/2017/04/New-Orleans-Saints-Logo.png"),IF(C18="ATL",IMAGE("https://logodownload.org/wp-content/uploads/2020/07/atlanta-falcons-logo-0.png"),IF(C18="CAR",IMAGE("https://logos-download.com/wp-content/uploads/2018/02/Carolina_Panthers_logo_blue.png"),"")))))))))))))))))))))))))))))))) | E18: 17 | F18: 14 | G18: FALSE | H18: Week 17 | K18: 3 - 14 | M18: 4 - 13
H19: Week 18

Sheet Week 2
A1: 🔗 Quick Links: 📜 Rules | B1: 🏆 Standings | C1: 🏈 Playoffs | E1: 📊 More Stats | F1: ="Picks: "&COUNTA(C3:C31)&" / "&COUNTA(B3:B31) -> Picks: 16 / 16 | G1: ➡️ | H1: Randomizer | I1: ⬅️
A2: Date & Time (CT) | B2: Week 2 Matchup | C2: Winning Team | E2: Away Score | F2: Home Score | G2: 3x Multiplier | H2: Quick Links | J2: AFC Team | K2: AFC Record | L2: NFC Team | M2: NFC Record
A3: Thu 9/17 @ 7:15pm (TNF) | B3: DET @ BUF | C3: BUF | D3: =IF(C3="KC",IMAGE("https://logodownload.org/wp-content/uploads/2020/09/kansas-city-chiefs-logo.png"),IF(C3="LV",IMAGE("https://logodownload.org/wp-content/uploads/2020/09/las-vegas-raiders-logo-1-564x599.png"),IF(C3="DEN",IMAGE("https://logodownload.org/wp-content/uploads/2020/07/denver-broncos-logo-0.png"),IF(C3="LAC",IMAGE("https://logosmarcas.net/wp-content/uploads/2020/07/Los-Angeles-Chargers-logo.png"),IF(C3="BUF",IMAGE("https://logos-download.com/wp-content/uploads/2018/03/Buffalo_Bills_logo_blue.png"),IF(C3="MIA",IMAGE("https://logos-world.net/wp-content/uploads/2020/05/Miami-Dolphins-Logo.png"),IF(C3="NYJ",IMAGE("https://logos-world.net/wp-content/uploads/2020/07/New-York-Jets-Logo.png"),IF(C3="NE",IMAGE("https://purepng.com/public/uploads/large/new-england-patriots-logo-symbol-ucp.png"),IF(C3="BAL",IMAGE("https://1000logos.net/wp-content/uploads/2016/10/Baltimore-Ravens-Logo.png"),IF(C3="CLE",IMAGE("https://logos-world.net/wp-content/uploads/2020/05/Cleveland-Browns-Logo-2006-2014.png"),IF(C3="PIT",IMAGE("https://1000logos.net/wp-content/uploads/2017/06/Pittsburgh-Steelers-Logo.png"),IF(C3="CIN",IMAGE("https://logos-world.net/wp-content/uploads/2020/05/Cincinnati-Bengals-Logo.png"),IF(C3="HOU",IMAGE("https://cdn.wallpapersafari.com/15/25/Jnl2Yc.png"),IF(C3="JAX",IMAGE("https://1000logos.net/wp-content/uploads/2018/07/Jacksonville-Jaguars-Logo-1536x960.png"),IF(C3="IND",IMAGE("https://1000logos.net/wp-content/uploads/2016/12/Indianapolis-Colts-Logo-2048x1280.png"),IF(C3="TEN",IMAGE("https://img-s-msn-com.akamaized.net/tenant/amp/entityid/AA1YwbtK.img?w=720&h=720&m=6"),IF(C3="SF",IMAGE("https://logodownload.org/wp-content/uploads/2020/09/san-francisco-49ers-logo-2048x1220.png"),IF(C3="LAR",IMAGE("https://1000logos.net/wp-content/uploads/2018/07/Rams-Logo.png"),IF(C3="SEA",IMAGE("https://cdn.freebiesupply.com/images/large/2x/seattle-seahawks-logo-transparent.png"),IF(C3="AZ",IMAGE("https://logos-world.net/wp-content/uploads/2020/05/Arizona-Cardinals-Logo.png"),IF(C3="DAL",IMAGE("https://www.freepnglogos.com/uploads/dallas-cowboys-logo-22.png"),IF(C3="PHI",IMAGE("https://1000logos.net/wp-content/uploads/2017/05/Philadelphia-Eagles-Logo.png"),IF(C3="NYG",IMAGE("https://logosmarcas.net/wp-content/uploads/2020/07/New-York-Giants-Logo.png"),IF(C3="WSH",IMAGE("https://logodownload.org/wp-content/uploads/2020/09/washington-commanders-logo.png"),IF(C3="DET",IMAGE("https://logos-world.net/wp-content/uploads/2020/05/Detroit-Lions-Logo-2017-Present.png"),IF(C3="GB",IMAGE("https://logodownload.org/wp-content/uploads/2020/07/green-bay-packers-logo-1.png"),IF(C3="MIN",IMAGE("https://1000logos.net/wp-content/uploads/2017/06/Minnesota-Vikings-Logo-1965.png"),IF(C3="CHI",IMAGE("https://logos-world.net/wp-content/uploads/2020/05/Chicago-Bears-logo.png"),IF(C3="TB",IMAGE("https://logodownload.org/wp-content/uploads/2020/09/tampa-bay-buccaneers-logo.png"),IF(C3="NO",IMAGE("https://1000logos.net/wp-content/uploads/2017/04/New-Orleans-Saints-Logo.png"),IF(C3="ATL",IMAGE("https://logodownload.org/wp-content/uploads/2020/07/atlanta-falcons-logo-0.png"),IF(C3="CAR",IMAGE("https://logos-download.com/wp-content/uploads/2018/02/Carolina_Panthers_logo_blue.png"),"")))))))))))))))))))))))))))))))) | E3: 21 | F3: 28 | G3: FALSE | H3: Week 1 | J3: {={Standings!A2:A5, Standings!C2:C5; Standings!A8:A11, Standings!C8:C11; Standings!A14:A17, Standings!C14:C17; Standings!A20:A23, Standings!C20:C23}} | K3: 10 - 7 | L3: {={Standings!F2:F5, Standings!H2:H5; Standings!F8:F11, Standings!H8:H11; Standings!F14:F17, Standings!H14:H17; Standings!F20:F23, Standings!H20:H23}} | M3: 10 - 7
A4: Sun 9/20 @ 12:00pm | B4: CAR @ ATL | C4: ATL | D4: =IF(C4="KC",IMAGE("https://logodownload.org/wp-content/uploads/2020/09/kansas-city-chiefs-logo.png"),IF(C4="LV",IMAGE("https://logodownload.org/wp-content/uploads/2020/09/las-vegas-raiders-logo-1-564x599.png"),IF(C4="DEN",IMAGE("https://logodownload.org/wp-content/uploads/2020/07/denver-broncos-logo-0.png"),IF(C4="LAC",IMAGE("https://logosmarcas.net/wp-content/uploads/2020/07/Los-Angeles-Chargers-logo.png"),IF(C4="BUF",IMAGE("https://logos-download.com/wp-content/uploads/2018/03/Buffalo_Bills_logo_blue.png"),IF(C4="MIA",IMAGE("https://logos-world.net/wp-content/uploads/2020/05/Miami-Dolphins-Logo.png"),IF(C4="NYJ",IMAGE("https://logos-world.net/wp-content/uploads/2020/07/New-York-Jets-Logo.png"),IF(C4="NE",IMAGE("https://purepng.com/public/uploads/large/new-england-patriots-logo-symbol-ucp.png"),IF(C4="BAL",IMAGE("https://1000logos.net/wp-content/uploads/2016/10/Baltimore-Ravens-Logo.png"),IF(C4="CLE",IMAGE("https://logos-world.net/wp-content/uploads/2020/05/Cleveland-Browns-Logo-2006-2014.png"),IF(C4="PIT",IMAGE("https://1000logos.net/wp-content/uploads/2017/06/Pittsburgh-Steelers-Logo.png"),IF(C4="CIN",IMAGE("https://logos-world.net/wp-content/uploads/2020/05/Cincinnati-Bengals-Logo.png"),IF(C4="HOU",IMAGE("https://cdn.wallpapersafari.com/15/25/Jnl2Yc.png"),IF(C4="JAX",IMAGE("https://1000logos.net/wp-content/uploads/2018/07/Jacksonville-Jaguars-Logo-1536x960.png"),IF(C4="IND",IMAGE("https://1000logos.net/wp-content/uploads/2016/12/Indianapolis-Colts-Logo-2048x1280.png"),IF(C4="TEN",IMAGE("https://img-s-msn-com.akamaized.net/tenant/amp/entityid/AA1YwbtK.img?w=720&h=720&m=6"),IF(C4="SF",IMAGE("https://logodownload.org/wp-content/uploads/2020/09/san-francisco-49ers-logo-2048x1220.png"),IF(C4="LAR",IMAGE("https://1000logos.net/wp-content/uploads/2018/07/Rams-Logo.png"),IF(C4="SEA",IMAGE("https://cdn.freebiesupply.com/images/large/2x/seattle-seahawks-logo-transparent.png"),IF(C4="AZ",IMAGE("https://logos-world.net/wp-content/uploads/2020/05/Arizona-Cardinals-Logo.png"),IF(C4="DAL",IMAGE("https://www.freepnglogos.com/uploads/dallas-cowboys-logo-22.png"),IF(C4="PHI",IMAGE("https://1000logos.net/wp-content/uploads/2017/05/Philadelphia-Eagles-Logo.png"),IF(C4="NYG",IMAGE("https://logosmarcas.net/wp-content/uploads/2020/07/New-York-Giants-Logo.png"),IF(C4="WSH",IMAGE("https://logodownload.org/wp-content/uploads/2020/09/washington-commanders-logo.png"),IF(C4="DET",IMAGE("https://logos-world.net/wp-content/uploads/2020/05/Detroit-Lions-Logo-2017-Present.png"),IF(C4="GB",IMAGE("https://logodownload.org/wp-content/uploads/2020/07/green-bay-packers-logo-1.png"),IF(C4="MIN",IMAGE("https://1000logos.net/wp-content/uploads/2017/06/Minnesota-Vikings-Logo-1965.png"),IF(C4="CHI",IMAGE("https://logos-world.net/wp-content/uploads/2020/05/Chicago-Bears-logo.png"),IF(C4="TB",IMAGE("https://logodownload.org/wp-content/uploads/2020/09/tampa-bay-buccaneers-logo.png"),IF(C4="NO",IMAGE("https://1000logos.net/wp-content/uploads/2017/04/New-Orleans-Saints-Logo.png"),IF(C4="ATL",IMAGE("https://logodownload.org/wp-content/uploads/2020/07/atlanta-falcons-logo-0.png"),IF(C4="CAR",IMAGE("https://logos-download.com/wp-content/uploads/2018/02/Carolina_Panthers_logo_blue.png"),"")))))))))))))))))))))))))))))))) | E4: 17 | F4: 21 | G4: FALSE | H4: Week 3 | K4: 7 - 10 | M4: 13 - 4
A5: Sun 9/20 @ 12:00pm | B5: MIN @ CHI | C5: CHI | D5: =IF(C5="KC",IMAGE("https://logodownload.org/wp-content/uploads/2020/09/kansas-city-chiefs-logo.png"),IF(C5="LV",IMAGE("https://logodownload.org/wp-content/uploads/2020/09/las-vegas-raiders-logo-1-564x599.png"),IF(C5="DEN",IMAGE("https://logodownload.org/wp-content/uploads/2020/07/denver-broncos-logo-0.png"),IF(C5="LAC",IMAGE("https://logosmarcas.net/wp-content/uploads/2020/07/Los-Angeles-Chargers-logo.png"),IF(C5="BUF",IMAGE("https://logos-download.com/wp-content/uploads/2018/03/Buffalo_Bills_logo_blue.png"),IF(C5="MIA",IMAGE("https://logos-world.net/wp-content/uploads/2020/05/Miami-Dolphins-Logo.png"),IF(C5="NYJ",IMAGE("https://logos-world.net/wp-content/uploads/2020/07/New-York-Jets-Logo.png"),IF(C5="NE",IMAGE("https://purepng.com/public/uploads/large/new-england-patriots-logo-symbol-ucp.png"),IF(C5="BAL",IMAGE("https://1000logos.net/wp-content/uploads/2016/10/Baltimore-Ravens-Logo.png"),IF(C5="CLE",IMAGE("https://logos-world.net/wp-content/uploads/2020/05/Cleveland-Browns-Logo-2006-2014.png"),IF(C5="PIT",IMAGE("https://1000logos.net/wp-content/uploads/2017/06/Pittsburgh-Steelers-Logo.png"),IF(C5="CIN",IMAGE("https://logos-world.net/wp-content/uploads/2020/05/Cincinnati-Bengals-Logo.png"),IF(C5="HOU",IMAGE("https://cdn.wallpapersafari.com/15/25/Jnl2Yc.png"),IF(C5="JAX",IMAGE("https://1000logos.net/wp-content/uploads/2018/07/Jacksonville-Jaguars-Logo-1536x960.png"),IF(C5="IND",IMAGE("https://1000logos.net/wp-content/uploads/2016/12/Indianapolis-Colts-Logo-2048x1280.png"),IF(C5="TEN",IMAGE("https://img-s-msn-com.akamaized.net/tenant/amp/entityid/AA1YwbtK.img?w=720&h=720&m=6"),IF(C5="SF",IMAGE("https://logodownload.org/wp-content/uploads/2020/09/san-francisco-49ers-logo-2048x1220.png"),IF(C5="LAR",IMAGE("https://1000logos.net/wp-content/uploads/2018/07/Rams-Logo.png"),IF(C5="SEA",IMAGE("https://cdn.freebiesupply.com/images/large/2x/seattle-seahawks-logo-transparent.png"),IF(C5="AZ",IMAGE("https://logos-world.net/wp-content/uploads/2020/05/Arizona-Cardinals-Logo.png"),IF(C5="DAL",IMAGE("https://www.freepnglogos.com/uploads/dallas-cowboys-logo-22.png"),IF(C5="PHI",IMAGE("https://1000logos.net/wp-content/uploads/2017/05/Philadelphia-Eagles-Logo.png"),IF(C5="NYG",IMAGE("https://logosmarcas.net/wp-content/uploads/2020/07/New-York-Giants-Logo.png"),IF(C5="WSH",IMAGE("https://logodownload.org/wp-content/uploads/2020/09/washington-commanders-logo.png"),IF(C5="DET",IMAGE("https://logos-world.net/wp-content/uploads/2020/05/Detroit-Lions-Logo-2017-Present.png"),IF(C5="GB",IMAGE("https://logodownload.org/wp-content/uploads/2020/07/green-bay-packers-logo-1.png"),IF(C5="MIN",IMAGE("https://1000logos.net/wp-content/uploads/2017/06/Minnesota-Vikings-Logo-1965.png"),IF(C5="CHI",IMAGE("https://logos-world.net/wp-content/uploads/2020/05/Chicago-Bears-logo.png"),IF(C5="TB",IMAGE("https://logodownload.org/wp-content/uploads/2020/09/tampa-bay-buccaneers-logo.png"),IF(C5="NO",IMAGE("https://1000logos.net/wp-content/uploads/2017/04/New-Orleans-Saints-Logo.png"),IF(C5="ATL",IMAGE("https://logodownload.org/wp-content/uploads/2020/07/atlanta-falcons-logo-0.png"),IF(C5="CAR",IMAGE("https://logos-download.com/wp-content/uploads/2018/02/Carolina_Panthers_logo_blue.png"),"")))))))))))))))))))))))))))))))) | E5: 14 | F5: 17 | G5: FALSE | H5: Week 4 | K5: 12 - 5 | M5: 12 - 5
A6: Sun 9/20 @ 12:00pm | B6: PHI @ TEN | C6: PHI | D6: =IF(C6="KC",IMAGE("https://logodownload.org/wp-content/uploads/2020/09/kansas-city-chiefs-logo.png"),IF(C6="LV",IMAGE("https://logodownload.org/wp-content/uploads/2020/09/las-vegas-raiders-logo-1-564x599.png"),IF(C6="DEN",IMAGE("https://logodownload.org/wp-content/uploads/2020/07/denver-broncos-logo-0.png"),IF(C6="LAC",IMAGE("https://logosmarcas.net/wp-content/uploads/2020/07/Los-Angeles-Chargers-logo.png"),IF(C6="BUF",IMAGE("https://logos-download.com/wp-content/uploads/2018/03/Buffalo_Bills_logo_blue.png"),IF(C6="MIA",IMAGE("https://logos-world.net/wp-content/uploads/2020/05/Miami-Dolphins-Logo.png"),IF(C6="NYJ",IMAGE("https://logos-world.net/wp-content/uploads/2020/07/New-York-Jets-Logo.png"),IF(C6="NE",IMAGE("https://purepng.com/public/uploads/large/new-england-patriots-logo-symbol-ucp.png"),IF(C6="BAL",IMAGE("https://1000logos.net/wp-content/uploads/2016/10/Baltimore-Ravens-Logo.png"),IF(C6="CLE",IMAGE("https://logos-world.net/wp-content/uploads/2020/05/Cleveland-Browns-Logo-2006-2014.png"),IF(C6="PIT",IMAGE("https://1000logos.net/wp-content/uploads/2017/06/Pittsburgh-Steelers-Logo.png"),IF(C6="CIN",IMAGE("https://logos-world.net/wp-content/uploads/2020/05/Cincinnati-Bengals-Logo.png"),IF(C6="HOU",IMAGE("https://cdn.wallpapersafari.com/15/25/Jnl2Yc.png"),IF(C6="JAX",IMAGE("https://1000logos.net/wp-content/uploads/2018/07/Jacksonville-Jaguars-Logo-1536x960.png"),IF(C6="IND",IMAGE("https://1000logos.net/wp-content/uploads/2016/12/Indianapolis-Colts-Logo-2048x1280.png"),IF(C6="TEN",IMAGE("https://img-s-msn-com.akamaized.net/tenant/amp/entityid/AA1YwbtK.img?w=720&h=720&m=6"),IF(C6="SF",IMAGE("https://logodownload.org/wp-content/uploads/2020/09/san-francisco-49ers-logo-2048x1220.png"),IF(C6="LAR",IMAGE("https://1000logos.net/wp-content/uploads/2018/07/Rams-Logo.png"),IF(C6="SEA",IMAGE("https://cdn.freebiesupply.com/images/large/2x/seattle-seahawks-logo-transparent.png"),IF(C6="AZ",IMAGE("https://logos-world.net/wp-content/uploads/2020/05/Arizona-Cardinals-Logo.png"),IF(C6="DAL",IMAGE("https://www.freepnglogos.com/uploads/dallas-cowboys-logo-22.png"),IF(C6="PHI",IMAGE("https://1000logos.net/wp-content/uploads/2017/05/Philadelphia-Eagles-Logo.png"),IF(C6="NYG",IMAGE("https://logosmarcas.net/wp-content/uploads/2020/07/New-York-Giants-Logo.png"),IF(C6="WSH",IMAGE("https://logodownload.org/wp-content/uploads/2020/09/washington-commanders-logo.png"),IF(C6="DET",IMAGE("https://logos-world.net/wp-content/uploads/2020/05/Detroit-Lions-Logo-2017-Present.png"),IF(C6="GB",IMAGE("https://logodownload.org/wp-content/uploads/2020/07/green-bay-packers-logo-1.png"),IF(C6="MIN",IMAGE("https://1000logos.net/wp-content/uploads/2017/06/Minnesota-Vikings-Logo-1965.png"),IF(C6="CHI",IMAGE("https://logos-world.net/wp-content/uploads/2020/05/Chicago-Bears-logo.png"),IF(C6="TB",IMAGE("https://logodownload.org/wp-content/uploads/2020/09/tampa-bay-buccaneers-logo.png"),IF(C6="NO",IMAGE("https://1000logos.net/wp-content/uploads/2017/04/New-Orleans-Saints-Logo.png"),IF(C6="ATL",IMAGE("https://logodownload.org/wp-content/uploads/2020/07/atlanta-falcons-logo-0.png"),IF(C6="CAR",IMAGE("https://logos-download.com/wp-content/uploads/2018/02/Carolina_Panthers_logo_blue.png"),"")))))))))))))))))))))))))))))))) | E6: 21 | F6: 17 | G6: FALSE | H6: Week 5 | K6: 8 - 9 | M6: 5 - 12
A7: Sun 9/20 @ 12:00pm | B7: PIT @ NE | C7: PIT | D7: =IF(C7="KC",IMAGE("https://logodownload.org/wp-content/uploads/2020/09/kansas-city-chiefs-logo.png"),IF(C7="LV",IMAGE("https://logodownload.org/wp-content/uploads/2020/09/las-vegas-raiders-logo-1-564x599.png"),IF(C7="DEN",IMAGE("https://logodownload.org/wp-content/uploads/2020/07/denver-broncos-logo-0.png"),IF(C7="LAC",IMAGE("https://logosmarcas.net/wp-content/uploads/2020/07/Los-Angeles-Chargers-logo.png"),IF(C7="BUF",IMAGE("https://logos-download.com/wp-content/uploads/2018/03/Buffalo_Bills_logo_blue.png"),IF(C7="MIA",IMAGE("https://logos-world.net/wp-content/uploads/2020/05/Miami-Dolphins-Logo.png"),IF(C7="NYJ",IMAGE("https://logos-world.net/wp-content/uploads/2020/07/New-York-Jets-Logo.png"),IF(C7="NE",IMAGE("https://purepng.com/public/uploads/large/new-england-patriots-logo-symbol-ucp.png"),IF(C7="BAL",IMAGE("https://1000logos.net/wp-content/uploads/2016/10/Baltimore-Ravens-Logo.png"),IF(C7="CLE",IMAGE("https://logos-world.net/wp-content/uploads/2020/05/Cleveland-Browns-Logo-2006-2014.png"),IF(C7="PIT",IMAGE("https://1000logos.net/wp-content/uploads/2017/06/Pittsburgh-Steelers-Logo.png"),IF(C7="CIN",IMAGE("https://logos-world.net/wp-content/uploads/2020/05/Cincinnati-Bengals-Logo.png"),IF(C7="HOU",IMAGE("https://cdn.wallpapersafari.com/15/25/Jnl2Yc.png"),IF(C7="JAX",IMAGE("https://1000logos.net/wp-content/uploads/2018/07/Jacksonville-Jaguars-Logo-1536x960.png"),IF(C7="IND",IMAGE("https://1000logos.net/wp-content/uploads/2016/12/Indianapolis-Colts-Logo-2048x1280.png"),IF(C7="TEN",IMAGE("https://img-s-msn-com.akamaized.net/tenant/amp/entityid/AA1YwbtK.img?w=720&h=720&m=6"),IF(C7="SF",IMAGE("https://logodownload.org/wp-content/uploads/2020/09/san-francisco-49ers-logo-2048x1220.png"),IF(C7="LAR",IMAGE("https://1000logos.net/wp-content/uploads/2018/07/Rams-Logo.png"),IF(C7="SEA",IMAGE("https://cdn.freebiesupply.com/images/large/2x/seattle-seahawks-logo-transparent.png"),IF(C7="AZ",IMAGE("https://logos-world.net/wp-content/uploads/2020/05/Arizona-Cardinals-Logo.png"),IF(C7="DAL",IMAGE("https://www.freepnglogos.com/uploads/dallas-cowboys-logo-22.png"),IF(C7="PHI",IMAGE("https://1000logos.net/wp-content/uploads/2017/05/Philadelphia-Eagles-Logo.png"),IF(C7="NYG",IMAGE("https://logosmarcas.net/wp-content/uploads/2020/07/New-York-Giants-Logo.png"),IF(C7="WSH",IMAGE("https://logodownload.org/wp-content/uploads/2020/09/washington-commanders-logo.png"),IF(C7="DET",IMAGE("https://logos-world.net/wp-content/uploads/2020/05/Detroit-Lions-Logo-2017-Present.png"),IF(C7="GB",IMAGE("https://logodownload.org/wp-content/uploads/2020/07/green-bay-packers-logo-1.png"),IF(C7="MIN",IMAGE("https://1000logos.net/wp-content/uploads/2017/06/Minnesota-Vikings-Logo-1965.png"),IF(C7="CHI",IMAGE("https://logos-world.net/wp-content/uploads/2020/05/Chicago-Bears-logo.png"),IF(C7="TB",IMAGE("https://logodownload.org/wp-content/uploads/2020/09/tampa-bay-buccaneers-logo.png"),IF(C7="NO",IMAGE("https://1000logos.net/wp-content/uploads/2017/04/New-Orleans-Saints-Logo.png"),IF(C7="ATL",IMAGE("https://logodownload.org/wp-content/uploads/2020/07/atlanta-falcons-logo-0.png"),IF(C7="CAR",IMAGE("https://logos-download.com/wp-content/uploads/2018/02/Carolina_Panthers_logo_blue.png"),"")))))))))))))))))))))))))))))))) | E7: 23 | F7: 20 | G7: FALSE | H7: Week 6 | K7: 12 - 5 | M7: 11 - 6
A8: Sun 9/20 @ 12:00pm | B8: GB @ NYJ | C8: GB | D8: =IF(C8="KC",IMAGE("https://logodownload.org/wp-content/uploads/2020/09/kansas-city-chiefs-logo.png"),IF(C8="LV",IMAGE("https://logodownload.org/wp-content/uploads/2020/09/las-vegas-raiders-logo-1-564x599.png"),IF(C8="DEN",IMAGE("https://logodownload.org/wp-content/uploads/2020/07/denver-broncos-logo-0.png"),IF(C8="LAC",IMAGE("https://logosmarcas.net/wp-content/uploads/2020/07/Los-Angeles-Chargers-logo.png"),IF(C8="BUF",IMAGE("https://logos-download.com/wp-content/uploads/2018/03/Buffalo_Bills_logo_blue.png"),IF(C8="MIA",IMAGE("https://logos-world.net/wp-content/uploads/2020/05/Miami-Dolphins-Logo.png"),IF(C8="NYJ",IMAGE("https://logos-world.net/wp-content/uploads/2020/07/New-York-Jets-Logo.png"),IF(C8="NE",IMAGE("https://purepng.com/public/uploads/large/new-england-patriots-logo-symbol-ucp.png"),IF(C8="BAL",IMAGE("https://1000logos.net/wp-content/uploads/2016/10/Baltimore-Ravens-Logo.png"),IF(C8="CLE",IMAGE("https://logos-world.net/wp-content/uploads/2020/05/Cleveland-Browns-Logo-2006-2014.png"),IF(C8="PIT",IMAGE("https://1000logos.net/wp-content/uploads/2017/06/Pittsburgh-Steelers-Logo.png"),IF(C8="CIN",IMAGE("https://logos-world.net/wp-content/uploads/2020/05/Cincinnati-Bengals-Logo.png"),IF(C8="HOU",IMAGE("https://cdn.wallpapersafari.com/15/25/Jnl2Yc.png"),IF(C8="JAX",IMAGE("https://1000logos.net/wp-content/uploads/2018/07/Jacksonville-Jaguars-Logo-1536x960.png"),IF(C8="IND",IMAGE("https://1000logos.net/wp-content/uploads/2016/12/Indianapolis-Colts-Logo-2048x1280.png"),IF(C8="TEN",IMAGE("https://img-s-msn-com.akamaized.net/tenant/amp/entityid/AA1YwbtK.img?w=720&h=720&m=6"),IF(C8="SF",IMAGE("https://logodownload.org/wp-content/uploads/2020/09/san-francisco-49ers-logo-2048x1220.png"),IF(C8="LAR",IMAGE("https://1000logos.net/wp-content/uploads/2018/07/Rams-Logo.png"),IF(C8="SEA",IMAGE("https://cdn.freebiesupply.com/images/large/2x/seattle-seahawks-logo-transparent.png"),IF(C8="AZ",IMAGE("https://logos-world.net/wp-content/uploads/2020/05/Arizona-Cardinals-Logo.png"),IF(C8="DAL",IMAGE("https://www.freepnglogos.com/uploads/dallas-cowboys-logo-22.png"),IF(C8="PHI",IMAGE("https://1000logos.net/wp-content/uploads/2017/05/Philadelphia-Eagles-Logo.png"),IF(C8="NYG",IMAGE("https://logosmarcas.net/wp-content/uploads/2020/07/New-York-Giants-Logo.png"),IF(C8="WSH",IMAGE("https://logodownload.org/wp-content/uploads/2020/09/washington-commanders-logo.png"),IF(C8="DET",IMAGE("https://logos-world.net/wp-content/uploads/2020/05/Detroit-Lions-Logo-2017-Present.png"),IF(C8="GB",IMAGE("https://logodownload.org/wp-content/uploads/2020/07/green-bay-packers-logo-1.png"),IF(C8="MIN",IMAGE("https://1000logos.net/wp-content/uploads/2017/06/Minnesota-Vikings-Logo-1965.png"),IF(C8="CHI",IMAGE("https://logos-world.net/wp-content/uploads/2020/05/Chicago-Bears-logo.png"),IF(C8="TB",IMAGE("https://logodownload.org/wp-content/uploads/2020/09/tampa-bay-buccaneers-logo.png"),IF(C8="NO",IMAGE("https://1000logos.net/wp-content/uploads/2017/04/New-Orleans-Saints-Logo.png"),IF(C8="ATL",IMAGE("https://logodownload.org/wp-content/uploads/2020/07/atlanta-falcons-logo-0.png"),IF(C8="CAR",IMAGE("https://logos-download.com/wp-content/uploads/2018/02/Carolina_Panthers_logo_blue.png"),"")))))))))))))))))))))))))))))))) | E8: 21 | F8: 17 | G8: FALSE | H8: Week 7 | K8: 3 - 14 | M8: 13 - 4
A9: Sun 9/20 @ 12:00pm | B9: CLE @ TB | C9: TB | D9: =IF(C9="KC",IMAGE("https://logodownload.org/wp-content/uploads/2020/09/kansas-city-chiefs-logo.png"),IF(C9="LV",IMAGE("https://logodownload.org/wp-content/uploads/2020/09/las-vegas-raiders-logo-1-564x599.png"),IF(C9="DEN",IMAGE("https://logodownload.org/wp-content/uploads/2020/07/denver-broncos-logo-0.png"),IF(C9="LAC",IMAGE("https://logosmarcas.net/wp-content/uploads/2020/07/Los-Angeles-Chargers-logo.png"),IF(C9="BUF",IMAGE("https://logos-download.com/wp-content/uploads/2018/03/Buffalo_Bills_logo_blue.png"),IF(C9="MIA",IMAGE("https://logos-world.net/wp-content/uploads/2020/05/Miami-Dolphins-Logo.png"),IF(C9="NYJ",IMAGE("https://logos-world.net/wp-content/uploads/2020/07/New-York-Jets-Logo.png"),IF(C9="NE",IMAGE("https://purepng.com/public/uploads/large/new-england-patriots-logo-symbol-ucp.png"),IF(C9="BAL",IMAGE("https://1000logos.net/wp-content/uploads/2016/10/Baltimore-Ravens-Logo.png"),IF(C9="CLE",IMAGE("https://logos-world.net/wp-content/uploads/2020/05/Cleveland-Browns-Logo-2006-2014.png"),IF(C9="PIT",IMAGE("https://1000logos.net/wp-content/uploads/2017/06/Pittsburgh-Steelers-Logo.png"),IF(C9="CIN",IMAGE("https://logos-world.net/wp-content/uploads/2020/05/Cincinnati-Bengals-Logo.png"),IF(C9="HOU",IMAGE("https://cdn.wallpapersafari.com/15/25/Jnl2Yc.png"),IF(C9="JAX",IMAGE("https://1000logos.net/wp-content/uploads/2018/07/Jacksonville-Jaguars-Logo-1536x960.png"),IF(C9="IND",IMAGE("https://1000logos.net/wp-content/uploads/2016/12/Indianapolis-Colts-Logo-2048x1280.png"),IF(C9="TEN",IMAGE("https://img-s-msn-com.akamaized.net/tenant/amp/entityid/AA1YwbtK.img?w=720&h=720&m=6"),IF(C9="SF",IMAGE("https://logodownload.org/wp-content/uploads/2020/09/san-francisco-49ers-logo-2048x1220.png"),IF(C9="LAR",IMAGE("https://1000logos.net/wp-content/uploads/2018/07/Rams-Logo.png"),IF(C9="SEA",IMAGE("https://cdn.freebiesupply.com/images/large/2x/seattle-seahawks-logo-transparent.png"),IF(C9="AZ",IMAGE("https://logos-world.net/wp-content/uploads/2020/05/Arizona-Cardinals-Logo.png"),IF(C9="DAL",IMAGE("https://www.freepnglogos.com/uploads/dallas-cowboys-logo-22.png"),IF(C9="PHI",IMAGE("https://1000logos.net/wp-content/uploads/2017/05/Philadelphia-Eagles-Logo.png"),IF(C9="NYG",IMAGE("https://logosmarcas.net/wp-content/uploads/2020/07/New-York-Giants-Logo.png"),IF(C9="WSH",IMAGE("https://logodownload.org/wp-content/uploads/2020/09/washington-commanders-logo.png"),IF(C9="DET",IMAGE("https://logos-world.net/wp-content/uploads/2020/05/Detroit-Lions-Logo-2017-Present.png"),IF(C9="GB",IMAGE("https://logodownload.org/wp-content/uploads/2020/07/green-bay-packers-logo-1.png"),IF(C9="MIN",IMAGE("https://1000logos.net/wp-content/uploads/2017/06/Minnesota-Vikings-Logo-1965.png"),IF(C9="CHI",IMAGE("https://logos-world.net/wp-content/uploads/2020/05/Chicago-Bears-logo.png"),IF(C9="TB",IMAGE("https://logodownload.org/wp-content/uploads/2020/09/tampa-bay-buccaneers-logo.png"),IF(C9="NO",IMAGE("https://1000logos.net/wp-content/uploads/2017/04/New-Orleans-Saints-Logo.png"),IF(C9="ATL",IMAGE("https://logodownload.org/wp-content/uploads/2020/07/atlanta-falcons-logo-0.png"),IF(C9="CAR",IMAGE("https://logos-download.com/wp-content/uploads/2018/02/Carolina_Panthers_logo_blue.png"),"")))))))))))))))))))))))))))))))) | E9: 24 | F9: 27 | G9: FALSE | H9: Week 8 | K9: 4 - 13 | M9: 4 - 13
A10: Sun 9/20 @ 12:00pm | B10: NO @ BAL | C10: BAL | D10: =IF(C10="KC",IMAGE("https://logodownload.org/wp-content/uploads/2020/09/kansas-city-chiefs-logo.png"),IF(C10="LV",IMAGE("https://logodownload.org/wp-content/uploads/2020/09/las-vegas-raiders-logo-1-564x599.png"),IF(C10="DEN",IMAGE("https://logodownload.org/wp-content/uploads/2020/07/denver-broncos-logo-0.png"),IF(C10="LAC",IMAGE("https://logosmarcas.net/wp-content/uploads/2020/07/Los-Angeles-Chargers-logo.png"),IF(C10="BUF",IMAGE("https://logos-download.com/wp-content/uploads/2018/03/Buffalo_Bills_logo_blue.png"),IF(C10="MIA",IMAGE("https://logos-world.net/wp-content/uploads/2020/05/Miami-Dolphins-Logo.png"),IF(C10="NYJ",IMAGE("https://logos-world.net/wp-content/uploads/2020/07/New-York-Jets-Logo.png"),IF(C10="NE",IMAGE("https://purepng.com/public/uploads/large/new-england-patriots-logo-symbol-ucp.png"),IF(C10="BAL",IMAGE("https://1000logos.net/wp-content/uploads/2016/10/Baltimore-Ravens-Logo.png"),IF(C10="CLE",IMAGE("https://logos-world.net/wp-content/uploads/2020/05/Cleveland-Browns-Logo-2006-2014.png"),IF(C10="PIT",IMAGE("https://1000logos.net/wp-content/uploads/2017/06/Pittsburgh-Steelers-Logo.png"),IF(C10="CIN",IMAGE("https://logos-world.net/wp-content/uploads/2020/05/Cincinnati-Bengals-Logo.png"),IF(C10="HOU",IMAGE("https://cdn.wallpapersafari.com/15/25/Jnl2Yc.png"),IF(C10="JAX",IMAGE("https://1000logos.net/wp-content/uploads/2018/07/Jacksonville-Jaguars-Logo-1536x960.png"),IF(C10="IND",IMAGE("https://1000logos.net/wp-content/uploads/2016/12/Indianapolis-Colts-Logo-2048x1280.png"),IF(C10="TEN",IMAGE("https://img-s-msn-com.akamaized.net/tenant/amp/entityid/AA1YwbtK.img?w=720&h=720&m=6"),IF(C10="SF",IMAGE("https://logodownload.org/wp-content/uploads/2020/09/san-francisco-49ers-logo-2048x1220.png"),IF(C10="LAR",IMAGE("https://1000logos.net/wp-content/uploads/2018/07/Rams-Logo.png"),IF(C10="SEA",IMAGE("https://cdn.freebiesupply.com/images/large/2x/seattle-seahawks-logo-transparent.png"),IF(C10="AZ",IMAGE("https://logos-world.net/wp-content/uploads/2020/05/Arizona-Cardinals-Logo.png"),IF(C10="DAL",IMAGE("https://www.freepnglogos.com/uploads/dallas-cowboys-logo-22.png"),IF(C10="PHI",IMAGE("https://1000logos.net/wp-content/uploads/2017/05/Philadelphia-Eagles-Logo.png"),IF(C10="NYG",IMAGE("https://logosmarcas.net/wp-content/uploads/2020/07/New-York-Giants-Logo.png"),IF(C10="WSH",IMAGE("https://logodownload.org/wp-content/uploads/2020/09/washington-commanders-logo.png"),IF(C10="DET",IMAGE("https://logos-world.net/wp-content/uploads/2020/05/Detroit-Lions-Logo-2017-Present.png"),IF(C10="GB",IMAGE("https://logodownload.org/wp-content/uploads/2020/07/green-bay-packers-logo-1.png"),IF(C10="MIN",IMAGE("https://1000logos.net/wp-content/uploads/2017/06/Minnesota-Vikings-Logo-1965.png"),IF(C10="CHI",IMAGE("https://logos-world.net/wp-content/uploads/2020/05/Chicago-Bears-logo.png"),IF(C10="TB",IMAGE("https://logodownload.org/wp-content/uploads/2020/09/tampa-bay-buccaneers-logo.png"),IF(C10="NO",IMAGE("https://1000logos.net/wp-content/uploads/2017/04/New-Orleans-Saints-Logo.png"),IF(C10="ATL",IMAGE("https://logodownload.org/wp-content/uploads/2020/07/atlanta-falcons-logo-0.png"),IF(C10="CAR",IMAGE("https://logos-download.com/wp-content/uploads/2018/02/Carolina_Panthers_logo_blue.png"),"")))))))))))))))))))))))))))))))) | E10: 24 | F10: 27 | G10: FALSE | H10: Week 9 | K10: 13 - 4 | M10: 6 - 11
A11: Sun 9/20 @ 12:00pm | B11: CIN @ HOU | C11: HOU | D11: =IF(C11="KC",IMAGE("https://logodownload.org/wp-content/uploads/2020/09/kansas-city-chiefs-logo.png"),IF(C11="LV",IMAGE("https://logodownload.org/wp-content/uploads/2020/09/las-vegas-raiders-logo-1-564x599.png"),IF(C11="DEN",IMAGE("https://logodownload.org/wp-content/uploads/2020/07/denver-broncos-logo-0.png"),IF(C11="LAC",IMAGE("https://logosmarcas.net/wp-content/uploads/2020/07/Los-Angeles-Chargers-logo.png"),IF(C11="BUF",IMAGE("https://logos-download.com/wp-content/uploads/2018/03/Buffalo_Bills_logo_blue.png"),IF(C11="MIA",IMAGE("https://logos-world.net/wp-content/uploads/2020/05/Miami-Dolphins-Logo.png"),IF(C11="NYJ",IMAGE("https://logos-world.net/wp-content/uploads/2020/07/New-York-Jets-Logo.png"),IF(C11="NE",IMAGE("https://purepng.com/public/uploads/large/new-england-patriots-logo-symbol-ucp.png"),IF(C11="BAL",IMAGE("https://1000logos.net/wp-content/uploads/2016/10/Baltimore-Ravens-Logo.png"),IF(C11="CLE",IMAGE("https://logos-world.net/wp-content/uploads/2020/05/Cleveland-Browns-Logo-2006-2014.png"),IF(C11="PIT",IMAGE("https://1000logos.net/wp-content/uploads/2017/06/Pittsburgh-Steelers-Logo.png"),IF(C11="CIN",IMAGE("https://logos-world.net/wp-content/uploads/2020/05/Cincinnati-Bengals-Logo.png"),IF(C11="HOU",IMAGE("https://cdn.wallpapersafari.com/15/25/Jnl2Yc.png"),IF(C11="JAX",IMAGE("https://1000logos.net/wp-content/uploads/2018/07/Jacksonville-Jaguars-Logo-1536x960.png"),IF(C11="IND",IMAGE("https://1000logos.net/wp-content/uploads/2016/12/Indianapolis-Colts-Logo-2048x1280.png"),IF(C11="TEN",IMAGE("https://img-s-msn-com.akamaized.net/tenant/amp/entityid/AA1YwbtK.img?w=720&h=720&m=6"),IF(C11="SF",IMAGE("https://logodownload.org/wp-content/uploads/2020/09/san-francisco-49ers-logo-2048x1220.png"),IF(C11="LAR",IMAGE("https://1000logos.net/wp-content/uploads/2018/07/Rams-Logo.png"),IF(C11="SEA",IMAGE("https://cdn.freebiesupply.com/images/large/2x/seattle-seahawks-logo-transparent.png"),IF(C11="AZ",IMAGE("https://logos-world.net/wp-content/uploads/2020/05/Arizona-Cardinals-Logo.png"),IF(C11="DAL",IMAGE("https://www.freepnglogos.com/uploads/dallas-cowboys-logo-22.png"),IF(C11="PHI",IMAGE("https://1000logos.net/wp-content/uploads/2017/05/Philadelphia-Eagles-Logo.png"),IF(C11="NYG",IMAGE("https://logosmarcas.net/wp-content/uploads/2020/07/New-York-Giants-Logo.png"),IF(C11="WSH",IMAGE("https://logodownload.org/wp-content/uploads/2020/09/washington-commanders-logo.png"),IF(C11="DET",IMAGE("https://logos-world.net/wp-content/uploads/2020/05/Detroit-Lions-Logo-2017-Present.png"),IF(C11="GB",IMAGE("https://logodownload.org/wp-content/uploads/2020/07/green-bay-packers-logo-1.png"),IF(C11="MIN",IMAGE("https://1000logos.net/wp-content/uploads/2017/06/Minnesota-Vikings-Logo-1965.png"),IF(C11="CHI",IMAGE("https://logos-world.net/wp-content/uploads/2020/05/Chicago-Bears-logo.png"),IF(C11="TB",IMAGE("https://logodownload.org/wp-content/uploads/2020/09/tampa-bay-buccaneers-logo.png"),IF(C11="NO",IMAGE("https://1000logos.net/wp-content/uploads/2017/04/New-Orleans-Saints-Logo.png"),IF(C11="ATL",IMAGE("https://logodownload.org/wp-content/uploads/2020/07/atlanta-falcons-logo-0.png"),IF(C11="CAR",IMAGE("https://logos-download.com/wp-content/uploads/2018/02/Carolina_Panthers_logo_blue.png"),"")))))))))))))))))))))))))))))))) | E11: 14 | F11: 17 | G11: FALSE | H11: Week 10 | K11: 11 - 6 | M11: 11 - 6
A12: Sun 9/20 @ 3:05pm | B12: JAX @ DEN | C12: DEN | D12: =IF(C12="KC",IMAGE("https://logodownload.org/wp-content/uploads/2020/09/kansas-city-chiefs-logo.png"),IF(C12="LV",IMAGE("https://logodownload.org/wp-content/uploads/2020/09/las-vegas-raiders-logo-1-564x599.png"),IF(C12="DEN",IMAGE("https://logodownload.org/wp-content/uploads/2020/07/denver-broncos-logo-0.png"),IF(C12="LAC",IMAGE("https://logosmarcas.net/wp-content/uploads/2020/07/Los-Angeles-Chargers-logo.png"),IF(C12="BUF",IMAGE("https://logos-download.com/wp-content/uploads/2018/03/Buffalo_Bills_logo_blue.png"),IF(C12="MIA",IMAGE("https://logos-world.net/wp-content/uploads/2020/05/Miami-Dolphins-Logo.png"),IF(C12="NYJ",IMAGE("https://logos-world.net/wp-content/uploads/2020/07/New-York-Jets-Logo.png"),IF(C12="NE",IMAGE("https://purepng.com/public/uploads/large/new-england-patriots-logo-symbol-ucp.png"),IF(C12="BAL",IMAGE("https://1000logos.net/wp-content/uploads/2016/10/Baltimore-Ravens-Logo.png"),IF(C12="CLE",IMAGE("https://logos-world.net/wp-content/uploads/2020/05/Cleveland-Browns-Logo-2006-2014.png"),IF(C12="PIT",IMAGE("https://1000logos.net/wp-content/uploads/2017/06/Pittsburgh-Steelers-Logo.png"),IF(C12="CIN",IMAGE("https://logos-world.net/wp-content/uploads/2020/05/Cincinnati-Bengals-Logo.png"),IF(C12="HOU",IMAGE("https://cdn.wallpapersafari.com/15/25/Jnl2Yc.png"),IF(C12="JAX",IMAGE("https://1000logos.net/wp-content/uploads/2018/07/Jacksonville-Jaguars-Logo-1536x960.png"),IF(C12="IND",IMAGE("https://1000logos.net/wp-content/uploads/2016/12/Indianapolis-Colts-Logo-2048x1280.png"),IF(C12="TEN",IMAGE("https://img-s-msn-com.akamaized.net/tenant/amp/entityid/AA1YwbtK.img?w=720&h=720&m=6"),IF(C12="SF",IMAGE("https://logodownload.org/wp-content/uploads/2020/09/san-francisco-49ers-logo-2048x1220.png"),IF(C12="LAR",IMAGE("https://1000logos.net/wp-content/uploads/2018/07/Rams-Logo.png"),IF(C12="SEA",IMAGE("https://cdn.freebiesupply.com/images/large/2x/seattle-seahawks-logo-transparent.png"),IF(C12="AZ",IMAGE("https://logos-world.net/wp-content/uploads/2020/05/Arizona-Cardinals-Logo.png"),IF(C12="DAL",IMAGE("https://www.freepnglogos.com/uploads/dallas-cowboys-logo-22.png"),IF(C12="PHI",IMAGE("https://1000logos.net/wp-content/uploads/2017/05/Philadelphia-Eagles-Logo.png"),IF(C12="NYG",IMAGE("https://logosmarcas.net/wp-content/uploads/2020/07/New-York-Giants-Logo.png"),IF(C12="WSH",IMAGE("https://logodownload.org/wp-content/uploads/2020/09/washington-commanders-logo.png"),IF(C12="DET",IMAGE("https://logos-world.net/wp-content/uploads/2020/05/Detroit-Lions-Logo-2017-Present.png"),IF(C12="GB",IMAGE("https://logodownload.org/wp-content/uploads/2020/07/green-bay-packers-logo-1.png"),IF(C12="MIN",IMAGE("https://1000logos.net/wp-content/uploads/2017/06/Minnesota-Vikings-Logo-1965.png"),IF(C12="CHI",IMAGE("https://logos-world.net/wp-content/uploads/2020/05/Chicago-Bears-logo.png"),IF(C12="TB",IMAGE("https://logodownload.org/wp-content/uploads/2020/09/tampa-bay-buccaneers-logo.png"),IF(C12="NO",IMAGE("https://1000logos.net/wp-content/uploads/2017/04/New-Orleans-Saints-Logo.png"),IF(C12="ATL",IMAGE("https://logodownload.org/wp-content/uploads/2020/07/atlanta-falcons-logo-0.png"),IF(C12="CAR",IMAGE("https://logos-download.com/wp-content/uploads/2018/02/Carolina_Panthers_logo_blue.png"),"")))))))))))))))))))))))))))))))) | E12: 20 | F12: 23 | G12: FALSE | H12: Week 11 | K12: 4 - 13 | M12: 9 - 8
A13: Sun 9/20 @ 3:05pm | B13: LV @ LAC | C13: LAC | D13: =IF(C13="KC",IMAGE("https://logodownload.org/wp-content/uploads/2020/09/kansas-city-chiefs-logo.png"),IF(C13="LV",IMAGE("https://logodownload.org/wp-content/uploads/2020/09/las-vegas-raiders-logo-1-564x599.png"),IF(C13="DEN",IMAGE("https://logodownload.org/wp-content/uploads/2020/07/denver-broncos-logo-0.png"),IF(C13="LAC",IMAGE("https://logosmarcas.net/wp-content/uploads/2020/07/Los-Angeles-Chargers-logo.png"),IF(C13="BUF",IMAGE("https://logos-download.com/wp-content/uploads/2018/03/Buffalo_Bills_logo_blue.png"),IF(C13="MIA",IMAGE("https://logos-world.net/wp-content/uploads/2020/05/Miami-Dolphins-Logo.png"),IF(C13="NYJ",IMAGE("https://logos-world.net/wp-content/uploads/2020/07/New-York-Jets-Logo.png"),IF(C13="NE",IMAGE("https://purepng.com/public/uploads/large/new-england-patriots-logo-symbol-ucp.png"),IF(C13="BAL",IMAGE("https://1000logos.net/wp-content/uploads/2016/10/Baltimore-Ravens-Logo.png"),IF(C13="CLE",IMAGE("https://logos-world.net/wp-content/uploads/2020/05/Cleveland-Browns-Logo-2006-2014.png"),IF(C13="PIT",IMAGE("https://1000logos.net/wp-content/uploads/2017/06/Pittsburgh-Steelers-Logo.png"),IF(C13="CIN",IMAGE("https://logos-world.net/wp-content/uploads/2020/05/Cincinnati-Bengals-Logo.png"),IF(C13="HOU",IMAGE("https://cdn.wallpapersafari.com/15/25/Jnl2Yc.png"),IF(C13="JAX",IMAGE("https://1000logos.net/wp-content/uploads/2018/07/Jacksonville-Jaguars-Logo-1536x960.png"),IF(C13="IND",IMAGE("https://1000logos.net/wp-content/uploads/2016/12/Indianapolis-Colts-Logo-2048x1280.png"),IF(C13="TEN",IMAGE("https://img-s-msn-com.akamaized.net/tenant/amp/entityid/AA1YwbtK.img?w=720&h=720&m=6"),IF(C13="SF",IMAGE("https://logodownload.org/wp-content/uploads/2020/09/san-francisco-49ers-logo-2048x1220.png"),IF(C13="LAR",IMAGE("https://1000logos.net/wp-content/uploads/2018/07/Rams-Logo.png"),IF(C13="SEA",IMAGE("https://cdn.freebiesupply.com/images/large/2x/seattle-seahawks-logo-transparent.png"),IF(C13="AZ",IMAGE("https://logos-world.net/wp-content/uploads/2020/05/Arizona-Cardinals-Logo.png"),IF(C13="DAL",IMAGE("https://www.freepnglogos.com/uploads/dallas-cowboys-logo-22.png"),IF(C13="PHI",IMAGE("https://1000logos.net/wp-content/uploads/2017/05/Philadelphia-Eagles-Logo.png"),IF(C13="NYG",IMAGE("https://logosmarcas.net/wp-content/uploads/2020/07/New-York-Giants-Logo.png"),IF(C13="WSH",IMAGE("https://logodownload.org/wp-content/uploads/2020/09/washington-commanders-logo.png"),IF(C13="DET",IMAGE("https://logos-world.net/wp-content/uploads/2020/05/Detroit-Lions-Logo-2017-Present.png"),IF(C13="GB",IMAGE("https://logodownload.org/wp-content/uploads/2020/07/green-bay-packers-logo-1.png"),IF(C13="MIN",IMAGE("https://1000logos.net/wp-content/uploads/2017/06/Minnesota-Vikings-Logo-1965.png"),IF(C13="CHI",IMAGE("https://logos-world.net/wp-content/uploads/2020/05/Chicago-Bears-logo.png"),IF(C13="TB",IMAGE("https://logodownload.org/wp-content/uploads/2020/09/tampa-bay-buccaneers-logo.png"),IF(C13="NO",IMAGE("https://1000logos.net/wp-content/uploads/2017/04/New-Orleans-Saints-Logo.png"),IF(C13="ATL",IMAGE("https://logodownload.org/wp-content/uploads/2020/07/atlanta-falcons-logo-0.png"),IF(C13="CAR",IMAGE("https://logos-download.com/wp-content/uploads/2018/02/Carolina_Panthers_logo_blue.png"),"")))))))))))))))))))))))))))))))) | E13: 21 | F13: 24 | G13: FALSE | H13: Week 12 | K13: 7 - 10 | M13: 8 - 9
A14: Sun 9/20 @ 3:25pm | B14: WSH @ DAL | C14: DAL | D14: =IF(C14="KC",IMAGE("https://logodownload.org/wp-content/uploads/2020/09/kansas-city-chiefs-logo.png"),IF(C14="LV",IMAGE("https://logodownload.org/wp-content/uploads/2020/09/las-vegas-raiders-logo-1-564x599.png"),IF(C14="DEN",IMAGE("https://logodownload.org/wp-content/uploads/2020/07/denver-broncos-logo-0.png"),IF(C14="LAC",IMAGE("https://logosmarcas.net/wp-content/uploads/2020/07/Los-Angeles-Chargers-logo.png"),IF(C14="BUF",IMAGE("https://logos-download.com/wp-content/uploads/2018/03/Buffalo_Bills_logo_blue.png"),IF(C14="MIA",IMAGE("https://logos-world.net/wp-content/uploads/2020/05/Miami-Dolphins-Logo.png"),IF(C14="NYJ",IMAGE("https://logos-world.net/wp-content/uploads/2020/07/New-York-Jets-Logo.png"),IF(C14="NE",IMAGE("https://purepng.com/public/uploads/large/new-england-patriots-logo-symbol-ucp.png"),IF(C14="BAL",IMAGE("https://1000logos.net/wp-content/uploads/2016/10/Baltimore-Ravens-Logo.png"),IF(C14="CLE",IMAGE("https://logos-world.net/wp-content/uploads/2020/05/Cleveland-Browns-Logo-2006-2014.png"),IF(C14="PIT",IMAGE("https://1000logos.net/wp-content/uploads/2017/06/Pittsburgh-Steelers-Logo.png"),IF(C14="CIN",IMAGE("https://logos-world.net/wp-content/uploads/2020/05/Cincinnati-Bengals-Logo.png"),IF(C14="HOU",IMAGE("https://cdn.wallpapersafari.com/15/25/Jnl2Yc.png"),IF(C14="JAX",IMAGE("https://1000logos.net/wp-content/uploads/2018/07/Jacksonville-Jaguars-Logo-1536x960.png"),IF(C14="IND",IMAGE("https://1000logos.net/wp-content/uploads/2016/12/Indianapolis-Colts-Logo-2048x1280.png"),IF(C14="TEN",IMAGE("https://img-s-msn-com.akamaized.net/tenant/amp/entityid/AA1YwbtK.img?w=720&h=720&m=6"),IF(C14="SF",IMAGE("https://logodownload.org/wp-content/uploads/2020/09/san-francisco-49ers-logo-2048x1220.png"),IF(C14="LAR",IMAGE("https://1000logos.net/wp-content/uploads/2018/07/Rams-Logo.png"),IF(C14="SEA",IMAGE("https://cdn.freebiesupply.com/images/large/2x/seattle-seahawks-logo-transparent.png"),IF(C14="AZ",IMAGE("https://logos-world.net/wp-content/uploads/2020/05/Arizona-Cardinals-Logo.png"),IF(C14="DAL",IMAGE("https://www.freepnglogos.com/uploads/dallas-cowboys-logo-22.png"),IF(C14="PHI",IMAGE("https://1000logos.net/wp-content/uploads/2017/05/Philadelphia-Eagles-Logo.png"),IF(C14="NYG",IMAGE("https://logosmarcas.net/wp-content/uploads/2020/07/New-York-Giants-Logo.png"),IF(C14="WSH",IMAGE("https://logodownload.org/wp-content/uploads/2020/09/washington-commanders-logo.png"),IF(C14="DET",IMAGE("https://logos-world.net/wp-content/uploads/2020/05/Detroit-Lions-Logo-2017-Present.png"),IF(C14="GB",IMAGE("https://logodownload.org/wp-content/uploads/2020/07/green-bay-packers-logo-1.png"),IF(C14="MIN",IMAGE("https://1000logos.net/wp-content/uploads/2017/06/Minnesota-Vikings-Logo-1965.png"),IF(C14="CHI",IMAGE("https://logos-world.net/wp-content/uploads/2020/05/Chicago-Bears-logo.png"),IF(C14="TB",IMAGE("https://logodownload.org/wp-content/uploads/2020/09/tampa-bay-buccaneers-logo.png"),IF(C14="NO",IMAGE("https://1000logos.net/wp-content/uploads/2017/04/New-Orleans-Saints-Logo.png"),IF(C14="ATL",IMAGE("https://logodownload.org/wp-content/uploads/2020/07/atlanta-falcons-logo-0.png"),IF(C14="CAR",IMAGE("https://logos-download.com/wp-content/uploads/2018/02/Carolina_Panthers_logo_blue.png"),"")))))))))))))))))))))))))))))))) | E14: 14 | F14: 17 | G14: FALSE | H14: Week 13 | K14: 10 - 7 | M14: 10 - 7
A15: Sun 9/20 @ 3:25pm | B15: SEA @ AZ | C15: SEA | D15: =IF(C15="KC",IMAGE("https://logodownload.org/wp-content/uploads/2020/09/kansas-city-chiefs-logo.png"),IF(C15="LV",IMAGE("https://logodownload.org/wp-content/uploads/2020/09/las-vegas-raiders-logo-1-564x599.png"),IF(C15="DEN",IMAGE("https://logodownload.org/wp-content/uploads/2020/07/denver-broncos-logo-0.png"),IF(C15="LAC",IMAGE("https://logosmarcas.net/wp-content/uploads/2020/07/Los-Angeles-Chargers-logo.png"),IF(C15="BUF",IMAGE("https://logos-download.com/wp-content/uploads/2018/03/Buffalo_Bills_logo_blue.png"),IF(C15="MIA",IMAGE("https://logos-world.net/wp-content/uploads/2020/05/Miami-Dolphins-Logo.png"),IF(C15="NYJ",IMAGE("https://logos-world.net/wp-content/uploads/2020/07/New-York-Jets-Logo.png"),IF(C15="NE",IMAGE("https://purepng.com/public/uploads/large/new-england-patriots-logo-symbol-ucp.png"),IF(C15="BAL",IMAGE("https://1000logos.net/wp-content/uploads/2016/10/Baltimore-Ravens-Logo.png"),IF(C15="CLE",IMAGE("https://logos-world.net/wp-content/uploads/2020/05/Cleveland-Browns-Logo-2006-2014.png"),IF(C15="PIT",IMAGE("https://1000logos.net/wp-content/uploads/2017/06/Pittsburgh-Steelers-Logo.png"),IF(C15="CIN",IMAGE("https://logos-world.net/wp-content/uploads/2020/05/Cincinnati-Bengals-Logo.png"),IF(C15="HOU",IMAGE("https://cdn.wallpapersafari.com/15/25/Jnl2Yc.png"),IF(C15="JAX",IMAGE("https://1000logos.net/wp-content/uploads/2018/07/Jacksonville-Jaguars-Logo-1536x960.png"),IF(C15="IND",IMAGE("https://1000logos.net/wp-content/uploads/2016/12/Indianapolis-Colts-Logo-2048x1280.png"),IF(C15="TEN",IMAGE("https://img-s-msn-com.akamaized.net/tenant/amp/entityid/AA1YwbtK.img?w=720&h=720&m=6"),IF(C15="SF",IMAGE("https://logodownload.org/wp-content/uploads/2020/09/san-francisco-49ers-logo-2048x1220.png"),IF(C15="LAR",IMAGE("https://1000logos.net/wp-content/uploads/2018/07/Rams-Logo.png"),IF(C15="SEA",IMAGE("https://cdn.freebiesupply.com/images/large/2x/seattle-seahawks-logo-transparent.png"),IF(C15="AZ",IMAGE("https://logos-world.net/wp-content/uploads/2020/05/Arizona-Cardinals-Logo.png"),IF(C15="DAL",IMAGE("https://www.freepnglogos.com/uploads/dallas-cowboys-logo-22.png"),IF(C15="PHI",IMAGE("https://1000logos.net/wp-content/uploads/2017/05/Philadelphia-Eagles-Logo.png"),IF(C15="NYG",IMAGE("https://logosmarcas.net/wp-content/uploads/2020/07/New-York-Giants-Logo.png"),IF(C15="WSH",IMAGE("https://logodownload.org/wp-content/uploads/2020/09/washington-commanders-logo.png"),IF(C15="DET",IMAGE("https://logos-world.net/wp-content/uploads/2020/05/Detroit-Lions-Logo-2017-Present.png"),IF(C15="GB",IMAGE("https://logodownload.org/wp-content/uploads/2020/07/green-bay-packers-logo-1.png"),IF(C15="MIN",IMAGE("https://1000logos.net/wp-content/uploads/2017/06/Minnesota-Vikings-Logo-1965.png"),IF(C15="CHI",IMAGE("https://logos-world.net/wp-content/uploads/2020/05/Chicago-Bears-logo.png"),IF(C15="TB",IMAGE("https://logodownload.org/wp-content/uploads/2020/09/tampa-bay-buccaneers-logo.png"),IF(C15="NO",IMAGE("https://1000logos.net/wp-content/uploads/2017/04/New-Orleans-Saints-Logo.png"),IF(C15="ATL",IMAGE("https://logodownload.org/wp-content/uploads/2020/07/atlanta-falcons-logo-0.png"),IF(C15="CAR",IMAGE("https://logos-download.com/wp-content/uploads/2018/02/Carolina_Panthers_logo_blue.png"),"")))))))))))))))))))))))))))))))) | E15: 21 | F15: 17 | G15: FALSE | H15: Week 14 | K15: 10 - 7 | M15: 8 - 9
... A18: Mon 9/21 @ 7:15pm (MNF) | B18: NYG @ LAR | C18: LAR | D18: =IF(C18="KC",IMAGE("https://logodownload.org/wp-content/uploads/2020/09/kansas-city-chiefs-logo.png"),IF(C18="LV",IMAGE("https://logodownload.org/wp-content/uploads/2020/09/las-vegas-raiders-logo-1-564x599.png"),IF(C18="DEN",IMAGE("https://logodownload.org/wp-content/uploads/2020/07/denver-broncos-logo-0.png"),IF(C18="LAC",IMAGE("https://logosmarcas.net/wp-content/uploads/2020/07/Los-Angeles-Chargers-logo.png"),IF(C18="BUF",IMAGE("https://logos-download.com/wp-content/uploads/2018/03/Buffalo_Bills_logo_blue.png"),IF(C18="MIA",IMAGE("https://logos-world.net/wp-content/uploads/2020/05/Miami-Dolphins-Logo.png"),IF(C18="NYJ",IMAGE("https://logos-world.net/wp-content/uploads/2020/07/New-York-Jets-Logo.png"),IF(C18="NE",IMAGE("https://purepng.com/public/uploads/large/new-england-patriots-logo-symbol-ucp.png"),IF(C18="BAL",IMAGE("https://1000logos.net/wp-content/uploads/2016/10/Baltimore-Ravens-Logo.png"),IF(C18="CLE",IMAGE("https://logos-world.net/wp-content/uploads/2020/05/Cleveland-Browns-Logo-2006-2014.png"),IF(C18="PIT",IMAGE("https://1000logos.net/wp-content/uploads/2017/06/Pittsburgh-Steelers-Logo.png"),IF(C18="CIN",IMAGE("https://logos-world.net/wp-content/uploads/2020/05/Cincinnati-Bengals-Logo.png"),IF(C18="HOU",IMAGE("https://cdn.wallpapersafari.com/15/25/Jnl2Yc.png"),IF(C18="JAX",IMAGE("https://1000logos.net/wp-content/uploads/2018/07/Jacksonville-Jaguars-Logo-1536x960.png"),IF(C18="IND",IMAGE("https://1000logos.net/wp-content/uploads/2016/12/Indianapolis-Colts-Logo-2048x1280.png"),IF(C18="TEN",IMAGE("https://img-s-msn-com.akamaized.net/tenant/amp/entityid/AA1YwbtK.img?w=720&h=720&m=6"),IF(C18="SF",IMAGE("https://logodownload.org/wp-content/uploads/2020/09/san-francisco-49ers-logo-2048x1220.png"),IF(C18="LAR",IMAGE("https://1000logos.net/wp-content/uploads/2018/07/Rams-Logo.png"),IF(C18="SEA",IMAGE("https://cdn.freebiesupply.com/images/large/2x/seattle-seahawks-logo-transparent.png"),IF(C18="AZ",IMAGE("https://logos-world.net/wp-content/uploads/2020/05/Arizona-Cardinals-Logo.png"),IF(C18="DAL",IMAGE("https://www.freepnglogos.com/uploads/dallas-cowboys-logo-22.png"),IF(C18="PHI",IMAGE("https://1000logos.net/wp-content/uploads/2017/05/Philadelphia-Eagles-Logo.png"),IF(C18="NYG",IMAGE("https://logosmarcas.net/wp-content/uploads/2020/07/New-York-Giants-Logo.png"),IF(C18="WSH",IMAGE("https://logodownload.org/wp-content/uploads/2020/09/washington-commanders-logo.png"),IF(C18="DET",IMAGE("https://logos-world.net/wp-content/uploads/2020/05/Detroit-Lions-Logo-2017-Present.png"),IF(C18="GB",IMAGE("https://logodownload.org/wp-content/uploads/2020/07/green-bay-packers-logo-1.png"),IF(C18="MIN",IMAGE("https://1000logos.net/wp-content/uploads/2017/06/Minnesota-Vikings-Logo-1965.png"),IF(C18="CHI",IMAGE("https://logos-world.net/wp-content/uploads/2020/05/Chicago-Bears-logo.png"),IF(C18="TB",IMAGE("https://logodownload.org/wp-content/uploads/2020/09/tampa-bay-buccaneers-logo.png"),IF(C18="NO",IMAGE("https://1000logos.net/wp-content/uploads/2017/04/New-Orleans-Saints-Logo.png"),IF(C18="ATL",IMAGE("https://logodownload.org/wp-content/uploads/2020/07/atlanta-falcons-logo-0.png"),IF(C18="CAR",IMAGE("https://logos-download.com/wp-content/uploads/2018/02/Carolina_Panthers_logo_blue.png"),"")))))))))))))))))))))))))))))))) | E18: 21 | F18: 24 | G18: TRUE | H18: Week 17 | K18: 3 - 14 | M18: 4 - 13
H19: Week 18

Sheet Week 3
A1: 🔗 Quick Links: 📜 Rules | B1: 🏆 Standings | C1: 🏈 Playoffs | E1: 📊 More Stats | F1: ="Picks: "&COUNTA(C3:C31)&" / "&COUNTA(B3:B31) -> Picks: 16 / 16 | G1: ➡️ | H1: Randomizer | I1: ⬅️
A2: Date & Time (CT) | B2: Week 3 Matchup | C2: Winning Team | E2: Away Score | F2: Home Score | G2: 3x Multiplier | H2: Quick Links | J2: AFC Team | K2: AFC Record | L2: NFC Team | M2: NFC Record
